업종코드,업종명,기준분기,매출금액,매출건수,남성매출,여성매출,연령10,연령20,연령30,연령40,연령50,연령60이상,주중매출,주말매출
CS200019,PC방,20211,108782573566,22869891,91359689873,17400305154,7898955898,65115012958,21970179838,6529926766,5710623876,1535295690,70255896735,38526676831
CS200019,PC방,20212,122023897430,25360415,101909619069,20083853951,9274862650,73093528549,24465526670,7012914742,6365448204,1781192205,78448550473,43575346957
CS200019,PC방,20213,101449097187,21658105,85636547163,15743249597,10034842390,57885153404,20282794709,6380979050,5350742807,1445284404,65550029598,35899067589
CS200019,PC방,20214,102544792180,21711562,86044497311,16402137213,11012073979,55859086875,21082118424,7584621259,5499191855,1409542133,66640350899,35904441281
CS200019,PC방,20221,87548644726,18628567,72718322222,14807599980,6635564238,46488778032,21380629360,6144904605,5533888944,1342157020,56185106774,31363537952
CS200019,PC방,20222,107516446001,22268079,88699320599,18770037676,8456816665,56959948652,26559165843,7398243335,6378194222,1716989556,69209142150,38307303851
CS200019,PC방,20223,119372896087,24220832,97307841479,21964124483,10810811378,62800545293,27818612433,8818371924,7139994597,1883630335,76940762764,42432133323
CS200019,PC방,20224,113092943936,22565251,91677233684,21364529775,11540965812,56497953016,25888240282,9675634767,7874295152,1564674431,71146522681,41946421255
CS200019,PC방,20231,115275253599,22073796,93432935837,21758656989,7487714179,56804274930,31253120512,9125292247,8433834036,2087356921,74883995586,40391258013
CS200019,PC방,20232,110992409556,21157542,89576946250,21335254034,8016565639,52476245167,30814635318,9287745145,8252021322,2064987692,70687344133,40305065423
CS200019,PC방,20233,121732452811,22836973,97582552790,24110206254,9876245416,56506478097,32407658848,11232635527,9486155349,2183585805,76753425941,44979026870
CS200019,PC방,20234,108648003828,20177925,86697838574,21862552506,9765220690,49371570175,28332720925,10506645040,8565328820,2018905431,68904927523,39743076305
CS200019,PC방,20241,103060741967,18814535,82360882606,20657177307,5782857508,44081879522,31998305472,10178194441,8694627972,2282195001,66742877178,36317864789
CS200019,PC방,20242,92182232901,16965801,74288396305,17866801757,5504008401,39550568931,28673456274,8901681867,7655806531,1869676057,59430833319,32751399582
CS200019,PC방,20243,99325859828,18177387,78654570121,20609180578,6879533351,42472119449,29166853329,10369979781,8153147344,2222117450,64529829906,34796029922
CS200019,PC방,20244,88139728231,16055918,69141839579,18864126001,6928704510,36139533483,25391139091,9719888246,7802340057,2024360195,57746633406,30393094825
CS200019,PC방,20251,86168605072,15313553,68027032387,18065700691,4170716875,33868694357,28408030616,9485148604,7997309892,2162832739,55252229362,30916375710
CS200019,PC방,20252,76718214111,13536057,60749721145,15884639120,3923712168,30979595700,24560183980,8190985189,7010287161,1969596060,49358842573,27359371538
CS200019,PC방,20253,97423312364,17682454,75369939530,22025191562,5865659295,39343647019,30391815773,10547370649,8862565144,2384073211,62803069894,34620242470
CS200019,PC방,20254,88811120060,16073501,68191553988,20533861388,5768488446,33857156003,27037801243,10511518536,9348375989,2202075157,57661756310,31149363750
CS200019,PC방,20261,85693563780,15007757,66188648003,19410179598,3237537799,30592737219,28211040741,11251638047,9285348921,3020524872,54682659692,31010904088
CS300031,가구,20211,225279737071,694497,105046133258,104353098667,7213032,8953081822,36241826654,56296237102,55390725358,52509114023,142226968553,83052768518
CS300031,가구,20212,216599991982,713741,94814098664,105354648823,13891702,8165460541,31339776162,49172891189,60728980301,50746914298,135781908662,80818083320
CS300031,가구,20213,220752912019,715702,94013513992,109023700493,46917563,8578576239,31037120165,44656139432,61815653755,56902807319,147404078315,73348833704
CS300031,가구,20214,216759476198,672224,97020794119,101579087250,79593010,9605369551,32279223348,42772757028,63188234745,50674703679,145646731716,71112744482
CS300031,가구,20221,163508848507,478646,69551080933,78384984066,5307788,7598164587,21990299701,33046466377,41816065710,43479760832,111027605489,52481243018
CS300031,가구,20222,186403086908,546855,87198405130,82612935218,25959066,6332711721,26636185396,33783367423,44741112586,58286681331,131265249703,55137837205
CS300031,가구,20223,149168549169,486689,56036294354,74570982541,2895303,5705542466,18788543121,26371871978,39144914747,40597392517,105838125178,43330423991
CS300031,가구,20224,169068879562,492735,66798786629,87900270532,10369533,6310833402,21568940484,37338990136,52214331757,37255855585,118398156213,50670723349
CS300031,가구,20231,138384837595,435620,58271126956,67918647855,3346244,3346326228,22248607258,27856250345,36420287040,36316409221,97140409105,41244428490
CS300031,가구,20232,171365313385,436166,68611568179,89485868953,76299,5393566860,29730711164,39389759137,39468629767,44114693904,124546784508,46818528877
CS300031,가구,20233,165453393612,471398,72991735001,75813979648,27785006,5562435296,24693433018,24924493554,44958406509,48639161262,111081524213,54371869399
CS300031,가구,20234,157353228530,432781,63578099325,74572715181,64490582,4326189342,23984809600,35401160777,34550845404,39822382565,104729261750,52623966780
CS300031,가구,20241,155138418445,389491,72546056783,71899306436,12786752,3900481843,25694953659,34084366374,40081002433,40671772165,101626003346,53512415099
CS300031,가구,20242,155805153225,428284,67986282420,73547292224,13483024,5865590717,33038744582,27429975681,38421717602,36753943959,103529675359,52275477866
CS300031,가구,20243,131436644193,387752,55979826669,66114246486,8856770,3378624942,25077118319,26691489138,30281711189,36656272783,84624136585,46812507608
CS300031,가구,20244,142137144843,437477,62861035238,65852566878,125918592,3914571320,21880249586,29721585249,35401520288,37669757087,97192871492,44944273351
CS300031,가구,20251,133166776728,401158,60297585278,62494049158,29329507,4526283543,22032512632,28422726081,28265510606,39524332948,79700571770,53466204958
CS300031,가구,20252,128245435509,368683,57914089593,60600873421,4263570,4616786982,18994743705,25813618135,32116208185,36964718572,85459945143,42785490366
CS300031,가구,20253,153885694703,303758,68446332334,74081422236,34263413,6176235847,25626495869,32138769050,33689654523,44862379939,92888077089,60997617614
CS300031,가구,20254,143194533275,275565,60743144863,72546822105,12821768,5072168095,24730170158,26687423897,33073797560,43740266127,95453104352,47741428923
CS300031,가구,20261,135939167639,290978,63133000513,65696368133,1553826,2298635683,20381766355,24264182053,35431782282,46450682061,84206245419,51732922220
CS300015,가방,20211,44558595488,1339489,13803271437,29822934659,361327549,11595477505,9822109136,7557536002,7667925708,6621830190,29259862549,15298732939
CS300015,가방,20212,48098203418,1480699,14169520663,32647490827,332699269,10463035234,11441888513,8338071852,8817041140,7424275482,31737085604,16361117814
CS300015,가방,20213,40455279287,1112673,11282261386,26438733762,296594147,8668671115,7421929974,7077897026,7514864070,6741038818,25747291295,14707987992
CS300015,가방,20214,49045742837,845984,15535876878,28890078114,280298957,7405294861,9756313179,8447392060,10068060543,8468595393,33611671196,15434071641
CS300015,가방,20221,31970630537,727009,11706552997,19243941031,186515106,6052197886,7153651404,5356690116,6889744808,5311625043,20852429733,11118200804
CS300015,가방,20222,47832296344,1167811,15027279731,31128902520,315878728,8156308397,10290289572,9013776920,9636309381,8743619249,31369739150,16462557194
CS300015,가방,20223,42986079184,1142894,13878023114,27773260156,381304496,7765367458,9474570053,8876906157,7613785111,7539350002,29136516448,13849562736
CS300015,가방,20224,49221394259,1386362,15269668254,32244284017,607018521,9896114846,11357682198,8041717426,9500440292,8110978981,31284809389,17936584870
CS300015,가방,20231,48947304238,1670145,16819908322,30900767797,462165957,9876775915,12118255994,9760571247,8878462256,6624444749,31718726759,17228577479
CS300015,가방,20232,49397749250,1682698,15644108588,32535347884,324897197,10231412129,11304629195,9345844146,8022765782,8950010723,30492493241,18905256009
CS300015,가방,20233,47009624584,1727343,15421055340,30097057346,324352015,10077385711,10764744938,9029259980,7931178549,7391191493,29940242874,17069381710
CS300015,가방,20234,48692765238,1637725,16455392085,31282614865,449268917,9115097560,11344870963,9122112046,8690379948,9015009994,31042634787,17650130451
CS300015,가방,20241,47671272020,1517743,17016058918,29033656829,273755900,8416783149,11100010451,7633978087,9037827966,9585999673,29647093790,18024178230
CS300015,가방,20242,57760376652,1563561,20373468384,35886368204,244729509,7615800370,14671475762,10210772078,11202106366,12314952493,38552974084,19207402568
CS300015,가방,20243,52018847138,1465279,18551205962,32302256698,179446833,7263605169,11470505867,11162555784,9654618703,11122730307,33031639079,18987208059
CS300015,가방,20244,51662846609,1438168,18286168165,31249730702,320372694,6940738813,12294208938,11468514195,8358278456,10153785771,35396899193,16265947416
CS300015,가방,20251,45011045229,1298640,14112814517,29815291589,202045942,5511592610,11608693224,9846866114,8688705816,8070202397,28860263273,16150781956
CS300015,가방,20252,54418159715,1444975,19440361126,33488259614,279846012,5782991114,13115523639,11262315957,10918318268,11569625751,38002144881,16416014834
CS300015,가방,20253,53025967931,1504260,16805148265,34264510618,289939078,6460065751,11900413402,11698847784,10321332098,10399060767,35408971773,17616996158
CS300015,가방,20254,55797865361,1582759,19772923407,34779435477,258464491,7282971918,14984123277,10433266450,9999261679,11594271072,38166477183,17631388178
CS300015,가방,20261,50462050745,1518028,18016632888,31321133421,139019545,6217677897,11089063067,11693993716,10035887883,10163527613,30737707750,19724342995
CS300032,가전제품,20211,296774672717,816180,157410861076,130909412872,380517425,17946702650,53934390221,77781018379,78195716147,60081929110,169492087842,127282584875
CS300032,가전제품,20212,293678542335,755282,150913117342,133683150420,222907786,15783516933,54258337863,73461520585,76642951363,64227033227,169975588762,123702953573
CS300032,가전제품,20213,309986639920,826011,159849555808,140240849594,307032400,17416890964,59791672539,71589500138,80165884939,70819078327,195200185326,114786454594
CS300032,가전제품,20214,286913823874,797758,147700666650,125602943579,253806245,16299343032,49924950993,69431175361,72417555569,64976779038,178098177230,108815646644
CS300032,가전제품,20221,259605426815,698125,138427970775,114981905462,234228830,11711342142,51159434715,67783529502,66359639711,56161701344,159622929009,99982497806
CS300032,가전제품,20222,275863558249,657401,144014265631,121252941746,241189703,12526559071,53629273171,66874410014,67291931518,64703843901,171605650675,104257907574
CS300032,가전제품,20223,268474794184,702227,136220906661,120848439143,108463919,13146427765,48996780100,61400003069,67340372705,66080148067,174394774607,94080019577
CS300032,가전제품,20224,276993982668,738078,143636809363,120212105257,121887663,12801534876,47955668038,60789480508,71174299144,71035611527,170896225660,106097757008
CS300032,가전제품,20231,255489539977,701845,138133181796,109273067507,105115879,11645655543,51882133732,62100130153,62267981730,59405232277,158870706410,96618833567
CS300032,가전제품,20232,279032875291,631551,144965842781,128458854975,84267126,14543832491,55670666249,70296686191,64135695985,68693549709,177903510627,101129364664
CS300032,가전제품,20233,283351739764,659589,153194441759,124109223168,110315618,14063949482,53260567609,61963065712,70883132529,77022633975,179350673900,104001065864
CS300032,가전제품,20234,271686440585,665852,147053881770,117854725576,216610380,14683449669,59044114330,60089565080,63024389070,67850478802,167131305350,104555135235
CS300032,가전제품,20241,274540768183,566031,156856672592,113491799125,106311329,12392979163,82757928806,67796660310,54606515489,52686619835,182795791031,91744977152
CS300032,가전제품,20242,257480308697,621866,132312434477,120622372913,50923009,11250761458,51881587031,61496396043,63405153244,64849986600,167304662946,90175645751
CS300032,가전제품,20243,280247167268,668579,148011137796,127285126852,66395755,10262279430,54224325985,56878735919,73582923711,80281603831,180978786378,99268380890
CS300032,가전제품,20244,258059835364,682823,137902216353,109408486737,273268174,12714601928,59118647699,50274659051,58447115770,66483066879,155733617786,102326217578
CS300032,가전제품,20251,263789337070,565021,146295478135,109965243300,50114222,14224000190,65629963592,58088034495,60424755788,57843829641,151334351303,112454985767
CS300032,가전제품,20252,281918633501,517189,152557688978,120884544924,75030429,15292317585,64029879633,64819801107,67014169354,62211073577,159972563368,121946070133
CS300032,가전제품,20253,278800175018,537882,141258957417,130553096935,83702747,12156094380,53768507728,62788046541,68258551128,74757151826,164982737564,113817437454
CS300032,가전제품,20254,279541171825,538922,147983517220,123531812673,339080320,11811885705,54951311056,60093049491,70912953445,73407049880,168859954570,110681217255
CS300032,가전제품,20261,288023053723,506423,156823015695,125951919168,110450226,11844432871,63593386032,69469189719,69495033589,68262442442,160870860451,127152193272
CS200032,가전제품수리,20211,12061922317,258928,5717941399,4905431488,85292557,832012268,1501523715,2169131841,2909249892,3126162617,10654309492,1407612825
CS200032,가전제품수리,20212,12969016422,298549,6777321574,4679483791,133396131,955062004,1618941375,2456304604,3028357760,3264743494,11387909433,1581106989
CS200032,가전제품수리,20213,15495995669,297792,7133792823,6281881127,104405018,846701438,1965294647,3006533202,3376162519,4117617856,13182073555,2313922114
CS200032,가전제품수리,20214,11277693413,260350,5391337958,4077548547,84710327,875005655,1347401183,1981910942,2410355223,2769503160,10091357636,1186335777
CS200032,가전제품수리,20221,10324073483,214917,5719589851,3506304519,30403479,572518733,1108505516,1735921529,2899936875,2878608229,9085304848,1238768635
CS200032,가전제품수리,20222,11781030489,231720,5967470354,4042851551,34017526,706919856,1643433848,2003979439,2592239598,3029731642,10036328336,1744702153
CS200032,가전제품수리,20223,13475777422,245693,6030488713,5262265584,40431222,838747841,1343569083,2557717226,2836424696,3675864236,11476314830,1999462592
CS200032,가전제품수리,20224,9471255792,190135,4892551406,3507673535,34570812,547864859,1076956555,1779047228,2054594811,2907190670,8361163481,1110092311
CS200032,가전제품수리,20231,10904484867,202223,5522741497,3676313530,36651811,486875502,1224250795,1684066830,2638596251,3128613818,9609169786,1295315081
CS200032,가전제품수리,20232,13035242536,187580,6394921134,4536332057,42714211,605053843,1745990133,2610886345,2711888184,3216450347,10792726683,2242515853
CS200032,가전제품수리,20233,14262109499,204186,5920462054,6286212416,41399834,591482084,1717187340,2127592270,3287882700,4441130234,11944418539,2317690960
CS200032,가전제품수리,20234,9956142472,170126,5234906071,3283471704,16273405,498824385,1243978951,1793778840,2172961888,2793716675,8616584236,1339558236
CS200032,가전제품수리,20241,7750093209,156710,4120923775,2886572339,19309145,360521461,945893550,1316992412,1775095411,2590548475,6772835268,977257941
CS200032,가전제품수리,20242,10814828261,176125,5077987099,4296863967,19806873,605879295,1390261365,1878413157,2725028940,2755444279,9250896880,1563931381
CS200032,가전제품수리,20243,14100444705,197253,7423086975,4746360103,23078265,576160033,1663425696,2677130849,2969673814,4260107564,12457025617,1643419088
CS200032,가전제품수리,20244,9680224678,120995,5173394606,3293841071,12932206,237161005,1075647513,1826405032,2108777901,3206529910,8651196732,1029027946
CS200032,가전제품수리,20251,6823012986,95712,3157210673,2551536898,5054613,260927086,602076467,1075878357,1359141919,2405669116,6054694273,768318713
CS200032,가전제품수리,20252,10854281274,112277,5083888380,4356977970,20898677,303264941,1079288090,1883389713,2144619699,4009405228,9610926135,1243355139
CS200032,가전제품수리,20253,11345453163,120333,5051329934,3948733975,3267260,295705124,1064729470,1937797417,1870486592,3828078052,10087120475,1258332688
CS200032,가전제품수리,20254,7912695257,99454,3628628535,3183206286,4996458,283187800,1021806358,1199338628,1453086349,2849409238,7125485099,787210158
CS200032,가전제품수리,20261,8062690284,95323,3896422298,2787847404,1296025,673253397,714655270,1483208657,1279241243,2532615113,7388250510,674439774
CS200036,고시원,20211,455344467,1223,114422373,340922094,0,94376893,62786351,150909051,128226762,19045410,310918109,144426358
CS200036,고시원,20212,717918061,1659,165181866,552736195,0,72264645,72637135,324824171,248192110,0,404005900,313912161
CS200036,고시원,20213,742726411,2038,310023369,432703042,0,81924026,80977100,226562002,155801120,197462163,505504920,237221491
CS200036,고시원,20214,534952183,1445,257661892,277290291,0,248062389,26186875,22922140,107417445,130363334,315046215,219905968
CS200036,고시원,20221,340474767,945,169026472,171448295,0,22167206,65954199,48000000,146029019,58324343,290647952,49826815
CS200036,고시원,20222,478793022,1197,93692283,385100739,0,65199170,55556216,41857567,316180069,0,328921188,149871834
CS200036,고시원,20223,393072116,1653,136780776,256291340,0,143825235,15333333,34934837,198978711,0,343943250,49128866
CS200036,고시원,20224,376524081,979,53234091,323289990,20518502,121203611,137609068,0,59102080,38090820,257568022,118956059
CS200036,고시원,20231,373501220,973,149340181,224161039,5518868,203590761,122330879,0,7974626,34086086,263879188,109622032
CS200036,고시원,20232,442520385,1206,142487985,300032400,0,207367444,60390125,24941743,110113238,39707835,362192781,80327604
CS200036,고시원,20233,355907086,802,95762361,236515705,0,182668922,58477964,5088174,68043006,18000000,286776270,69130816
CS200036,고시원,20234,158153105,451,45123511,113029594,0,116224960,34898551,0,7029594,0,123870981,34282124
CS200036,고시원,20241,390215093,1051,122582389,267632704,0,132045510,97500000,87754545,62051120,10863918,390215093,0
CS200036,고시원,20242,310304066,541,151304066,159000000,0,94628458,120247312,0,95428296,0,254298982,56005084
CS200036,고시원,20243,219413547,429,151304067,68109480,0,70985251,53000000,0,95428296,0,156874462,62539085
CS200036,고시원,20244,381856259,640,209856259,172000000,0,55875770,47410142,42942733,31809432,203818182,331421570,50434689
CS200036,고시원,20251,153603759,468,86359984,67243775,0,56379857,0,0,97223902,0,141995941,11607818
CS200036,고시원,20252,506017013,1126,456289315,49727698,0,16752511,0,166488840,226278506,96497156,343062670,162954343
CS200036,고시원,20253,459578997,628,459578997,0,0,0,0,152685273,277256498,29637226,408683906,50895091
CS200036,고시원,20254,257373145,650,127712811,129660334,0,8555262,0,50895091,146798471,51124321,104458641,152914504
CS200036,고시원,20261,533776619,902,51132897,482643722,0,169544391,1877579,46123677,224060422,92170550,530936179,2840440
CS200017,골프연습장,20211,65216319228,1265566,42826737018,14427687548,7415960,1952435851,10826420824,17373752004,18246233802,8848618721,43196305595,22020013633
CS200017,골프연습장,20212,85383468864,1753152,55545385645,20173637720,15429244,3347300153,16014703180,24041176253,22752255427,9548317340,58718746382,26664722482
CS200017,골프연습장,20213,87582164553,1853018,57359214056,20932972569,22812841,3657693974,16774136002,25088393679,22645999556,10103610889,59001703216,28580461337
CS200017,골프연습장,20214,85645114453,1742178,57099118526,19095632400,30167470,4118817367,16899604129,23486703412,21973026759,9686431843,58329828691,27315285762
CS200017,골프연습장,20221,76918480627,1610735,51372136437,16450561529,24333454,2521968351,13410573670,20007741450,21358454952,10500811172,50251553460,26666927167
CS200017,골프연습장,20222,83387573400,1745867,55336681651,19005278004,17775451,3524074083,15469655089,22060680725,22588163886,10681482867,56997232929,26390340471
CS200017,골프연습장,20223,82727743958,1779408,54925956175,18606157173,25283695,3344361522,15258478023,22064102574,22564872182,10275173616,56911691610,25816052348
CS200017,골프연습장,20224,71304276138,1558825,47220834831,15239258702,33715859,3011675639,12300179481,19442412397,18898634413,8773475775,48250536028,23053740110
CS200017,골프연습장,20231,73657530830,1501323,49197761984,15423085939,11308524,2237575918,11959517294,18587405667,20671805881,11153234649,49911996709,23745534121
CS200017,골프연습장,20232,75126385842,1616747,50142739028,16963999593,21587360,2649451396,12692282360,20162863608,21170710450,10409972139,51131581044,23994804798
CS200017,골프연습장,20233,71439753689,1535653,47593399269,15552603585,32430724,2746565511,11547750357,18902195930,20281853214,9635207097,47216328462,24223425227
CS200017,골프연습장,20234,65595758850,1409643,44293605990,13691132818,31317804,2528568571,10303878972,17161508280,18985228850,8974236329,44350480162,21245278688
CS200017,골프연습장,20241,68630041332,1429508,45869795647,14134451038,14501755,1871568501,9805650718,16940921383,20291663911,11080055683,45445192425,23184848907
CS200017,골프연습장,20242,71844305676,1555369,48398682681,15326677385,17556242,2298730782,11132420779,18049890390,21686125492,10540636380,48480041741,23364263935
CS200017,골프연습장,20243,71623980424,1487737,48011095218,15300301286,30838882,2531916807,10359773280,19234136458,20750067088,10404744305,48577532818,23046447606
CS200017,골프연습장,20244,66340323315,1317667,44798058090,13914909802,29869406,1940038699,9364553964,17210763279,19490712557,10677408064,45000609764,21339713551
CS200017,골프연습장,20251,62880419748,1242086,43534873260,11912052305,19453326,1805645332,8237014139,15649727845,18649709591,11085489299,40857535519,22022884229
CS200017,골프연습장,20252,65460013330,1344963,43847776538,13723597922,21508329,1825579497,8385983877,16784150784,19366668181,11187483827,44292819183,21167194147
CS200017,골프연습장,20253,61660439886,1266502,41242820036,13053775832,35486796,1616464724,7866233687,15975718998,18361995803,10442818730,41139264188,20521175698
CS200017,골프연습장,20254,57124633370,1150916,38858706010,12194789624,39894718,1631168107,7180955795,14462239157,16910826061,10826237759,38530378271,18594255099
CS200017,골프연습장,20261,54938369019,1084613,36888993005,11464380434,7400081,1002555392,6549113468,12677589963,16877438503,11239276056,35830962911,19107406108
CS200029,네일숍,20211,16792908033,201957,2191718381,14390317223,65479791,3681959878,4725882453,4030225777,2474149317,1604352803,11884018706,4908889327
CS200029,네일숍,20212,21995558320,262275,2927533011,18747026393,75991795,4325380909,6917771694,5177450722,3386065815,1791633003,16021435480,5974122840
CS200029,네일숍,20213,21496895853,264202,3042476588,18165009207,136082961,4715257916,6571881372,4968096903,3089531382,1726635258,16154422579,5342473274
CS200029,네일숍,20214,18846982870,233717,2665764951,15863285259,107923757,4093096265,5357446337,4409848503,2966662071,1594073272,14233908479,4613074391
CS200029,네일숍,20221,17032721267,213628,2351697136,14435277021,104509907,3306733015,4969874309,3733259272,3069942738,1602432950,12508911933,4523809334
CS200029,네일숍,20222,21877067735,263104,3241710569,18265184028,107645426,3800148910,6433964794,5482824298,3751068226,1931251523,16476868932,5400198803
CS200029,네일숍,20223,21863204033,271023,3297453298,18273556012,129188967,4209833619,6056822801,5202084850,3828657974,2144841908,16889538155,4973665878
CS200029,네일숍,20224,18317883504,234014,2748415880,15248699636,123679323,3961361206,4926393747,4131371811,3164597094,1689860707,13684791378,4633092126
CS200029,네일숍,20231,17517557577,219638,2843961422,14410991439,68130523,3071817544,4935387392,4117341933,3062438148,1999825399,13458035890,4059521687
CS200029,네일숍,20232,20186850473,241772,3231765792,16581761632,76128625,3101723614,5753036494,4991750682,3572536682,2317961454,15451614595,4735235878
CS200029,네일숍,20233,19744809800,239602,3339792364,16127416886,85048143,3495970626,5350447006,4927744801,3337385282,2270631430,14943551523,4801258277
CS200029,네일숍,20234,16118686494,200463,2615110825,13233892361,103462422,3014856351,4388975473,3789789866,2723627437,1828291640,12237802405,3880884089
CS200029,네일숍,20241,15160724420,188098,2491796860,12427600912,48449533,2526702333,3896076302,3690693797,2858811302,1898664494,11677189673,3483534747
CS200029,네일숍,20242,18087296921,220789,2826104096,14942411116,47423204,2758859988,4815951746,4438263490,3401416734,2306563949,13653518524,4433778397
CS200029,네일숍,20243,17535556924,215222,2740059904,14559460983,64640845,3040187365,4649618914,4190115536,3156631593,2198326629,13366433077,4169123847
CS200029,네일숍,20244,15262517951,186818,2652712840,12397549128,45972599,2923241468,3798412887,3475133080,2853394046,1953088002,11550838295,3711679656
CS200029,네일숍,20251,13673563413,172285,2308280691,11111582889,52654527,2293802631,3556660802,3201051780,2283856087,2031837759,10124366828,3549196585
CS200029,네일숍,20252,16253250191,199667,2833126665,13251376075,50651422,2498710184,4118709525,4030421987,3029360788,2356616221,12285056917,3968193274
CS200029,네일숍,20253,17464774412,215400,2668970304,14526701666,111114913,2826733117,4737245908,4078139900,3147814860,2294542282,13394236625,4070537787
CS200029,네일숍,20254,14679020112,173818,2642747823,11836412746,96833012,2570450202,3615992835,3340280440,2462081016,2393500670,11143639747,3535380365
CS200029,네일숍,20261,12693791692,159592,2169703325,10419613439,59712801,1943046112,3423341872,2932401803,2351795149,1879102915,9354031925,3339759767
CS200037,노래방,20211,40405073309,1476414,30979659089,6445285292,668028121,5811569119,5922487417,8573991566,10954023548,5494822918,27890216329,12514856980
CS200037,노래방,20212,55698182522,2202472,42513584795,9140871154,923812861,8368800760,8594648597,12131046848,14675936261,6959854623,38619594270,17078588252
CS200037,노래방,20213,41886304283,1848922,32915477819,6621770204,834630228,6374344970,6007771081,9629327581,10927260736,5763483441,28290037653,13596266630
CS200037,노래방,20214,94972100833,3102291,71914819721,16072627155,1381875474,15060756750,16266612511,21098589014,23741573964,10437587595,63979476831,30992624002
CS200037,노래방,20221,48743107045,2051633,36685295966,8628570629,877168813,7400579476,7473770554,9432896408,13179385124,6951048578,32498311559,16244795486
CS200037,노래방,20222,120160126135,4250790,88058171996,23169606934,1490698363,18124688834,21162652909,24323178578,31021469429,15105889132,79849617703,40310508432
CS200037,노래방,20223,115653297676,4193364,85095836485,22255340757,1590549035,17393234920,19988994597,24468365523,29652501305,14258170214,76468009568,39185288108
CS200037,노래방,20224,123942530528,4208501,90270399652,22827716840,1632580644,16904889948,20016381956,24674197057,32925575531,16942776849,78931051609,45011478919
CS200037,노래방,20231,128594319198,4170472,94726133874,22650751222,1393897246,14980669553,21947937995,26017679290,34367622701,18669283901,85887555737,42706763461
CS200037,노래방,20232,113180145575,4453028,82731600003,21728247532,1431093955,14930682679,18905028729,21644984970,30306778903,17240061196,74476551406,38703594169
CS200037,노래방,20233,112596049123,4491196,82582849958,21445173324,1564053657,14999179445,18871537221,22361913089,29801331941,16429647827,72780867971,39815181152
CS200037,노래방,20234,133619502831,4536487,97635168284,24492722233,1780322584,15646731539,21450904546,26531224319,35954399166,20761754338,85609630714,48009872117
CS200037,노래방,20241,121363090049,4291706,90608061210,21080243171,1319619008,13203534399,20984520222,23364623035,32351665810,20463968947,79809624793,41553465256
CS200037,노래방,20242,122787825304,4717167,90765858703,22361240307,1372732210,14124658458,21403844678,23298431455,33303879222,19626794309,80488496968,42299328336
CS200037,노래방,20243,118403427709,4740621,87723075936,21555618528,1444805889,14429817707,20499822911,22925696814,31660903821,18317024759,77575866448,40827561261
CS200037,노래방,20244,124518294232,4698961,91221370298,22562598391,1559587047,14048219811,20468660132,23380432518,33562767254,20764044706,81492216859,43026077373
CS200037,노래방,20251,109817736379,4264992,81950068954,19404326607,1242018075,11537704348,18919376078,20066289205,30147692673,19442891982,70167083133,39650653246
CS200037,노래방,20252,114606806367,4643563,84673455767,20591615209,1282192119,11932917021,19250791573,20480540519,31260506797,21056627464,75696620381,38910185986
CS200037,노래방,20253,111370476326,4607776,81638978902,20047206095,1343937532,12054264483,18559994707,20376507936,29950055133,19401483803,73699037910,37671438416
CS200037,노래방,20254,119773541817,4543967,88136905533,20654565750,1479324635,11989551074,18877274121,22012571722,31922419885,22509252265,78764455835,41009085982
CS200037,노래방,20261,104019680239,4118045,77612965657,17883306009,1061644993,10084247541,17052517739,18045075733,28142880953,21107675661,65991662129,38028018110
CS200016,당구장,20211,19124320637,1041856,15532975206,3072879941,232486797,2310276175,2547174184,3929914354,6118041760,3467961900,12898992063,6225328574
CS200016,당구장,20212,24871138153,1362439,20085081846,4055951574,295288463,3348002126,3853725662,5046018068,7429735474,4168247117,17029112969,7842025184
CS200016,당구장,20213,24025784634,1302788,18992408711,4383436137,313823006,3324001251,3226202319,5116130073,7309877419,4085810793,16249459814,7776324820
CS200016,당구장,20214,27782522699,1409479,21454874692,5016658371,414952172,3674622902,3919971736,5547357376,8300676915,4613951960,18719541879,9062980820
CS200016,당구장,20221,27411575599,1330494,20542384318,6013247181,262486706,3330593286,4057329846,5487493352,7909255502,5508472789,18424442182,8987133417
CS200016,당구장,20222,32727429351,1547390,24869395500,6582771043,332042389,4606614299,5202350339,6437235273,9096712508,5777678131,22935093303,9792336048
CS200016,당구장,20223,32920117706,1567911,24738844452,7304672707,395430504,4671757523,5424201979,6614216574,9198281102,5740145649,23089228407,9830889299
CS200016,당구장,20224,33269797660,1538454,24886394396,7349686550,425317502,4408070339,5632344360,6514287192,9319832601,5938521025,22920949886,10348847774
CS200016,당구장,20231,37183791896,1677507,27663810222,8211226949,296767101,4180291472,6497234633,7038159498,10374147722,7488436741,26296005222,10887786674
CS200016,당구장,20232,37334630718,1650627,27321537108,8591181136,337269801,4449435035,6351197069,7359431458,10449845328,6965271815,26290241649,11044389069
CS200016,당구장,20233,36646615273,1671226,27408568413,7899537563,398569880,4148061841,5683457919,7294870076,10488486999,7294756597,25537391958,11109223315
CS200016,당구장,20234,36411657301,1620306,27191301356,7828269507,530004048,3869061350,5536607607,7119987451,10565376617,7398547582,25348449165,11063208136
CS200016,당구장,20241,38340074611,1718009,29121970419,8011183992,362734153,3641731510,5864105135,7136917757,11176409935,8950980912,26921262566,11418812045
CS200016,당구장,20242,36799053761,1769573,27345475201,8061659570,415798551,4086188551,6159285712,6582828476,9759590891,8403341384,25604253772,11194799989
CS200016,당구장,20243,36882381880,1777078,27387607372,8101436526,487596253,3942454335,5536519632,6439500075,9884730079,9198243544,25889580708,10992801172
CS200016,당구장,20244,35378124484,1724996,26041357652,7732044540,489732209,3265682408,4745753138,6745009416,9783681744,8743543295,24878238770,10499885714
CS200016,당구장,20251,36939883455,1810189,28379890240,7156349286,325568910,3174622135,5231719475,6170559842,10366057048,10267765887,25135424453,11804459002
CS200016,당구장,20252,35446233262,1788083,26991627430,7061707584,384788312,3333458137,4922431643,6042799002,9501985622,9867810355,24321506647,11124726615
CS200016,당구장,20253,39761509873,1934217,29313610316,8773111308,493239379,3941633685,5487568298,7750625391,10011745027,10401779434,27606155141,12155354732
CS200016,당구장,20254,37244802094,1869662,27963225042,7723440373,466462996,3079649913,4715942105,7199115164,9924320778,10300551206,25853757732,11391044362
CS200016,당구장,20261,39120012640,1901705,29150167448,8014319011,295604487,2834658729,5266384671,7132934745,9996322449,11638511050,26537134493,12582878147
CS300021,문구,20211,329772323614,12604709,90898526955,72896550593,2276759454,17576491042,27595997240,44016354679,45380727698,26948862110,294704500537,35067823077
CS300021,문구,20212,344793421614,13658917,93529623134,78766408622,2481298099,19766230202,28210720438,47128616654,46712857301,27996616419,310302537381,34490884233
CS300021,문구,20213,337182557362,12750266,86319489354,72800204824,2424053369,19134437557,27236923476,40708105102,44349700837,25266473873,307624332219,29558225143
CS300021,문구,20214,444946628726,13609284,103276441916,83110628713,2533566461,23465678732,30013871991,47543462833,54081297011,28749193588,410595114146,34351514580
CS300021,문구,20221,339620340941,12171671,83880737370,77951762812,2106507934,15933313410,25782225007,42166365403,46437895838,29407375567,309981003429,29639337512
CS300021,문구,20222,367034351569,12424885,94663817626,82144393558,2238883901,17760310996,24686366351,43012713564,51888636337,37221300034,336746150729,30288200840
CS300021,문구,20223,355680904267,11398861,84784161073,67744169281,2062059193,16136624289,25384732741,39626353801,41435518244,27883044004,330110504046,25570400221
CS300021,문구,20224,441309545532,11817270,95974874549,79398366408,2032231977,17649877079,23441108805,47236257881,50949506034,34063989682,410416228509,30893317023
CS300021,문구,20231,323095409596,11325508,81434182180,74063319615,1803234509,13360435236,21091649481,47408788667,41033353183,30800062245,295553021627,27542387969
CS300021,문구,20232,314291616482,11186268,82801674217,72753365525,1896304659,14022565535,20497219007,41900938204,47919126665,29318885648,286301475084,27990141398
CS300021,문구,20233,307922308471,9902564,80503011760,61180459168,1639290179,11442626730,19543146156,31345296557,49946282642,27768474523,285119439393,22802869078
CS300021,문구,20234,352180414463,10407298,78116245237,55904812344,1769317055,12577612837,21377231039,31315436602,40741941975,26239518078,325717238126,26463176337
CS300021,문구,20241,300685775598,10109363,92025940372,61768453572,1443935751,10446093672,21954319692,41464148441,43451650533,35034245875,274647781673,26037993925
CS300021,문구,20242,283059460593,10015216,80324773200,55816725750,1639776520,11298103855,17601936858,31811851323,36952214996,36837733810,259516544580,23542916013
CS300021,문구,20243,267592290132,8908871,74905828293,48873851577,1340705605,9725031728,18525593396,27304003913,30882010664,36002334564,247166416872,20425873260
CS300021,문구,20244,344135441997,9794645,91948535126,57437752377,1389683191,11305496771,18038353321,32539907427,35370304918,50742532557,321606079473,22529362524
CS300021,문구,20251,255339167977,9044510,84960026470,52820962159,1147429517,8448874964,15892036702,29573855220,36527220236,46191572001,231896395947,23442772030
CS300021,문구,20252,260841925309,9182128,79044228812,55635734740,1542266672,10275717994,19388861744,24288947827,37819025596,41365143728,233587405287,27254520022
CS300021,문구,20253,258741091575,8257248,73219371559,50276128982,1399015372,8654828485,14343364307,27195760813,35934886990,35967644598,240576523718,18164567857
CS300021,문구,20254,302241245204,8377961,77314470682,51520450360,1424496471,10158643902,16250337115,20423556558,45119904769,35457982255,280812171158,21429074046
CS300021,문구,20261,248521289352,8821973,71242937837,59340136706,1161372073,11398331136,16905103610,26871212787,35942025053,38305029887,222883940580,25637348772
CS300006,미곡판매,20211,128563714726,2448794,51819935462,64819157953,10889183,3082353259,8432569618,20178702419,30616587403,54317991531,108516035546,20047679180
CS300006,미곡판매,20212,138045354849,2582863,53620224328,70824936364,26810645,3016097586,7574598799,23621595894,34072257351,56133800404,116654323238,21391031611
CS300006,미곡판매,20213,141737336842,2798099,58788400493,69771224473,83333983,4420422072,8616522606,20714740354,33920537758,60804068176,117893793181,23843543661
CS300006,미곡판매,20214,151082370134,2853453,56735044386,79604295683,36554415,4563630408,8492089618,22756302297,33885713072,66605050246,127293410410,23788959724
CS300006,미곡판매,20221,124443842160,2523010,48906168325,64816115401,27304347,1641649271,7022314308,18772902675,27468910334,58789202793,101453076618,22990765542
CS300006,미곡판매,20222,137225427346,2722289,47390908433,67168306001,42338439,1218094254,7315083725,18277196289,27090353394,60616199636,115618682798,21606744548
CS300006,미곡판매,20223,130422286929,2471457,42165091308,61407146532,15573931,2055692551,6807695378,13710113807,24842123836,56143482849,114007903367,16414383562
CS300006,미곡판매,20224,136854738269,2500605,48986300766,63770904300,21923828,3058480172,8128901472,17469403496,24224098373,59841392989,114837386751,22017351518
CS300006,미곡판매,20231,119127060940,2484360,38604635243,58624302134,24202968,1340807075,6916586341,11582558433,23141285807,54223496746,102051727145,17075333795
CS300006,미곡판매,20232,114649079451,2603698,43468670505,59693856462,17351551,1384015350,6302767505,11306865880,22982314121,61169212567,98058514858,16590564593
CS300006,미곡판매,20233,119190137616,2633158,42935738508,63336778106,16101994,1149308275,9223504244,11788276349,23608283280,60487042467,97767740582,21422397034
CS300006,미곡판매,20234,130218771953,2547382,47096418428,68543608326,25178645,802581198,8257278366,12646385754,27266467731,66652403455,109362033087,20856738866
CS300006,미곡판매,20241,122877228469,2664601,43249059418,66433162721,3478515,800560450,7247317933,12966028447,24582179419,64082657369,102339608205,20537620264
CS300006,미곡판매,20242,128820160104,2730124,47170454053,66080851353,13869973,1262264089,8758603584,12727897994,22754345899,67734323863,109175416743,19644743361
CS300006,미곡판매,20243,117699098016,2591385,42348106271,61975654364,8313634,1335527571,9649387343,12076049699,18709838417,62557479468,100382435674,17316662342
CS300006,미곡판매,20244,132039852585,2737018,43379571503,72434149182,24810383,705724636,7790741176,13918662370,21103487963,72270294151,110067073544,21972779041
CS300006,미곡판매,20251,128482895960,2694833,41689245635,71084095294,11676464,910544548,7353147371,14006677457,17859522115,72631772974,107349292608,21133603352
CS300006,미곡판매,20252,120146259443,2710811,41880312182,68671074408,19745729,811573482,6882007488,13373280428,17488622876,71976156592,98230190490,21916068953
CS300006,미곡판매,20253,124418146207,2745380,43802627765,69940438868,8036218,719816368,6704381039,11597143592,20111991256,74601698158,102371588765,22046557442
CS300006,미곡판매,20254,132569367483,2749178,46289919424,74901556042,28594563,1009465822,8345699343,10154144899,20363851774,81289719052,111899042849,20670324634
CS300006,미곡판매,20261,118981070057,2678923,40463482826,68593544459,6943710,1653842770,6611979026,8084128502,18161053481,74539079800,94468785034,24512285023
CS200028,미용실,20211,262799095486,5964437,106105219181,154541735369,1803005620,46894783399,65852483776,62723846800,53559179800,29814281820,160826218241,101972877245
CS200028,미용실,20212,282490687629,6532743,113405072917,166858236285,2149589298,51981646473,71370599590,66326317437,56431984475,32002324761,175414658058,107076029571
CS200028,미용실,20213,286518359152,6533604,114572917667,168971260094,2627134926,57278151790,70433695268,66658158208,55021569709,31527368023,179590803348,106927555804
CS200028,미용실,20214,285685019733,6393876,113276791711,168405767869,3125223226,54749788059,69338706400,65941023116,56001523692,32525499261,181883211117,103801808616
CS200028,미용실,20221,261529254560,5860072,107197905360,151310570027,1955274012,43375759772,64264938455,60739297598,55335859056,32837450003,163020894529,98508360031
CS200028,미용실,20222,287935591315,6493202,115916026856,168812621975,2228363731,48091626436,70148215884,67702690158,59798317289,36758735099,181713609401,106221981914
CS200028,미용실,20223,283040571020,6252955,114867629925,164225748881,2441118527,47691017227,66275802186,66823726102,59922281734,35939605873,185046328698,97994242322
CS200028,미용실,20224,274176763282,5974284,114058943579,155789800539,2625512619,44115111453,62121353388,64718796103,59428110430,36838438266,171498108817,102678654465
CS200028,미용실,20231,273617845322,5838227,114116742253,156256243460,1860897311,37626654659,62339556581,65458430410,62775372213,40312189594,179410197301,94207648021
CS200028,미용실,20232,283083153662,6092555,116889836439,162519511685,2046319482,40668384198,64216174913,66395781956,64370209195,41712855111,180606027149,102477126513
CS200028,미용실,20233,283703992121,5978719,117464060145,162647285721,2261874142,40900788935,63060547978,67740829838,64460629981,41686950755,177461801153,106242190968
CS200028,미용실,20234,276254886498,5680159,114218819921,157650219608,2611117611,38998418285,59493996297,64014085353,63887338008,42863572626,176152389587,100102496911
CS200028,미용실,20241,274587586537,5549508,113451566055,156604957759,1624629633,33593302940,59936405850,64070210646,65373080577,45459413106,177700990321,96886596216
CS200028,미용실,20242,279910423647,5784160,115340069373,159055121383,1700467312,35462377870,62004842163,62130044448,65762742974,47334256685,181554540188,98355883459
CS200028,미용실,20243,276302628525,5582333,113259473016,157087232474,2028909705,35898279840,59233687197,62998031551,64644977964,45542502565,175647104882,100655523643
CS200028,미용실,20244,264843258813,5321370,110519156249,148919959829,2126462095,32662767827,55533942016,59288093894,63593623832,46234002744,171148438779,93694820034
CS200028,미용실,20251,259403193974,5116891,107163724740,146009155922,1371630160,28704639502,52906012314,58751074502,63009432657,48430144661,161939666244,97463527730
CS200028,미용실,20252,266578263554,5371665,109164015555,152000857402,1681794447,30714041732,54905643540,59079137681,63889215890,50894987933,171226060797,95352202757
CS200028,미용실,20253,283618259098,5546209,114987963960,163919219200,1948590132,35581714570,58397491297,62601821305,67378003690,52998845227,181370321365,102247937733
CS200028,미용실,20254,270587410246,5242710,110661570478,156153312458,2061261855,32954219761,54963655991,58663957588,65433308632,52737589838,175301795334,95285614912
CS200028,미용실,20261,262742756941,5044486,108546648970,148427712040,1200124880,27343711024,51409034293,56831496164,65383256751,54806609563,164303351588,98439405353
CS300010,반찬가게,20211,614978160949,26191338,266840296117,254662185544,643474504,31169904956,89411083910,117095809001,125400356972,157760871684,507748097668,107230063281
CS300010,반찬가게,20212,741738333534,28977779,323065856038,306855402916,941989729,37575374479,103458374196,151184529566,157728877286,179032113718,619811206501,121927127033
CS300010,반찬가게,20213,800943178952,30573118,354266276710,306707328092,922910195,42204077507,107074401094,161194612637,160862869417,188693437612,666851150914,134092028038
CS300010,반찬가게,20214,816394762671,29184314,362064766459,318382948114,908345297,40119983604,112603627092,162923159024,177228119120,186654182183,694530831691,121863930980
CS300010,반찬가게,20221,727539743661,27090528,329773003620,286667216923,679723900,31667977926,97495921584,155213622350,145489106418,185886004715,602974647068,124565096593
CS300010,반찬가게,20222,817282648660,28948171,353876801554,324414103756,926928677,37261367055,100753861453,157511451837,175443256873,206394039438,690623065016,126659583644
CS300010,반찬가게,20223,855484731780,28929674,361515715000,340310774262,894692175,38596599505,102555791219,163371642242,175975800054,220424829916,733666792449,121817939331
CS300010,반찬가게,20224,893281920772,28594487,377979836075,347845527179,1138377857,40842204352,111748270828,174232236106,172733309638,225110848776,749065457502,144216463270
CS300010,반찬가게,20231,854644221942,28062718,359151378382,348510158199,626699759,30450105058,108662832216,147103449014,181778942269,239039508253,735654510334,118989711608
CS300010,반찬가게,20232,816140658315,29197622,345953629874,336173388784,896343803,28761009894,109412903121,147500740787,171803550981,223752470071,689310521884,126830136431
CS300010,반찬가게,20233,824263041460,30461519,342339183263,345460965413,748686530,31495210687,98819037515,140876786770,177441764087,238418663106,699218623615,125044417845
CS300010,반찬가게,20234,853271327766,29512630,348688133466,358629001419,912706046,32006056208,105449243487,142205068169,192593518824,234150542151,721940987171,131330340595
CS300010,반찬가게,20241,827691069024,30264879,362396036495,334622999054,557311057,27350951916,99752007311,138459445883,191540301658,239371978074,711302346630,116388722394
CS300010,반찬가게,20242,820456162891,32573516,348483244798,343328107198,939662954,29471094289,89929391075,143101337150,188728004032,239641862483,696207099707,124249063184
CS300010,반찬가게,20243,834230056170,32501744,351098815992,345015147302,821934072,27937919630,95148138998,149928495957,181064608942,241210916886,696140329016,138089727154
CS300010,반찬가게,20244,879080132291,32793347,365718859400,363312742429,1084347810,33250623114,96154243316,166640796100,179462787611,252438803895,743580178223,135499954068
CS300010,반찬가게,20251,836510610742,31506625,362354024678,350158891125,542397418,26831154512,80828466708,160025411298,181140625255,263144364712,680365433561,156145177182
CS300010,반찬가게,20252,835697946289,33710809,365333788373,347444580330,1096936469,30736881086,88246211549,175358028644,164187165543,253153145408,699438624944,136259321344
CS300010,반찬가게,20253,875243624070,37226256,374898483062,367357603819,1149671485,30098708794,91625991787,179753900007,174792515080,264860440968,733046632733,142196991337
CS300010,반찬가게,20254,899703541651,36341756,366171694462,384596376545,1241424940,30499130507,95457903957,169530871870,184337489029,269690653579,743564723049,156138818601
CS300010,반찬가게,20261,887100634265,35868724,367580154874,375093082265,1002059492,32283892231,103206296060,153831662051,178977037422,273372289898,721016539283,166084094982
CS200033,부동산중개업,20211,7018043864,371439,3905477776,2586611156,2468408,843057069,1687516845,1025923275,2125829304,807294024,5206885618,1811158246
CS200033,부동산중개업,20212,7219243290,395380,4027892219,2656550212,8918090,886362737,2489619993,1201073732,1457179736,641288140,5273780711,1945462579
CS200033,부동산중개업,20213,7818677912,477166,4137735922,3020169342,11467855,1034885258,2460049640,1730975460,1306974320,613552726,6182779809,1635898103
CS200033,부동산중개업,20214,7464013130,425670,3874493171,2804576831,7404561,927797947,2124352150,1877517457,1093095677,648902210,5650843214,1813169916
CS200033,부동산중개업,20221,6489737378,348155,2992402659,2893272900,1384830,1091335113,1896893750,1120734238,1345499595,429828031,5125887884,1363849494
CS200033,부동산중개업,20222,6875393533,378250,3970740014,2176010891,5734356,1053515500,1659335692,1180018745,1540216207,707930413,5323893079,1551500454
CS200033,부동산중개업,20223,7312465602,370587,4077907978,2383498032,8929093,735828134,2285451011,1171857567,1462737795,796602415,5841573098,1470892504
CS200033,부동산중개업,20224,7927425333,358959,4006767821,2774108627,6268120,929664346,1670898920,1707197794,1806150784,660696487,6014011069,1913414264
CS200033,부동산중개업,20231,8211105412,358723,4060077109,2943850203,11060936,856065820,2112197473,1205625611,1280465905,1538511575,6512758796,1698346616
CS200033,부동산중개업,20232,7451549542,391298,3940854408,2575184392,447731,816813350,1952219983,1108540639,1909322083,728695013,5880774877,1570774665
CS200033,부동산중개업,20233,8264026634,541302,3638691903,3528183669,9172329,908711230,2604035690,1794624119,988987904,861344306,6441049111,1822977523
CS200033,부동산중개업,20234,7045498006,479368,3995056264,2077690479,3953991,531154359,1794695113,1812303438,1003339427,927300414,5701331669,1344166337
CS200033,부동산중개업,20241,7827140840,451456,4553806444,1741950191,236143,508008725,1662438092,1238673627,2028533807,857866245,6619574954,1207565886
CS200033,부동산중개업,20242,8836902228,610778,3932114312,2082688295,9929557,702968165,1721985600,1203032031,1178574391,1198312865,7428605181,1408297047
CS200033,부동산중개업,20243,7764750633,563300,4312007104,2261260303,2460315,912317781,2131140529,1435904366,1035152412,1056292011,6312033187,1452717446
CS200033,부동산중개업,20244,7376612237,542142,3589973067,2307986392,8788467,800253824,1778828889,1293078294,998927215,1018082768,6083277676,1293334561
CS200033,부동산중개업,20251,5550464863,451545,2785586674,1811162143,9037307,362560225,1336536261,1178330905,641955193,1068328929,4523346531,1027118332
CS200033,부동산중개업,20252,6512625668,455819,3512644235,2514050202,7912129,291305535,1891054561,1563490282,900635193,1372296739,5522120069,990505599
CS200033,부동산중개업,20253,5687317230,453038,3226392979,1909493226,11092499,386483881,1575546613,974977982,712229791,1475555436,4730676349,956640881
CS200033,부동산중개업,20254,4986248855,427502,2401548976,2138763397,8445176,299142539,1470531128,896873303,754060551,1111259663,3899947989,1086300866
CS200033,부동산중개업,20261,5224610905,366886,2678154498,1936449477,1450579,577359993,1225813973,1030640317,955134797,824204314,3969915781,1254695124
CS100008,분식전문점,20211,270340695930,26727952,123240293545,116139770308,4441563246,49461155765,57671662563,61192913457,46003765617,20609003195,203745724958,66594970972
CS100008,분식전문점,20212,305183197543,30918417,137506869950,134470987645,5683453482,57324566094,65044254130,69318594697,51312712850,23294969892,229316442564,75866754979
CS100008,분식전문점,20213,279807402620,28474299,128660005449,122571066531,5145971002,53040612323,58739583346,64835508587,47915718682,21553664438,211544455758,68262946862
CS100008,분식전문점,20214,301297697567,30220573,137412876363,132678745599,6276095529,60658919647,63038953500,67989208883,49841616937,22286925614,228182174255,73115523312
CS100008,분식전문점,20221,274305139311,26813020,126275321615,119748253032,4469267553,47525985761,58355010020,62093430379,50062134421,23517505909,207042529409,67262609902
CS100008,분식전문점,20222,328825875880,31373896,149267675846,146219457510,5999442783,58839431675,70849877325,74291437265,57530441050,27976503167,243626657445,85199218435
CS100008,분식전문점,20223,325641586146,30400127,146953718206,144994554564,5774649803,58297710603,69151892189,74513271232,56755796166,27454917532,247301138222,78340447924
CS100008,분식전문점,20224,341698974416,31085329,152971490223,150969547194,6381444725,61369795670,71456061882,77038389546,58933869268,28761312864,253189984092,88508990324
CS100008,분식전문점,20231,323956999228,29021070,146147497008,143198803212,4539464261,50684736542,70004999621,74334621199,59495349556,30287129114,248823145812,75133853416
CS100008,분식전문점,20232,349550006949,32046395,155785618329,158082196773,5632617562,56386221106,73915774260,79927108985,64493727766,33511931678,260758685091,88791321858
CS100008,분식전문점,20233,340289461740,31272721,151641056751,154683037694,5782546041,54486559329,70027336129,80193501877,62813554324,33020592412,251582867917,88706593823
CS100008,분식전문점,20234,353480060159,32397926,157123617203,160184979734,6512844000,58782635780,73656320798,80616290418,64298983768,33441436587,260575362684,92904697475
CS100008,분식전문점,20241,329158212799,29365184,148362727145,148337581945,4145045738,46842261673,71704651400,75346029273,63525559927,35136761129,247417974858,81740237941
CS100008,분식전문점,20242,339859724831,30318691,150416012645,154769990891,4544534056,49305282437,72615504328,76111330862,64703632127,37904317934,253497103004,86362621827
CS100008,분식전문점,20243,311469647310,27282727,138974325244,140080858267,4059755701,44111340910,64536277884,70509905657,60293340869,35544562511,232198937193,79270710117
CS100008,분식전문점,20244,320321871869,27931532,140856806333,143242662229,4376253506,45992215667,66539321649,70330470636,60798396295,36062832829,240415824391,79906047478
CS100008,분식전문점,20251,286056153324,24546075,128504102619,126807506981,2971098136,35699543422,60229486236,63202406856,57262646433,35946405811,212195666955,73860486369
CS100008,분식전문점,20252,312945229714,27271567,137944664632,139957857427,3601873163,40475162076,64429224489,67713828532,61743643805,39938790046,233527279600,79417950115
CS100008,분식전문점,20253,308444794664,26870899,135761162035,137601297739,3580243286,39587953327,62148390509,66803346764,61103771286,40138754547,232961584100,75483210565
CS100008,분식전문점,20254,313436639209,27426196,137482599170,140754832894,3946422472,40780472010,62892937161,67860764554,62153882028,40602857448,234796891649,78639747560
CS100008,분식전문점,20261,287506561581,25028641,128400005257,127647579116,2448629481,32794533977,58056012457,61451302975,59418749364,41878356114,213068948112,74437613469
CS300020,서적,20211,111263287042,2332135,44505106079,52425995294,2486917782,7377501898,15447454348,37411989286,22788398370,11418839687,94384961477,16878325565
CS300020,서적,20212,101807180296,2055771,34173805404,47724073194,1435725299,6579672649,15870980471,28838534332,19317259707,9855797966,86292703208,15514477088
CS300020,서적,20213,99047232084,2249460,39942331378,47361109866,1894787301,7065834308,15561269043,30619704928,20599622003,11562223663,83658816450,15388415634
CS300020,서적,20214,113684991350,1934377,45133141568,46712464476,1200352385,7440961992,19495160237,29742117552,22553593648,11413388152,99795641529,13889349821
CS300020,서적,20221,120586046728,2238713,47516655514,54934421939,2961795072,7714121091,13191973178,35710207519,31764684470,11108296142,102325734088,18260312640
CS300020,서적,20222,105826171156,1968941,41988229564,49040217345,1818344603,6502107207,13356815553,30295878449,26064139543,12991161565,90059396262,15766774894
CS300020,서적,20223,114318465491,2167913,46062716513,53530458117,2075324700,7407914836,15063033590,34353476483,28811652915,11884650995,99136663684,15181801807
CS300020,서적,20224,96807147179,1856957,38044950551,45783020442,1074934504,6500547655,16816031041,29273525926,19406059387,10754755028,81076652872,15730494307
CS300020,서적,20231,128491541815,2277252,51265374654,61300834382,2490463899,7669794555,15220253632,36534531372,38356271357,12294894213,111079551477,17411990338
CS300020,서적,20232,110176498985,1893199,39744433546,51032017810,1429903519,5882112305,13279185586,30268075951,29297102122,10620071874,91603036779,18573462206
CS300020,서적,20233,115589767699,2091410,41882908431,54513436195,1643623720,7175429223,14096981706,31720666367,28712104740,13047538876,100210359407,15379408292
CS300020,서적,20234,101879362125,1810350,35824219465,46272440801,949763696,6608462758,15078367749,27067531403,17465987208,14926547466,87415515396,14463846729
CS300020,서적,20241,104359582160,2185910,40781103722,51007493351,2383703853,7914163922,13612728880,29025220361,22774926336,16077853717,88440232528,15919349632
CS300020,서적,20242,85034695616,1713212,33931891634,41878000105,868247382,5955426347,12213890709,23555121625,15687067092,17530138588,71556361625,13478333991
CS300020,서적,20243,89919291540,1831367,35073299353,44129263201,1279703965,6762802969,11750427010,25179789021,19161180892,15068658691,77970847883,11948443657
CS300020,서적,20244,90748666832,1690044,33814501024,42827690786,739564790,6904313960,12724105868,22940280996,15838215653,17495777442,76608162966,14140503866
CS300020,서적,20251,92277118302,1902358,34921416488,45311441682,1341011955,7025784075,10407625179,25997967444,19267760735,16192786885,75709211103,16567907199
CS300020,서적,20252,82147410792,1553248,31957015079,37585389634,655628446,6530480599,11523388848,20818549870,13289426566,16724930378,68960928739,13186482053
CS300020,서적,20253,103033724190,1638044,35763660034,48060228014,960343348,7108284000,12024366430,23864558544,18524788541,21341493209,88403210202,14630513988
CS300020,서적,20254,108934172075,1703313,39414182017,52685299240,637211312,6854989246,13383203664,31992866485,18569726631,20661483931,91204033368,17730138707
CS300020,서적,20261,119312072589,2155284,48447343382,57493078054,1060798570,5660266261,14315826534,32600228529,29426763832,22876537701,97260948175,22051124414
CS300027,섬유제품,20211,37614341637,382393,11390465249,22195104242,34741287,1268306201,4713041415,6037310638,10920420427,10611856347,27689688273,9924653364
CS300027,섬유제품,20212,42831642882,450473,12007762982,24991998002,11065474,1625531616,5011535036,7330876418,11112857884,11907894564,32716193207,10115449675
CS300027,섬유제품,20213,40918367932,496526,12335809113,22800186061,35914127,1694877688,4463211900,6789026477,9709522154,12443442837,30623002080,10295365852
CS300027,섬유제품,20214,56517729428,505084,15978720393,32618549579,30164657,1959688777,5793020995,8577648528,12189750527,20046996500,44128100311,12389629117
CS300027,섬유제품,20221,37889467877,403355,11776807854,19206478825,10509267,1090587522,3856860159,6681392136,8742381852,10601555748,29344382273,8545085604
CS300027,섬유제품,20222,47283396124,480195,14066519890,26285255470,8238266,1520172704,4783733838,6539800043,12370683351,15129147150,36898791093,10384605031
CS300027,섬유제품,20223,41531791459,478220,11558804324,22370146247,9845299,1357194468,4077764008,5088263266,8978089996,14417793523,32364771750,9167019709
CS300027,섬유제품,20224,54612432370,476744,16174771536,29758479729,10810266,1311061374,4823738776,7764202596,16047198134,15976755503,44253054715,10359377655
CS300027,섬유제품,20231,35516491427,372303,10987248308,19214734765,10661389,1181985635,3272359583,5271245882,8640878403,11824780423,28423572429,7092918998
CS300027,섬유제품,20232,44847401266,496324,14360487418,25013755350,16518281,1149613738,5081510967,7662701352,9678308087,15788142534,35007054342,9840346924
CS300027,섬유제품,20233,36070089898,397650,10393159927,18947765274,14994186,876746523,3844370251,4987349448,8194598244,11421853091,27435267493,8634822405
CS300027,섬유제품,20234,42928920284,423157,14356875721,23914734704,6069130,924122868,3627720744,6088383329,9138459422,18486854935,34456712921,8472207363
CS300027,섬유제품,20241,27310112866,317492,8941193806,15162995137,23997124,499368283,3184770018,3392165153,6219271515,10784616843,20959998933,6350113933
CS300027,섬유제품,20242,37098475313,394230,12666376319,21317460344,11333065,547287068,3371122796,4186301976,10036243126,15831405120,30211323477,6887151836
CS300027,섬유제품,20243,27090179621,381961,9059459030,15524967645,12155478,678050241,2559558814,4228473161,6428503593,10677685391,21670642674,5419536947
CS300027,섬유제품,20244,32665665540,362104,10538224658,18104335244,6509130,989493158,2921583738,4177379287,7043082141,13504512461,25780649869,6885015671
CS300027,섬유제품,20251,24533139900,268073,9572632259,12869963506,4802073,728722489,1724852813,4486359247,4691005106,10806854045,19237976466,5295163434
CS300027,섬유제품,20252,27731522334,342740,9635595008,16302534366,4947554,564747410,2706305616,3118324858,7224176689,12319627243,21673780201,6057742133
CS300027,섬유제품,20253,28560172770,359183,9822559790,15516351413,18241215,718965373,2829821850,3358678807,6523065989,11890137962,22708590047,5851582723
CS300027,섬유제품,20254,32844078440,354963,10277780266,17478182992,10725846,790774052,2551675948,3732244908,7352373552,13318168947,26521194637,6322883803
CS300027,섬유제품,20261,25256025287,305870,8229206644,15356321046,5374463,575678601,1701708462,2800266933,6110526283,12391972953,19755533652,5500491635
CS200031,세탁소,20211,32006415802,1815001,13195528060,15250833522,77842599,3437526415,7133305047,8247837997,6584213408,2965564172,24789330076,7217085726
CS200031,세탁소,20212,42135186070,2351133,17727497496,21671157362,73277716,4549793798,9648459666,10561612854,9669396998,4896063461,32437165356,9698020714
CS200031,세탁소,20213,26249972448,1792257,10908746168,12028212619,69121841,3537233267,5865800863,5832508265,5153305067,2478764307,21125147989,5124824459
CS200031,세탁소,20214,38479228012,2273594,15345432670,18131307721,112520990,5298743629,8310206614,8643031945,7417486930,3694930830,31460525765,7018702247
CS200031,세탁소,20221,34252087522,1967625,14450936920,16042871103,89444990,3960180068,7561978345,8144601223,7319265958,3418109286,26762183245,7489904277
CS200031,세탁소,20222,50294854251,2581620,20766268272,24819914633,90189565,4969174854,10396188573,11733247909,12208883284,6188635856,39146548737,11148305514
CS200031,세탁소,20223,33447054871,2162447,13545987267,15420464539,72520503,4250921938,7061958659,7353881927,6930895329,3295138135,27151413241,6295641630
CS200031,세탁소,20224,42398728281,2420687,17466686596,19982640802,95024710,5293315287,9066753125,9131087849,9100072785,4763448269,33918234610,8480493671
CS200031,세탁소,20231,42620775260,2315872,18116600445,20346648523,67716954,4270522595,9298645284,9647672362,9905561381,5273019995,33377518761,9243256499
CS200031,세탁소,20232,50784636187,2591753,21447419225,24157255341,80450862,4692179685,10148299015,11225524229,12392396832,7065798886,40273711821,10510924366
CS200031,세탁소,20233,33252721540,2113135,13761545420,14204248212,78702033,3852252107,6743696986,6970120810,6724841086,3596162165,26429088044,6823633496
CS200031,세탁소,20234,44633433805,2462284,18572439741,20434709974,135807935,5075903270,8947285754,9357686974,9804877596,5685268244,35620446305,9012987500
CS200031,세탁소,20241,41857175490,2179975,17523966523,18981698329,58340178,3826279899,8166204846,9134053760,9872710204,5448511556,32327391090,9529784400
CS200031,세탁소,20242,55963091989,2616641,23151568957,26489181721,60541619,4556274554,10536243932,11485093515,14055110610,8947506506,44888280938,11074811051
CS200031,세탁소,20243,34329976575,2083167,13836085692,14312204669,75195618,3599768344,6658281173,6530037069,7078737762,4206159455,27498601021,6831375554
CS200031,세탁소,20244,45669249819,2448838,18944292557,20522026473,105529639,4785762789,8905566306,9100548757,10144762625,6424379530,36634694133,9034555686
CS200031,세탁소,20251,40217681685,2091711,17428767241,17839120973,56035128,3563205200,7555025275,8612718233,9587880696,5893122551,30940754820,9276926864
CS200031,세탁소,20252,53353711223,2486874,22265996175,25257023418,65403100,4066546269,9716550473,10748771807,13409969786,9515205180,41869795471,11483915752
CS200031,세탁소,20253,35124185123,2082851,14797314521,15046268163,75893542,3419247887,6987369049,7302354831,7116505854,4942169703,28224275568,6899909554
CS200031,세탁소,20254,45686653463,2342492,18607406024,20397715589,89670045,4177943034,8646392950,8652969596,10109853629,7325711337,36684536217,9002117246
CS200031,세탁소,20261,40773337004,2085085,17748882246,18257148282,50900920,3009839575,7773869258,8245279190,10058022962,6868046510,30920798082,9852538922
CS300008,수산물판매,20211,1282530068730,21223365,718296189342,449832029234,493829484,78575622735,230934819262,253892833178,284474850522,319756263376,673138663639,609391405091
CS300008,수산물판매,20212,1030184631672,16911231,551249949035,371168574376,386314167,68954598840,178820804651,206022597647,220245400968,247988807120,555278179218,474906452454
CS300008,수산물판매,20213,948498376069,16404519,509085253649,361124872316,576777613,64047565467,161245620623,181374528980,203709379111,259256254173,540991730917,407506645152
CS300008,수산물판매,20214,1253342507953,20656698,669409620444,448392586040,700567634,113598471640,231349819297,222797855085,262835358590,286520134232,707040863196,546301644757
CS300008,수산물판매,20221,1231500606907,20154946,678011007896,447992356866,500067820,71663700651,217479530009,224398764367,272095924659,339865377253,662220585435,569280021472
CS300008,수산물판매,20222,1277136703147,19276961,683944676282,450017294472,453162819,74283482080,219845125290,244162939233,259523398788,335693862552,690913106941,586223596206
CS300008,수산물판매,20223,1081420957233,17598437,562401411819,403686140924,588605773,65458832819,177270740099,182303331872,223212591809,317253450392,647993449082,433427508151
CS300008,수산물판매,20224,1527645240602,23738927,792570854846,532093962113,448406292,123104588476,264751264197,259941039235,294191099140,382228419613,831098677365,696546563237
CS300008,수산물판매,20231,1351695984394,21314512,723968009182,491291237689,307547015,76074271642,219648599159,232960620992,275786019347,410482188717,755389025729,596306958665
CS300008,수산물판매,20232,1200822523980,18818147,618958776461,443192347806,246673336,62451539118,190297125212,214042877419,232917674214,362195234969,686055577367,514766946613
CS300008,수산물판매,20233,1180696526753,18938304,589031277639,437801304298,390973438,57320250698,166394609466,192927372085,221045265003,388754111280,734427690609,446268836144
CS300008,수산물판매,20234,1676143325419,25361995,851642372833,584025569513,882840147,132041335768,273685151711,250976916703,293428362777,484653335253,947442056893,728701268526
CS300008,수산물판매,20241,1418151510734,20799682,747719515061,494392624624,449879900,68257180290,212893499908,232955220511,264887726706,462668632375,859679328305,558472182429
CS300008,수산물판매,20242,1154991803805,17524589,588004014574,404176239210,327046924,48384976466,167109382784,189301553680,200512786797,386544507148,716069468107,438922335698
CS300008,수산물판매,20243,1130166556328,17179180,565738494427,409531786348,403374895,47792154234,169529251768,181089670718,201709748448,374746080718,729107209044,401059347284
CS300008,수산물판매,20244,1419898900014,20705387,696851221435,499524047854,775304585,108405838220,240798942127,209947985053,242601842692,393845356626,880634743193,539264156821
CS300008,수산물판매,20251,1211209436864,18177552,620898589041,447611043093,360619680,56670504668,187776247709,179892427018,239957664311,403852168743,728834885446,482374551418
CS300008,수산물판매,20252,971584288161,14925087,485133551805,351379941258,208745443,39576814309,136769332867,149442136200,175796692066,334719772190,612680742192,358903545969
CS300008,수산물판매,20253,921087553652,15113069,456668476186,346250169023,453542698,47372187508,137086977401,133965905432,160405715852,323634316314,573856527763,347231025889
CS300008,수산물판매,20254,1451622864670,21890309,716132441454,532227088331,1210208854,107632796066,230625139070,202644801432,255268362244,450978222130,910182970934,541439893736
CS300008,수산물판매,20261,1210585013219,18084841,627316044326,445713968851,337549045,50805494999,171847535539,180552568071,228264142383,441222723145,728362068656,482222944563
CS300001,슈퍼마켓,20211,1282548894055,113156997,649742058865,575873528193,5537049489,144387342819,234089075151,287745526897,303398540871,250458051829,928298118413,354250775642
CS300001,슈퍼마켓,20212,1291060388998,122280416,655170184185,580274655305,7169282044,146290682880,234476341238,286284901868,304309537596,256914093815,934003943071,357056445927
CS300001,슈퍼마켓,20213,1386628703803,125464364,710925398877,618022515932,7226643192,158068780063,245216372241,306400939173,330141702333,281893385308,1001801998073,384826705730
CS300001,슈퍼마켓,20214,1268263226313,115113268,644076859344,565023125101,7791484488,151804409116,226228461942,279663800691,293074812661,250536962308,925810737219,342452489094
CS300001,슈퍼마켓,20221,1129908449321,100470378,585170457525,494159704502,4751987878,117524123240,204583238333,240468224629,269548112605,242454400002,810218980638,319689468683
CS300001,슈퍼마켓,20222,1151470610930,110059440,590272664052,503439737630,6699438319,117827275226,203475025148,241370689583,272805409959,251534612331,831755306084,319715304846
CS300001,슈퍼마켓,20223,1156167302320,109689530,595864757887,505323947357,6587700634,123974825092,204357347487,242237360185,273565687664,250465784239,848599147308,307568155012
CS300001,슈퍼마켓,20224,1118199139780,104487997,566791284413,483540615628,6926307715,124925737006,197782736318,230008153322,256241009670,234449031527,805422849099,312776290681
CS300001,슈퍼마켓,20231,1184571102327,103458891,591884651260,529643924117,4886682200,103762718649,204528854249,245607934319,282747791767,279994594195,871110368906,313460733421
CS300001,슈퍼마켓,20232,1145387155397,109760193,580014607132,514193833182,6982486497,107032727359,197708475736,234976249670,274291083425,273217522173,831973589086,313413566311
CS300001,슈퍼마켓,20233,1182040235487,110561304,598007685277,531277976302,6663803862,109494608498,199350136435,242493860069,284398619231,286884686061,854657712542,327382522945
CS300001,슈퍼마켓,20234,1185741277780,105852415,591030952210,531820139955,7063223619,111852315076,201049298505,240434585227,281031084496,281420585213,849498865085,336242412695
CS300001,슈퍼마켓,20241,1170312842140,100199220,583228979143,524668992025,4456789049,91143395098,197866990106,231619929379,280051726649,302759847608,859087419714,311225422426
CS300001,슈퍼마켓,20242,1188642423235,110985185,594555021624,539090055650,6621908019,98608163104,201433959749,236489885313,284079128819,306412091382,863989885162,324652538073
CS300001,슈퍼마켓,20243,1194980499785,109492333,599259705993,535365693838,6279082902,100066472685,198829983615,235537250973,285084802565,308827807133,866638249202,328342250583
CS300001,슈퍼마켓,20244,1152505770249,103697134,572336726657,520077082027,6570688459,99803083471,194710382001,227461042181,269372798549,294496231389,842703703257,309802066992
CS300001,슈퍼마켓,20251,1109457917712,95097111,553913839027,501974517174,3951411618,80442328134,183654753104,216215842515,263013211545,308610809260,797871131365,311586786348
CS300001,슈퍼마켓,20252,1149123534308,105721082,574102582446,519969050295,6186782051,89797457206,189557825517,223537031739,268382156170,316610435100,832940698107,316182836202
CS300001,슈퍼마켓,20253,1164292828723,105219845,581805639119,526109876061,6039757275,90715464078,188345600479,222825184677,271683309908,328306198764,846962569610,317330259112
CS300001,슈퍼마켓,20254,1118165475250,97814457,556974337211,509342738555,6145811992,89063722132,182061028823,215422467536,260413504776,313210540480,810864876749,307300598501
CS300001,슈퍼마켓,20261,1092127705441,92850689,547521204379,495168366163,3535945873,73758236556,174361880939,207217561687,255517142132,328298803386,782266256958,309861448483
CS200005,스포츠 강습,20211,77462747962,285656,25255922116,49277589697,172867579,11707972217,20213534359,26208707793,11977081472,4252493837,70621457285,6841290677
CS200005,스포츠 강습,20212,110978281025,416135,36294089811,71620717747,202175572,17264624098,30507930305,39044463404,15198226004,5695837882,101676280559,9302000466
CS200005,스포츠 강습,20213,103205412902,432547,35073105043,65475055836,361184857,16846858020,27448259871,36831737594,13604764732,5437569039,95095768675,8109644227
CS200005,스포츠 강습,20214,117470266009,523663,38315522024,75456821312,311660719,17299738235,30872723882,44582152394,14714185969,5994789391,107815249630,9655016379
CS200005,스포츠 강습,20221,113846661122,496447,37727923388,72788408676,172446783,15547101553,29059336760,42401185701,17187698507,6148562763,104473879624,9372781498
CS200005,스포츠 강습,20222,121587743320,515083,41729913417,75903338450,245814453,16799879320,31001873301,46702150736,16806302147,6074416786,111508866383,10078876937
CS200005,스포츠 강습,20223,117742527034,494327,41766398075,72160198705,245900902,16021206924,29858386385,44998890720,16723339293,6079067515,108993190457,8749336577
CS200005,스포츠 강습,20224,115098102544,475807,41900947805,69283130083,305089391,15211194408,29592009082,44283103981,15442232119,6357790203,106185896993,8912205551
CS200005,스포츠 강습,20231,126892501381,512766,46368739929,76360302664,134743617,14790308678,30574785482,51343731880,18540897500,7350561517,116732825779,10159675602
CS200005,스포츠 강습,20232,128066012021,569289,46925005309,77259132927,207095107,14328750342,32568109639,52562229755,17666263902,6854902824,117574405799,10491606222
CS200005,스포츠 강습,20233,125559103025,568842,45661043493,75547599279,266532359,14889724218,30452703256,51431612812,17125838812,7042231294,114852800218,10706302807
CS200005,스포츠 강습,20234,118606550320,501091,42547145386,71807466654,257324537,13384897324,27844952366,48651969393,17135630865,7080780339,108103692536,10502857784
CS200005,스포츠 강습,20241,130638684670,548685,46113877606,79824152127,227285737,13655415941,30767522891,53661991890,20316322619,7315983508,119469440721,11169243949
CS200005,스포츠 강습,20242,128793186579,566605,46765248309,77484593045,229994674,12578429390,32214642088,51725428093,19929179553,7572021388,116942826515,11850360064
CS200005,스포츠 강습,20243,125621989726,560552,44909131421,76391286774,264735815,14179488115,30537603201,48808297731,20404872792,7104969583,114839751900,10782237826
CS200005,스포츠 강습,20244,118119524456,527337,43506923857,70331428348,375080041,12108702208,27322935716,47445624138,18541581285,8044347897,107129349337,10990175119
CS200005,스포츠 강습,20251,126104318027,536289,46337988723,75448826049,216734678,12606327603,30290335683,49470318770,21012633329,8190826544,112272146463,13832171564
CS200005,스포츠 강습,20252,121876417910,516211,43516092896,73657439106,222838869,10843787131,28773390770,48670778532,20175222229,8486069479,110574481295,11301936615
CS200005,스포츠 강습,20253,122011915521,482801,43926839972,74201351131,230924488,10972753091,30622241242,49470702889,19027306328,7804236115,111333115008,10678800513
CS200005,스포츠 강습,20254,112657689624,452809,40366656202,68503788194,267988387,10081607503,26617053267,46367881746,17708040794,7830234732,102010507618,10647182005
CS200005,스포츠 강습,20261,116495179033,463749,41770344011,70677081345,133040333,8585487567,27115467035,46810561649,21583999404,8218852121,104164409238,12330769795
CS200024,스포츠클럽,20211,94699643425,326798,43918895952,46765031859,379450105,24996081445,24442538132,14577706769,18816655527,7471495829,81752801795,12946841630
CS200024,스포츠클럽,20212,132422144659,454385,62363978576,65119989500,735101371,38093987169,36214949594,19427737154,23305413563,9707852760,117830268299,14591876360
CS200024,스포츠클럽,20213,112488454197,398242,52735634278,55370116435,556521297,34804901343,29369488591,15945596327,19718666931,7710004949,99169709007,13318745190
CS200024,스포츠클럽,20214,121917448538,451623,55303380050,61286488250,911912123,34873933827,30362303434,19408075422,21680436821,9353705595,108712322321,13205126217
CS200024,스포츠클럽,20221,130054862064,534931,59096053326,64916091530,598283493,35545154143,36616535401,17572331577,24085559050,9589972884,113150395746,16904466318
CS200024,스포츠클럽,20222,142765287566,641987,68246635683,68889033968,784388021,38086397124,39463357202,22698716761,24926105104,11176589096,127147615547,15617672019
CS200024,스포츠클럽,20223,136754296373,656812,62310191054,68542083327,618178188,37884216064,35461079454,22726137073,23446151146,10716055945,121945577128,14808719245
CS200024,스포츠클럽,20224,124827823684,620128,58284329171,60204249755,551173729,30784697796,31047327733,21703121295,23174121204,11227432822,109453427868,15374395816
CS200024,스포츠클럽,20231,144378357506,711469,64738918965,72448537156,531312374,33702211763,41810007784,22889014736,24908003290,13346855200,128498923214,15879434292
CS200024,스포츠클럽,20232,134999605263,695540,62312576317,66229663622,588208377,30867380360,40164846906,21920287265,23009836236,11993783281,119710981915,15288623348
CS200024,스포츠클럽,20233,134062496260,711061,61354945776,66774323723,656743367,31398981980,36801938198,21987493157,25434768274,11850152749,117447721853,16614774407
CS200024,스포츠클럽,20234,115396346618,652251,53343743440,56324558332,594444286,23865203558,30200191705,20314877721,21801332023,12891906274,100505743854,14890602764
CS200024,스포츠클럽,20241,123947773729,617285,56448415773,60311700421,329167424,24917539834,37081230157,18872539998,23656467621,11903171164,108569030241,15378743488
CS200024,스포츠클럽,20242,113786745837,571084,50802479666,56667627668,383945684,23117579380,32816866400,18004402562,21769114364,11376779684,99555929875,14230815962
CS200024,스포츠클럽,20243,107947018470,554096,48412017353,54748324588,480225310,23579145342,29638178743,17338897820,20524367852,11598781516,95095896350,12851122120
CS200024,스포츠클럽,20244,98564188547,505269,45529314491,46026468988,495884236,16990311882,25960791202,15998604465,19391013529,12719185597,86757016000,11807172547
CS200024,스포츠클럽,20251,104551806834,519386,46682838498,51018628499,306544199,18136899656,27821737947,18669231023,20429306428,12337665677,89152198283,15399608551
CS200024,스포츠클럽,20252,90567805681,460039,41495529593,43316594305,356053002,14531015322,24341884732,15753391014,17513067866,12316711951,78477985966,12089819715
CS200024,스포츠클럽,20253,125132392354,620846,57186516522,62484768010,436884322,22838594473,35235920197,22561796859,23750682995,14848353655,108967253477,16165138877
CS200024,스포츠클럽,20254,102435648109,549608,46398238051,51170299524,533960889,15515419627,26770236181,19757543538,21594468906,13396539440,89050331757,13385316352
CS200024,스포츠클럽,20261,110408766553,564974,51159690264,52726273706,314863339,15364979789,29413703958,19887883743,22725198387,16179333689,92184540398,18224226155
CS300017,시계및귀금속,20211,295303637291,673317,148842423022,115717947004,577220660,24250053894,68386987455,56505498397,55976323073,58865211697,225819045036,69484592255
CS300017,시계및귀금속,20212,294737665742,783432,147047274960,130334075681,544995963,29711525315,63407124260,65861485539,63024105632,54833643683,214142563217,80595102525
CS300017,시계및귀금속,20213,301619682280,789121,146535918185,133365139006,878145370,32316099856,57466011433,67320835653,62131292721,59789062816,236198642319,65421039961
CS300017,시계및귀금속,20214,327738317392,827020,157200595740,129709552440,828610233,33389785569,55859780185,63933265725,70268060897,62630596763,255708608517,72029708875
CS300017,시계및귀금속,20221,272147902816,716237,128684600028,119805389771,771361631,26930028645,49317881235,57351833419,57117477757,57008349192,205760920169,66386982647
CS300017,시계및귀금속,20222,278274685328,815677,125388154396,132004711659,780131747,26634205120,50387461087,65130198113,59529168730,54931701253,212533499652,65741185676
CS300017,시계및귀금속,20223,282995150253,795760,128787575728,135565679455,1162093469,26346591878,48741799710,63481013933,59618136488,64999960959,209588774182,73406376071
CS300017,시계및귀금속,20224,314171945349,771655,140911948972,133443602418,1034175803,24539786317,56209884336,67028979860,62947598584,62595014627,242773107681,71398837668
CS300017,시계및귀금속,20231,301611215274,698739,141427552507,136275831975,535485345,18929456410,52762060439,62204691508,67594609858,75677099800,239355484015,62255731259
CS300017,시계및귀금속,20232,278586728293,757884,132128659452,130777259901,431288677,19253548961,51494920103,63659838331,57123934513,70942016822,217546219324,61040508969
CS300017,시계및귀금속,20233,304779982399,738658,147394335453,141584429822,198495271,21946036970,59197168869,73417330420,73205264494,61014469256,220559751322,84220231077
CS300017,시계및귀금속,20234,305485232089,722290,141011182159,125160477815,331900751,16430057317,47504188617,68016529832,75299696082,58589425143,243866286554,61618945535
CS300017,시계및귀금속,20241,273087269964,650275,132702698898,119210737661,157279407,15889330410,54431940891,57444353221,60063883513,63929673116,210585382483,62501887481
CS300017,시계및귀금속,20242,281383114264,690378,128414444233,126265531095,168243202,18161998453,48621144495,56590809213,64379335468,66758444506,225433413137,55949701127
CS300017,시계및귀금속,20243,290899431960,639183,136181076810,138241355485,275358173,17131232001,51591908159,65260721010,65735013819,74428819643,232868412723,58031019237
CS300017,시계및귀금속,20244,310108068605,611455,138327621015,131185107441,230551782,19975297801,51874484336,53284623082,74331876617,69815971844,250221840619,59886227986
CS300017,시계및귀금속,20251,316450057097,526964,143890518634,123161365567,109624607,16853725472,49497476263,51522927691,73852898682,75215231496,254211059140,62238997957
CS300017,시계및귀금속,20252,262213980527,571860,130182365491,111077591137,111236557,16321819083,45184126655,51573148383,61222352605,66850769928,201391076866,60822903661
CS300017,시계및귀금속,20253,296987705852,627625,151931690912,122820605058,305211488,15972550904,51261673827,64310519852,68122840320,74778951976,227337009949,69650695903
CS300017,시계및귀금속,20254,338582930666,563483,142994646657,155574535059,1049081496,15189155117,53310609172,60442971275,83373094120,85204314537,255630273203,82952657463
CS300017,시계및귀금속,20261,314780761928,451630,139414819554,140840869298,221059415,11234744393,54969023841,65169180308,74112337755,74549343147,239250971984,75529789944
CS300014,신발,20211,123293191710,1299090,59538443545,57777602244,986689018,28882552921,28925804440,18611608100,22060107604,17849283706,79151193701,44141998009
CS300014,신발,20212,153946795190,1871661,71457824958,76205873415,1247997373,31334307118,35798788941,24574037807,28319473120,26389195592,100283705532,53663089658
CS300014,신발,20213,134429819181,1593327,65221035107,64113627020,1446469295,28575756558,29833193952,19648546817,29162796181,20667899336,89842153544,44587665637
CS300014,신발,20214,146895685822,1653663,69442753774,71914502178,1362371670,28379007923,33407609719,21886287881,30308085574,26013893196,97828161765,49067524057
CS300014,신발,20221,95177694873,1033671,47969564138,43884653188,710904655,15706823986,23066387400,15402680679,17402669352,19564751254,60469487393,34708207480
CS300014,신발,20222,124298590981,1647317,54276565967,64722185885,732213972,18360972439,25814634810,19556075181,25245571583,29289283852,81739633195,42558957786
CS300014,신발,20223,103921931989,1276430,47552510363,50522661603,820352837,16537025242,24295725771,15299000310,19103713726,22017301415,72274296033,31647635956
CS300014,신발,20224,123807804925,1404958,56148361426,60313759036,848125920,16796574841,26746890039,17883757519,25984311004,28202298382,86152762991,37655041934
CS300014,신발,20231,123011739011,1334579,55314141270,63083092009,822869183,20244123177,28114765597,20675146819,24324956191,24215372309,79748951443,43262787568
CS300014,신발,20232,126261398015,1522005,54878562225,65919446238,610350404,14450976678,21369249237,18880182672,32024257262,33462992211,89302285645,36959112370
CS300014,신발,20233,153737412449,1758526,75003328063,72675155897,775811306,17329610594,31060295088,32272615367,38397902761,27842200601,100609026377,53128386072
CS300014,신발,20234,158417542988,1609521,77068508075,73999877205,971413562,19689248388,29945939168,27512162428,41447469951,31502151789,107505092973,50912450015
CS300014,신발,20241,111759223191,1080982,52250805312,51579356620,420755444,11583798062,19165829643,17574575422,29601737735,25483465635,80470869337,31288353854
CS300014,신발,20242,125414523977,1414640,60767894084,57825125613,380928303,11026348711,19126145913,19057144723,34717450635,34285001414,93922933784,31491590193
CS300014,신발,20243,112014092447,1198458,53372703173,49898063022,500249968,11775536419,18844377448,18250543398,29083433631,24816625320,81164794991,30849297456
CS300014,신발,20244,124099673565,1280864,58544746592,60027918482,680338754,12741795959,21219455477,19670222652,30364060361,33896791856,89880894791,34218778774
CS300014,신발,20251,84353917225,904708,40923101071,40559653292,252265114,8488446360,14991161352,17607201527,20023540841,20120139174,60532378152,23821539073
CS300014,신발,20252,107689170176,1192144,51500365986,49595459339,310419074,8747430679,18064243506,16862528150,25967654966,31143548954,75766816032,31922354144
CS300014,신발,20253,94834506052,1084211,44869398759,46723912162,535547650,10202715414,17334507793,15364899344,21858118056,26297522674,66380651286,28453854766
CS300014,신발,20254,115119243871,1085190,55626076468,53976312200,578840325,12557518481,19283898545,17446406917,29030496716,30705227674,84450803356,30668440515
CS300014,신발,20261,93395015575,858240,46481531135,42877278565,309537621,8547173095,15803382666,16320350738,23799895826,24578469759,63856988330,29538027245
CS300016,안경,20211,115909192247,1299872,53657373439,61149047315,863112772,20240611403,22731353396,27992469992,27324921077,15653115894,76869517330,39039674917
CS300016,안경,20212,124709345925,1397655,57256785708,66019337963,947231922,22645092272,24485344671,28948251512,28082414807,18167921441,85258816085,39450529840
CS300016,안경,20213,136113870688,1483385,64333763190,70549754426,1193057912,27162205251,26381299915,31683263987,30832442816,17631247739,94191309031,41922561657
CS300016,안경,20214,120595649290,1399588,55059187189,64213896151,1331164646,23899009827,23402112203,27946005665,25692065258,17002940315,85302742760,35292906530
CS300016,안경,20221,118445947355,1310084,55388724469,61793457855,965531906,20436092837,22517222808,27859673645,28415661273,16988174810,81228272926,37217674429
CS300016,안경,20222,136213745671,1510769,62579535130,71939339012,1073510561,23156915160,25692527579,31400360437,31601688504,21593848212,93962240369,42251505302
CS300016,안경,20223,132189864216,1496281,61060296487,69780603143,1202758194,24297815420,24565003716,31089310751,30546803417,19139046507,95373468516,36816395700
CS300016,안경,20224,125221008709,1446539,57337480043,66072517120,1297807785,22681116243,24134133992,29590233555,28024092436,17682953653,86596851499,38624157210
CS300016,안경,20231,131248823085,1421743,59957464399,69818293866,920177568,20427057616,24949439011,30913325903,32271758618,20295232049,93257347899,37991475186
CS300016,안경,20232,140335410813,1507446,64564627806,74355691767,1071456723,21701194511,26522841420,32027984991,33906966512,23689727542,98569941496,41765469317
CS300016,안경,20233,137080235410,1483149,61458859328,73588038237,1126942164,22097108011,25183249012,31877898416,33484449355,21276616580,94871159483,42209075927
CS300016,안경,20234,125067130288,1374778,56641310053,66915284184,1258741222,21268242675,24046884170,27317525748,29048653331,20613498681,87454429222,37612701066
CS300016,안경,20241,135264212203,1371378,61165963795,72602841792,873871348,19251943265,25947558983,29946920875,34547623159,23200804657,93679714639,41584497564
CS300016,안경,20242,140150196079,1439919,63001407511,75672102346,931482577,19599263453,26736326323,30479553866,34302831308,26624284438,98871758500,41278437579
CS300016,안경,20243,130481604544,1358519,58811215558,70220550668,1003387889,20216070591,24831934270,28991933958,31502206949,22466237553,91098976752,39382627792
CS300016,안경,20244,122512201016,1292127,55266986280,65711193386,1036420945,18331444357,23831272996,26956823657,28938447605,21879682287,86804987440,35707213576
CS300016,안경,20251,122288118248,1220297,54619511543,66362605225,704124361,15779407316,23642335008,27277490455,31066387513,22512532808,83322700767,38965417481
CS300016,안경,20252,131179093275,1325339,58535352273,71175352613,810930985,16656559752,24546009975,28464151971,32256001331,26976894171,92297397370,38881695905
CS300016,안경,20253,142435013426,1425371,64776561867,76592039629,976117244,19224250726,26615513169,30513595582,35421651796,28617346003,99122573311,43312440115
CS300016,안경,20254,125347118880,1299448,56178403461,67866113983,1123507364,17844883006,24387386848,27214340768,29177382764,24296853779,88247182926,37099935954
CS300016,안경,20261,128682721796,1242116,59125045517,67970553712,579552062,14551794655,24487333053,28487926556,33367001131,25623425705,87644956960,41037764836
CS300029,애완동물,20211,16824481587,457518,7218480527,9375440491,50212644,2588575435,3516484709,4173210334,4012273488,2252818274,10538765686,6285715901
CS300029,애완동물,20212,16867976695,481208,6961986870,9626388456,77267975,2831433211,3561040256,3782207454,4023007820,2313418604,11185818039,5682158656
CS300029,애완동물,20213,17336837268,502874,7234137022,9896263852,93678416,3238601334,3675123481,3679880132,3864010138,2579107370,11515426979,5821410289
CS300029,애완동물,20214,18309810257,503310,7423073712,10175497488,121858280,3161344689,3520589950,3810145788,4364179986,2620452522,12225332093,6084478164
CS300029,애완동물,20221,16301929063,443825,6692486113,9337099666,53204904,2371293834,3347243949,3751139628,4105931563,2400771896,10179714787,6122214276
CS300029,애완동물,20222,16343710173,453174,6903843147,9225179218,102141779,2419921476,3651886758,3425364862,3746135218,2783535737,10883579797,5460130376
CS300029,애완동물,20223,14854850984,411759,5932082548,8647205805,58518116,2252325977,2894696655,3441595788,3504662997,2427409921,9704943419,5149907565
CS300029,애완동물,20224,13878413092,390381,5782023773,7596787457,58379077,1962889626,2651328762,3180615060,3321609836,2203988865,9306972119,4571440973
CS300029,애완동물,20231,13432909302,366481,5473111853,7727017839,30870026,1721119086,2344949920,3165262600,3171625595,2766302469,9452543906,3980365396
CS300029,애완동물,20232,13216370989,341715,4964008755,7001141209,52023942,1579209700,2342092376,2568975360,2727396426,2695452159,9430229905,3786141084
CS300029,애완동물,20233,12243876600,328499,4842492930,6683066012,42567176,1455189091,2309781193,2635845097,2668805839,2413323331,8507766793,3736109807
CS300029,애완동물,20234,12646091006,351594,5288975253,7054341609,51961380,1780877929,2412979559,2583272788,3024309885,2489915325,8296828177,4349262829
CS300029,애완동물,20241,12979810013,337219,4915271503,7738845962,42926774,1295758223,2027983359,2493166551,3085325753,3708956809,9014668448,3965141565
CS300029,애완동물,20242,11881439319,340708,4974859395,6613496562,55640895,1279000080,2151986937,2260774104,2601150580,3239932583,8028651086,3852788233
CS300029,애완동물,20243,12970980539,326103,5505999750,7146435855,41106789,1289373603,2222708421,3082701692,3136015078,2881183292,8892839962,4078140577
CS300029,애완동물,20244,11685333084,318621,4519843681,6825056772,38157698,1667294061,2176164259,2282270604,2679236995,2501776832,7899205342,3786127742
CS300029,애완동물,20251,11903169755,280365,4685604601,6735275061,70771178,1362143667,2190444867,2441876855,2908756374,2446905529,7593872948,4309296807
CS300029,애완동물,20252,11971036260,293588,4569073612,7044832025,20308258,1821495180,2479153393,2187828565,2397766401,2707353842,7967933647,4003102613
CS300029,애완동물,20253,12883202932,279977,4477452602,7932053458,23809458,1666574507,2822815859,2348605448,2457149428,3090551368,8639107331,4244095601
CS300029,애완동물,20254,12166659530,260864,4183248969,7688790864,57538914,1225171998,3234238798,2322106668,2237591728,2796385371,8325126453,3841533078
CS300029,애완동물,20261,11781213352,236529,4443926013,7093388834,10705040,1104641210,2943719035,2421979554,2558080104,2498189916,7818096991,3963116361
CS100004,양식음식점,20211,248015584918,6799672,102742967099,101649598883,2421597442,63986036925,62193298019,36564408466,27513189485,11713938344,168086430190,79929154728
CS100004,양식음식점,20212,301812111638,8176267,122379199047,126247569811,3007429075,76806991257,76624208142,44779383655,33011311724,14397445021,204918535156,96893576482
CS100004,양식음식점,20213,255473329536,7228028,106785564589,106850580515,3113752114,69573614183,64237090528,37704016142,26931395441,12074879194,173556251959,81917077577
CS100004,양식음식점,20214,344432479531,8507874,137807724477,141455497552,4459778128,90206075789,84576490146,49263664368,34744594227,16012619342,232601992365,111830487166
CS100004,양식음식점,20221,276595772314,7109048,113634140782,115427561012,2884872871,69303509131,72513119287,40303109465,30247919654,13809708955,185138023790,91457748524
CS100004,양식음식점,20222,375414918515,9167776,150575672144,155776559647,3249004234,85039348291,99225830337,58577864162,40473134151,19787050547,250501197434,124913721081
CS100004,양식음식점,20223,370445681013,8943801,148798621953,152848772543,3506870215,86253478169,94526193874,57882748916,40406841962,19069979484,252931804803,117513876210
CS100004,양식음식점,20224,398977702502,9214612,156596058904,160473615656,4030985568,88168086630,97817129525,62000091252,43367780715,21685600872,263055577961,135922124541
CS100004,양식음식점,20231,370793060206,8730315,146494526218,151067067529,2561881467,72342208817,96653435418,61372200467,44035119265,20594635636,259480453139,111312607067
CS100004,양식음식점,20232,370329960363,9154344,147795547240,150888756006,2949947795,72342499073,95374350518,61768949223,43716935137,22531621572,251240977580,119088982783
CS100004,양식음식점,20233,355706125677,8712651,141803236781,144687248270,3125269853,70829847490,89278839725,59197240735,42980857303,21078263007,239582296609,116123829068
CS100004,양식음식점,20234,379725213814,8552528,151320037687,147023187166,3821493913,73005249976,92751425985,61056524061,44371171985,23337358855,254716023682,125009190132
CS100004,양식음식점,20241,339636537307,7964730,138060051231,135913004173,2138335102,60259262993,89172119474,57427147744,42275457844,22700732332,229877886655,109758650652
CS100004,양식음식점,20242,344805278153,8554205,138777993309,137893061122,2405980343,59952258820,90647799525,58055252445,42583246281,23026517026,235685877551,109119400602
CS100004,양식음식점,20243,329381858873,7993743,131782262160,130887044794,2605838565,59507834445,83015013825,55701540269,40428577907,21411326124,225499426994,103882431879
CS100004,양식음식점,20244,372102952020,8008121,145639228209,140558433741,3271333301,64917046124,91080555571,59434178819,43295610961,24196728454,259969680847,112133271173
CS100004,양식음식점,20251,316641302114,7134443,129482380369,123017511311,1943378032,53483274703,82904378396,52311815847,39517328983,22339642588,211842946612,104798355502
CS100004,양식음식점,20252,334296848378,7842415,137277323559,129989122003,2485739625,55535537191,87660386650,56328629685,40901082046,24355070371,225413872824,108882975554
CS100004,양식음식점,20253,333346019722,7675400,137166025681,129395041185,2761239933,57493441111,85563256094,56395787907,40745037750,23602304072,225205840990,108140178732
CS100004,양식음식점,20254,355364186802,7382273,146818294655,133859951158,3536260978,60343010308,87602557119,58660762442,43718773247,26816221946,244004194972,111359991829
CS100004,양식음식점,20261,318013807731,6745287,135540797628,121243661489,1827140600,50848772924,81710656860,54607893918,42542782607,25247846728,209849499192,108164308539
CS200034,여관,20211,62300164958,1456895,41585844725,14325252716,1042377286,17381855963,13561359839,10888384077,8987329696,4053883966,40534367328,21765797630
CS200034,여관,20212,68120069782,1549212,45176017106,14491125648,1118226284,18125756890,14469603852,11647527128,9325004788,4980101571,44546250087,23573819695
CS200034,여관,20213,62101879954,1490922,39434020853,13009116684,1230948150,16022763366,12639367464,9774797037,8514346836,4259989632,40977606634,21124273320
CS200034,여관,20214,72653823218,1557003,48086867194,14734267920,1294529713,17942916437,14403898471,11615672040,13106027921,4458090545,48592328506,24061494712
CS200034,여관,20221,57599055076,1366632,39160560631,13668644798,1038517317,13106668800,13341539727,10958660014,9420609084,4963210504,36875032871,20724022205
CS200034,여관,20222,62826691004,1469838,43450618907,14159685685,898696601,15274219126,15461617256,11663472835,9753164328,4559134444,38866753567,23959937437
CS200034,여관,20223,65781678930,1478687,43754439467,14897177898,971847271,15445906350,15312417295,11989513671,10072238687,4859694085,41990509829,23791169101
CS200034,여관,20224,64293166707,1401706,43447117986,14552545984,875638340,14075960995,14926024318,12690059288,10362803156,5069455220,39790867280,24502299427
CS200034,여관,20231,73552742378,1371453,43464185895,15994501835,771729585,12337478369,15795625651,14736250909,10756230924,5061372307,46919157062,26633585316
CS200034,여관,20232,60657765449,1297614,38663933105,13282973101,736436780,11428051192,13311712700,11185882082,10080219598,5201531176,39258607270,21399158179
CS200034,여관,20233,58308695225,1296207,38069028201,13089547917,749976303,11729986231,13016636201,10801860150,9899484492,4960632736,36660935833,21647759392
CS200034,여관,20234,68473065507,1276718,37844912719,13256704489,695960907,11102966105,11991040270,10549916048,10863673177,5898060668,43995274112,24477791395
CS200034,여관,20241,65227445175,1199605,36721717998,13232187826,511842595,9115213797,13145266535,11203752991,10355777399,5622052528,41199046713,24028398462
CS200034,여관,20242,64738926115,1245287,34583497823,11998665968,485569630,9199023779,11892825086,9875789113,9546861165,5582365163,43489307413,21249618702
CS200034,여관,20243,66846551483,1268476,34638804238,12333788259,563986366,9639662558,11740893164,9624297263,9747134639,5656139600,45882940520,20963610963
CS200034,여관,20244,63523943045,1205518,33545075950,11511132096,525547690,8901890314,10717615469,9604326446,9494247666,5812580465,42176732636,21347210409
CS200034,여관,20251,59671697142,1127450,31425908858,11514227466,456085176,7319593786,11003551369,9774511056,8664812004,5721582954,39046524748,20625172394
CS200034,여관,20252,59612208789,1119488,32725598533,10861715015,453747915,7605993768,10136167483,8826597335,9056925780,7507881289,40558186445,19054022344
CS200034,여관,20253,61030779692,1174206,31908048004,11535165883,468038316,7964692953,11011863954,8836256775,9158370940,6003990948,40376058276,20654721416
CS200034,여관,20254,59608662183,1109764,31181160642,11542434080,439220573,7205858323,10994671365,9233215799,9401086396,5450332378,40261927548,19346734635
CS200034,여관,20261,52827073318,1028611,30524998543,10115537998,364700885,6191400501,11689418704,7783358519,8528234037,6083057403,34117093303,18709980015
CS200003,예술학원,20211,97388791049,431061,39663705287,56746285926,318319395,6613798495,14980938950,51904804199,19164261725,3427868446,81851320369,15537470680
CS200003,예술학원,20212,116537346265,558604,46030629758,69289530024,593197722,9480345634,22225933378,61351533997,17617840257,4050072297,97905858845,18631487420
CS200003,예술학원,20213,130854312493,577777,52131165572,77498750299,691395400,10039550916,22756606069,69858829764,22075733679,4207800028,110325982582,20528329911
CS200003,예술학원,20214,131317937222,574046,53088866247,76712906656,724285018,9629784952,23625165006,67476565410,24196924498,4149849781,111787851264,19530085958
CS200003,예술학원,20221,117199333369,532611,48009254613,67920389165,344616920,8115239559,18650687407,61705357722,23044426407,4069315767,98727958425,18471374944
CS200003,예술학원,20222,132090570538,616330,52530637652,77821164772,503142811,8863920657,23510032321,70517182358,22943986737,4013537560,111498625670,20591944868
CS200003,예술학원,20223,143151342279,630414,58266330250,83296580783,804721735,8354121300,23218259600,77386693859,27134451604,4665476676,121995789813,21155552466
CS200003,예술학원,20224,142644188200,614394,58205463447,82756603020,572737941,8096794005,22825137210,76364815707,28269797239,4832784365,119551291170,23092897030
CS200003,예술학원,20231,135436171833,623035,55060053747,78962949556,350471799,7413579507,20429425358,74383731936,25957029237,5488765479,117070697121,18365474712
CS200003,예술학원,20232,144133335074,671388,58176817873,84732031883,392269871,7401732295,23693218673,79739355026,26687653849,4994620027,121898440316,22234894758
CS200003,예술학원,20233,158716550998,685332,64509415464,92890248476,481334588,7415843654,23850155536,87236355261,33019040807,5396075054,132861829066,25854721932
CS200003,예술학원,20234,150779336326,626257,61386411307,88054075331,469280938,6539289782,22819580412,81514580870,32724704481,5374408261,125579847066,25199489260
CS200003,예술학원,20241,147717553786,656372,58622907094,87774404947,197674396,6542900148,20240090536,82042353386,31852849038,5521116082,125931486757,21786067029
CS200003,예술학원,20242,143032199042,654379,57557977335,83794331758,410538365,7175697809,21519211659,79722157331,27738065801,4786638135,119217228048,23814970994
CS200003,예술학원,20243,154245240733,647420,63219570756,89667909452,663408983,7588346359,21311371417,82809010368,34819264371,5696078713,128497423328,25747817405
CS200003,예술학원,20244,148068347869,620648,59357292145,87377140648,502132586,7132276935,21049296085,77674219249,34928715896,5447792042,122216993130,25851354739
CS200003,예술학원,20251,137687632682,605301,55389864026,81129082567,292955707,5750167106,17103094999,76182068659,31152890347,6037769765,113570049309,24117583373
CS200003,예술학원,20252,140641559320,622637,56571904117,81865240253,483169527,5813014683,19261704486,77906147675,28696708211,6277120434,117306654996,23334904324
CS200003,예술학원,20253,173982341974,694388,72097865551,100248490734,673759424,7808919753,22209080701,94030477177,40473943393,7150175833,145188459889,28793882085
CS200003,예술학원,20254,161933684437,637233,65234298253,93989776515,365859603,7299122373,21096556294,86310603457,37927226543,6223359128,133344611920,28589072517
CS200003,예술학원,20261,151349929515,636508,59479612776,89030588290,240873412,5528581507,17346324748,84195134442,35019639749,6179557039,125143663311,26206266204
CS300026,완구,20211,29034860563,526813,18489895277,9324249184,123318561,2530458980,10262865213,9866811883,2468360189,2562329634,15698562821,13336297742
CS300026,완구,20212,31368056158,628227,20504109483,10198955093,140162526,2921651198,9832497635,10699093975,3371184700,3738474538,17602272269,13765783889
CS300026,완구,20213,33743985959,700092,21966160627,10741356860,200870921,3033840284,10734208510,10060280261,4020095394,4658222116,19523154627,14220831332
CS300026,완구,20214,32067051820,644297,20341169756,10529305013,281122555,3445526983,10668549879,9439123374,3457179312,3578972662,18112437538,13954614282
CS300026,완구,20221,9661855789,157367,6662670058,2251080906,85861674,1364526880,2002403879,2489040040,1400624902,1571293591,6171540302,3490315487
CS300026,완구,20222,11929344287,212960,8830807351,2409944029,66124977,1444516494,2285221958,2532217210,2277473922,2635196821,8360761221,3568583066
CS300026,완구,20223,13296344835,224056,10183478232,2137214943,104761545,1227313095,2547138474,3749591751,2282708046,2409180268,9321390419,3974954416
CS300026,완구,20224,10956463843,186499,7658875711,2184841221,92657129,1392307240,2425685153,2667450591,1515110905,1750505912,7059482435,3896981408
CS300026,완구,20231,27398753244,604247,15497692836,10762390284,260918065,2922204811,8355469471,9634558498,2371343978,2715588299,15287080598,12111672646
CS300026,완구,20232,9911322137,219771,7439311088,2103080383,111094016,1512034048,2189031951,2320839283,1523758662,1885598728,6614173276,3297148861
CS300026,완구,20233,11347650478,242358,8076470060,2632900715,146385022,1425938637,2401524760,2358217065,1953682973,2423622307,7597613798,3750036680
CS300026,완구,20234,28843374743,644425,17283479697,10726701887,247807519,2353789359,8187188761,9795056534,2780693069,4645646344,15693743917,13149630826
CS300026,완구,20241,25658121300,1581981,13999928062,11041585672,300645514,4492936371,7627035071,7469576514,2250418874,2900901390,14141171940,11516949360
CS300026,완구,20242,27303993433,1480802,15781670983,9688470139,268308415,3781121595,7272960779,7983840006,2930664485,3233268434,15257854273,12046139160
CS300026,완구,20243,28502468467,1860614,16309108811,11458557879,357299216,4753233481,8754888069,7987458870,2378896085,3535890968,16413387954,12089080513
CS300026,완구,20244,28147005441,1708111,15603872761,11689730932,550738753,4728510390,8707963430,7563919975,2504502266,3237968883,16937111391,11209894050
CS300026,완구,20251,27028233424,2125241,14894159648,11488247163,368344989,5494630521,8503081104,7479001020,1942673682,2594675494,16433396049,10594837375
CS300026,완구,20252,30619189960,1704027,17932629600,11397527706,382011070,5461963207,8748535508,7775631560,2828951535,4133064427,19129041615,11490148345
CS300026,완구,20253,31696331073,2008998,17413676081,13893773926,574785321,7394379684,8770157857,7278875929,3188016088,4101235130,19490426518,12205904555
CS300026,완구,20254,31916345438,1601543,18659638034,12419153162,663853570,7136231615,8426817791,7201311355,3851493252,3799083610,21488597034,10427748404
CS300026,완구,20261,27504295979,1301232,16693719525,10357517365,562176080,6131126683,7737771195,5878492356,3162933914,3578736661,17792191023,9712104956
CS200002,외국어학원,20211,59596790895,160963,25981688756,33034834955,62414081,1615793634,12998728864,33915840306,7964803042,2458943789,55155840895,4440950000
CS200002,외국어학원,20212,70984402994,182068,30334094777,39711897152,93467814,2020309804,17077403535,39247961638,8525868492,3080980627,65880977741,5103425253
CS200002,외국어학원,20213,69847680868,183544,30929161121,38229081484,91410880,2121957597,17764442636,38410145266,7944200811,2826085413,65128625272,4719055596
CS200002,외국어학원,20214,70686681767,183498,31213155664,38729046914,61741957,2094086352,19070408462,39051775636,7004357531,2659832640,66261697688,4424984079
CS200002,외국어학원,20221,66996751602,178293,29384384579,36830253064,76827034,1923039727,14853643077,39178036720,7886121578,2296971764,62256012866,4740738736
CS200002,외국어학원,20222,78873995856,190387,34546664828,43704745209,76671966,1907623122,18633257479,45564728435,9015453163,3053675872,73421859246,5452136610
CS200002,외국어학원,20223,78355941864,195634,34069506094,43394217100,85234644,2101227528,19867270353,45015831009,7824825578,2569331074,73517301424,4838640440
CS200002,외국어학원,20224,76953898600,193961,33770452375,42222223266,120667146,2063498122,20481503608,43875060169,6652933826,2799012767,71611157258,5342741342
CS200002,외국어학원,20231,82959013740,214171,36015351332,46301327591,39172880,2010982570,17509171268,49947947169,9916627372,2892493619,77455137358,5503876382
CS200002,외국어학원,20232,87885009150,219036,38367581661,48594588844,86640545,1984150269,19675203171,52278737682,9866803266,3069073350,81335948589,6549060561
CS200002,외국어학원,20233,86575537619,216198,37474322525,48542344835,127817389,2037645779,19986327742,52130226501,8824329436,2910320513,79600220073,6975317546
CS200002,외국어학원,20234,83476899783,211964,36282290934,46499265547,52565694,2074102084,18980364143,50554030508,8538756978,2581737080,76966525888,6510373895
CS200002,외국어학원,20241,85654994146,222081,36346279500,48451114840,22277890,2157695500,13869331703,53705386696,11933542054,3109160499,78348509336,7306484810
CS200002,외국어학원,20242,85795941903,213568,35891861904,49031688581,44323022,1670767166,14702404396,54291557320,11089511946,3127752728,79181808294,6614133609
CS200002,외국어학원,20243,84765875786,214944,36034578398,47939710068,89117097,2054763276,14175493526,53308822050,11495990713,2850043522,77636587316,7129288470
CS200002,외국어학원,20244,83317646166,211081,35129828586,47329402944,64787185,1725612508,14428688595,52269900567,10713461356,3256781318,75651145448,7666500718
CS200002,외국어학원,20251,81519336292,216009,33472696099,47011490599,70703486,1696644778,10407852303,51916207671,13211710637,3181067820,74120426421,7398909871
CS200002,외국어학원,20252,85754866422,222111,35827758791,49029340214,53584778,1872964011,10888127317,54432704316,13356103268,4253615308,78490292923,7264573499
CS200002,외국어학원,20253,73993309217,193211,31302732023,41689373240,49130123,1829104867,9846613110,45706701487,11691572527,3868983146,68100764287,5892544930
CS200002,외국어학원,20254,68586142529,172844,29600408099,38086480234,52819300,1743132189,9472731195,43031963335,9995132306,3391110010,62544378619,6041763910
CS200002,외국어학원,20261,69386038761,180519,30375768265,37897796937,37750408,1546948020,6762063402,42826679084,14104482764,2995641527,62089754149,7296284612
CS300024,운동/경기용품,20211,186448469783,1106615,112567525783,58347438685,763247630,10439068186,33610473515,52187252566,40422198792,33493574834,124329074563,62119395220
CS300024,운동/경기용품,20212,232749160200,1559903,135999533807,73267330192,824162713,15958195412,36933012615,62681050362,51896350622,40972905463,165092744524,67656415676
CS300024,운동/경기용품,20213,218175352314,1360719,127324186213,70369060112,1142367894,16711372825,38112007130,58787829473,45950055650,36989613348,153879862316,64295489998
CS300024,운동/경기용품,20214,261076283926,1544215,149375708262,84696582767,1165050750,24371083276,42723822776,70398132090,53401419832,42013415377,177294647852,83781636074
CS300024,운동/경기용품,20221,216605525484,1293787,126424804138,70986316107,920102962,16797127924,39840467909,53843759959,49272379788,36737512552,145852843956,70752681528
CS300024,운동/경기용품,20222,241584837291,1699748,136805450697,79401662522,1075629581,17303532040,40876029212,55937781972,54134937593,46878032289,169059175766,72525661525
CS300024,운동/경기용품,20223,216816402721,1587649,125823034141,69150413976,1448599810,19810798000,41480353140,49883637861,45061567504,37289471420,152601730481,64214672240
CS300024,운동/경기용품,20224,248497570081,1593107,147958223449,77528399111,1212073029,23948239037,46042249370,65271803441,49738892245,39274081311,160043044322,88454525759
CS300024,운동/경기용품,20231,224310910295,1602052,128462996893,72184711336,1327543280,17432985802,39983603013,52639881995,48337176149,40926038111,159288134947,65022775348
CS300024,운동/경기용품,20232,251511428539,1713146,141482447366,80849754529,1120543318,19369569735,41133934331,53261765151,61989839679,45456549695,176664679310,74846749229
CS300024,운동/경기용품,20233,208149679982,1543080,119944676059,67362847468,1389329138,20024786835,38681662559,49659354425,47349769122,30202621447,139628402589,68521277393
CS300024,운동/경기용품,20234,247658052598,1539934,145434961213,78612007527,1152400966,22209609041,48462343614,62076879696,49026254207,41121328306,164164071606,83493980992
CS300024,운동/경기용품,20241,223811807247,1484904,129865831197,73563090213,1149294453,18051218416,42221170370,56268748512,49719517835,36018956643,153515104617,70296702630
CS300024,운동/경기용품,20242,224025846131,1755421,122870102277,73707038025,1137293090,18784437383,37883571433,50652681014,46641316312,41477806031,152201864650,71823981481
CS300024,운동/경기용품,20243,204881096028,1577704,117207597745,65162004326,1111577148,19355300209,37151545972,50041440281,40970627315,33739422564,140523156413,64357939615
CS300024,운동/경기용품,20244,232444585966,1561186,127042292584,79130593647,1218954140,21182470609,41037730029,56700908674,49130480272,36902244655,152269505424,80175080542
CS300024,운동/경기용품,20251,196403306321,1423960,116466347853,63693526098,950173675,14466784653,37738971008,53495455431,42653448450,30860549346,129836990948,66566315373
CS300024,운동/경기용품,20252,213010467549,1713181,118739165368,71469942594,1076695320,15809143378,33958740677,55941663884,43865506388,39556216776,146153097272,66857370277
CS300024,운동/경기용품,20253,205050874404,1472635,116898694351,68951448351,1322496919,17916876416,33302379738,54666844675,44282127395,34359417575,139374984254,65675890150
CS300024,운동/경기용품,20254,238003053809,1354236,140192507599,74552830327,1337585293,21642039071,38773755106,60477053398,50976360577,41538544468,156350559043,81652494766
CS300024,운동/경기용품,20261,200908099958,1236991,115603283230,66909983965,1002583726,13783849749,29659839118,53947519002,45090895300,39030052809,134093456506,66814643452
CS300007,육류판매,20211,884280957353,19836553,376584117379,446668766132,271871592,28896416348,95332935020,154396039465,240468113262,303886832154,657386301150,226894656203
CS300007,육류판매,20212,765913826035,18849089,323045485728,394507952591,315855674,25626057143,88637359463,146640283149,201937548579,254396334313,563965605173,201948220862
CS300007,육류판매,20213,944673975706,20037223,397854903265,476220671804,500878156,33446608655,102247691989,166476007913,245251010396,326153253333,657508327925,287165647781
CS300007,육류판매,20214,869225016555,19736158,360214181278,452275335196,624910682,29101514553,101021684448,153977832623,237399367671,290363582634,653282993191,215942023364
CS300007,육류판매,20221,854123968569,18145609,360455166858,439635160707,232395943,22413683742,85733187778,139929985349,224085370794,327695703975,595771484300,258352484269
CS300007,육류판매,20222,726623905023,16551519,301667771347,381873033081,262138182,20209390067,76666705043,128419567247,190438692298,267546735026,538899178275,187724726748
CS300007,육류판매,20223,824845883881,15987753,333990328091,428104462532,281682522,21599128559,78900712680,127742097967,210252215402,323321142024,642456236654,182389647227
CS300007,육류판매,20224,790353645142,16813549,334284710567,413753155874,291317724,22364335818,83272703299,126883495812,201085850589,314140455117,585766759739,204586885403
CS300007,육류판매,20231,837525039975,16800861,347066752127,431498689489,194255795,15522209984,82698100155,129074893062,200161745929,350913726234,638268340895,199256699080
CS300007,육류판매,20232,697932842297,16123033,294542496425,370353180026,247480028,17399850585,73805427984,114967493327,169088097138,289402040087,518938764686,178994077611
CS300007,육류판매,20233,845121058739,16438298,365212824208,430671752263,202151326,19085116370,82510744273,135415942898,197531327502,361139793334,647356236734,197764822005
CS300007,육류판매,20234,749983171171,16276053,317243169405,388716066660,241635204,21380219508,71824439200,128178076552,180730701206,303604164395,554136613011,195846558160
CS300007,육류판매,20241,827532366837,16438481,342653800366,431184674232,151116699,14358805920,78029766668,127359638429,185211855716,368726691685,643460838540,184071528297
CS300007,육류판매,20242,682096334335,15314369,281585237747,368093075138,206399970,13323979010,73398791366,113215240065,156848636650,292685265818,521901528356,160194805979
CS300007,육류판매,20243,822158589059,15303263,335607693539,430445969625,248856177,15474482294,77790551534,114797937221,183252706264,374493077592,606633278594,215525310465
CS300007,육류판매,20244,728333138829,15803943,299508507325,384682685564,291090166,17227641869,73581743270,113959876628,159552420182,319578420752,550034943298,178298195531
CS300007,육류판매,20251,806134003594,15660837,333386655394,418470371094,171957724,13620105470,64713151075,116422168419,180831726014,376096180691,597806101846,208327901748
CS300007,육류판매,20252,711699209153,15224433,303397724923,375499085178,249841528,14145782957,64875668548,114212979218,166321529036,319092095521,542351461425,169347747730
CS300007,육류판매,20253,785626598679,15454782,331325128410,402180290401,331375977,15115685902,69924085908,119989150690,167674155258,360470965074,601198733871,184427864807
CS300007,육류판매,20254,899624155583,17197727,387303289921,462911207738,393710187,17979213044,87303855992,126783003016,213274220130,404480495304,672907695882,226716459702
CS300007,육류판매,20261,896640975725,16766332,371210574587,470031684182,154103817,12632292835,71308494316,124039113313,192338698148,440769556371,654769069825,241871905900
CS300019,의료기기,20211,231218453560,617145,169293172634,51050813083,5042558,2857958232,15981516954,53537407746,79414198159,68546394931,221863826726,9354626834
CS300019,의료기기,20212,247132923314,659605,172678081464,61924075143,19519897,4130654109,18846673313,59507560489,79276509768,72821239031,236179659202,10953264112
CS300019,의료기기,20213,241362351174,690708,175915490890,52015399967,17180457,3703453156,13421551618,54772282813,79478213142,76538209688,230588926966,10773424208
CS300019,의료기기,20214,260722578555,687762,190934655224,56767523507,138170727,3642602411,22499177210,67483251267,81188078008,72750899109,248651361036,12071217519
CS300019,의료기기,20221,234801555403,620899,161231386152,56161320970,28539991,3394041656,9485810183,58664562257,68165940325,77653812715,223965963009,10835592394
CS300019,의료기기,20222,255492721646,646649,177647139018,64805710959,18347166,3987001103,16254878010,68049150858,76464341169,77679131672,239998194323,15494527323
CS300019,의료기기,20223,251329893242,676123,176365814949,63500088816,7982948,4632988052,14555534010,77246911830,73811632126,69610854802,238276240878,13053652364
CS300019,의료기기,20224,266852554052,661584,192731324808,66081509855,401293551,2678956831,21823132719,72695889149,82147881297,79321200725,255905401964,10947152088
CS300019,의료기기,20231,245981157106,660876,178151742228,59746979061,3329124,2352653724,16702934883,58178468698,72287650702,88373684151,236720724882,9260432224
CS300019,의료기기,20232,257059852108,646949,187496270662,58484570846,461805,2252210961,21365826948,67317133072,72708499876,82336463218,245067498049,11992354059
CS300019,의료기기,20233,237200957117,637053,169164887839,57495487668,83254815,2820471834,20447690951,57285002090,70224732546,75799223268,224885680032,12315277085
CS300019,의료기기,20234,261153975653,610477,181602178134,65549205002,21566525,3597245222,29321745443,61736895189,75021304274,77452626469,252892059519,8261916134
CS300019,의료기기,20241,273170372464,593817,198227234377,65062052204,7989888,2041523172,20658601510,60656871022,88336034490,91588266499,260775000745,12395371719
CS300019,의료기기,20242,292542850378,591659,214032915227,65512141250,25359164,2477803076,22811042422,62233817177,93001760087,98995274534,278807800592,13735049786
CS300019,의료기기,20243,277822871612,582404,195680106925,64797005935,11846584,2455330731,15223756247,70734656703,90997894103,81294952556,260723111732,17099759880
CS300019,의료기기,20244,253948377492,555868,171123315306,66620890824,1286970,2664248625,13639163953,68879182411,75140502940,77419821236,245542542534,8405834958
CS300019,의료기기,20251,242320879011,532830,161125803110,63248483050,3919782,2464014414,16499966033,62284403739,65852692910,77269289281,229657538412,12663340599
CS300019,의료기기,20252,241884039050,528384,171759882209,54764166300,2045249,2384205393,20623078581,54792803732,75789384770,72932530792,227750894701,14133144349
CS300019,의료기기,20253,291396515806,581673,199260095319,64182195188,31154425,4920964132,39426263030,66271969871,73060540728,79731398323,279012088528,12384427278
CS300019,의료기기,20254,260619215322,520178,177483342771,64446153119,71675200,3007722955,50136542887,52694221527,64197567212,71823060168,251550952941,9068262381
CS300019,의료기기,20261,254712559775,501085,174276858283,63782538646,2209210,3316908236,12497263665,74557634690,63710547282,83974828966,242107398138,12605161637
CS300018,의약품,20211,1432289857085,61563374,720415192723,654627332613,1792792465,78569018810,182029404284,285804857948,382098356830,444748095047,1274005556060,158284301025
CS300018,의약품,20212,1525665979314,71602208,764760392532,698518233498,2451967947,88965473613,210500335087,311834832828,383658425964,465867059549,1359737750703,165928228611
CS300018,의약품,20213,1609543288043,75115368,797883642605,741527468657,2870495183,102770996249,215776885397,333066269894,396415078184,488587244662,1432954063100,176589224943
CS300018,의약품,20214,1595639706395,75228876,798633764039,716878745543,3197437046,98319772436,218411812900,329293221638,371720355062,494569911761,1433115361468,162524344927
CS300018,의약품,20221,1790940675510,82720014,869958309189,825911021463,2714645679,108384832676,248683696491,358413355662,428421697567,549251101199,1576589064042,214351611468
CS300018,의약품,20222,1598302284182,74042690,789659166126,742037572799,2577323837,87327769387,212696908566,320675448386,381241749653,527177476404,1421038143247,177264140935
CS300018,의약품,20223,1669093422822,79418796,812603260553,782709040243,3052158102,98703018086,226478550193,334554483341,406695258523,525828832550,1498364491718,170728931104
CS300018,의약품,20224,1664485052843,81923034,823014721193,764638101541,3312961938,95775293687,227422988374,331921862566,388796747548,540422877290,1471331237095,193153815748
CS300018,의약품,20231,1610368825694,76701919,810201153435,730531359417,2150618191,79597932695,222566009324,301516790728,377597278444,557303881896,1449973392930,160395432764
CS300018,의약품,20232,1718675255920,85485974,860155558282,772224568587,2972786567,88536889591,243212693364,329751767584,387990113318,579915874468,1541357787683,177317468237
CS300018,의약품,20233,1646695330157,81766345,851993278414,763817897055,2903525315,90410584440,244406987158,322506975469,386389621616,569193479937,1457747480812,188947849345
CS300018,의약품,20234,1701739382134,87515291,890574608839,786550959942,3400564294,92190276383,254587435867,330070477118,407256783741,589640526565,1505738072696,196001309438
CS300018,의약품,20241,1667087802198,80147090,883738127919,765141394875,1862804706,73209150184,241114351835,306738514690,423700858723,602256050157,1481254221232,185833580966
CS300018,의약품,20242,1673038577511,81587704,873874939956,784465922275,2425754276,77080130472,244898025213,314942646862,417763093156,601231341627,1484880919389,188157658122
CS300018,의약품,20243,1693752774379,80003167,887634298782,777374459563,2568866749,81911412342,240507964331,324638279562,413771627887,601610761363,1499145266747,194607507632
CS300018,의약품,20244,1722506122637,82078020,909018807165,761821868385,2947982248,81263722850,248257534200,330825297865,398727480758,608818657472,1532454796135,190051326502
CS300018,의약품,20251,1712116120217,75108776,888236731841,740618993175,1715478452,65639847599,214948496279,323299794955,376145486138,647106610497,1522743308574,189372811643
CS300018,의약품,20252,1751594075732,75234271,891529440524,768114408479,2193515160,71622879528,219262632573,327942147011,378110477873,660512197347,1560836239499,190757836233
CS300018,의약품,20253,1792240506318,73837077,899276688282,770748390405,2384530203,77119312348,226651718165,327577112113,388760817708,647531586858,1601419125358,190821380960
CS300018,의약품,20254,1770442134124,77559340,912554238502,791237723375,2625673121,78762003296,229191178590,347495025725,386562369032,659167882145,1566413734835,204028399289
CS300018,의약품,20261,1737132945369,74583791,901194124525,786471193482,1466995737,66799081002,225062250608,329757151617,386188461785,678391378959,1519688883271,217444062098
CS300035,인테리어,20211,49820682992,1014369,23434434261,17346226594,36447997,1824132078,4736953258,8267447941,11144735215,14771026754,39603656237,10217026755
CS300035,인테리어,20212,64641068487,1028011,30359591554,20594531413,49443210,1660618821,5683590784,11153142273,14611032866,17796295008,54977429628,9663638859
CS300035,인테리어,20213,58676559830,980306,30180670659,17586157774,45941345,2865063103,4921447564,8707512557,14463526406,16763337470,48541286909,10135272921
CS300035,인테리어,20214,56277051270,990054,25156189682,18610788816,24812178,1568523973,4419225177,8186325925,13903462615,15658029534,46929860962,9347190308
CS300035,인테리어,20221,49707552406,803961,22552271805,15741217301,98272156,2012068597,4528331896,9757513830,10317311126,11566524780,40775282960,8932269446
CS300035,인테리어,20222,59830063774,942319,27510070039,16949473160,45379311,1601881998,4002206534,7849415664,13555907933,17404751747,49432783333,10397280441
CS300035,인테리어,20223,59457581563,949533,30413538135,17322890370,23096953,1967699135,5842286689,9369819362,15348391961,15185134390,50222814110,9234767453
CS300035,인테리어,20224,60749987227,877315,28313083266,16239323871,68613628,2606734652,4412966578,8947123284,11610099603,16906774047,49043568126,11706419101
CS300035,인테리어,20231,45221242788,786429,23313556610,12160282979,37383073,1117525053,3762440316,8560159979,11655977771,10340499458,38438415477,6782827311
CS300035,인테리어,20232,58141520118,915817,28400152231,15192399435,122040497,1651242157,4849352601,8370956380,11803156845,16796333334,48849864345,9291655773
CS300035,인테리어,20233,54033893496,825140,24714291018,16631877951,42402960,1306651543,3720896030,7790516427,15094620165,13391081842,45208884048,8825009448
CS300035,인테리어,20234,56982881522,1022421,29682907246,15476586702,27855948,2245641253,4170625555,8727102362,15091462774,14896900847,46324435661,10658445861
CS300035,인테리어,20241,45204034229,1214689,22758397631,14428398144,36807106,1591856529,4449998230,7152147316,9123488112,14832498486,36818342244,8385691985
CS300035,인테리어,20242,61081520828,883487,29451214984,21506479214,27069254,1102163645,7610435459,8226796717,15334177924,18656818364,52189665487,8891855341
CS300035,인테리어,20243,48412697845,857577,23025129518,15161318866,82112358,1056677127,4741231002,6925771492,11348837671,14031527805,39993532114,8419165731
CS300035,인테리어,20244,55647728929,887151,27239173096,16551999208,156649009,1535749310,6314939479,6890011300,13319572913,15574250297,46007997287,9639731642
CS300035,인테리어,20251,42449075451,760619,20242704604,13299835636,71280190,552202034,3693674064,5947545475,9017626538,14259303073,36034335558,6414739893
CS300035,인테리어,20252,58339234766,944374,30354381004,16796802631,105102842,1064514653,3931258490,7684123581,13279162242,21087021816,50060175017,8279059749
CS300035,인테리어,20253,57601968922,901129,24166646397,21687676810,53340889,1268394179,5352940699,8459387018,11819308083,18900148658,48887822242,8714146680
CS300035,인테리어,20254,66896116715,846742,30905153472,22328089938,12691062,973922577,5534293859,10515085527,12136612716,24060822712,58023819524,8872297191
CS300035,인테리어,20261,50286179390,790461,23099944361,19870067691,8605812,1056439156,4935240933,6937038336,11097490262,18935466237,42338138290,7948041100
CS200001,일반교습학원,20211,676565893738,2135571,290558912211,383100021511,1235849067,5039834297,35817985667,426716997265,187690020093,17158023680,539345617228,137220276510
CS200001,일반교습학원,20212,712730132352,2281549,304871196192,404785990654,1573709160,6772848181,47899492516,453506306425,181723300911,18181529650,563033198864,149696933488
CS200001,일반교습학원,20213,778486018936,2469821,343682601267,432512707476,1797270309,6477065438,49741649265,496585129457,202747095508,18844812857,617992725366,160493293570
CS200001,일반교습학원,20214,722372840931,2385454,309565164225,409235706548,1629616629,7395491669,53296095661,480246521995,159367741704,16865511018,581371467314,141001373617
CS200001,일반교습학원,20221,749678618188,2365894,326597298709,420765453811,924607169,5092786489,38485749017,472315892605,211161782051,19381935192,598778777623,150899840565
CS200001,일반교습학원,20222,783405278996,2481734,337956241119,442830188367,1375715085,5682167685,48419515759,497148985787,208344293926,19814733295,621450670979,161954608017
CS200001,일반교습학원,20223,838638747832,2653216,359321084108,475431071945,1743768066,6097314811,51674176321,534155894787,221563764698,19517237371,677580094947,161058652885
CS200001,일반교습학원,20224,790698741590,2567842,334059407823,453223880565,1313036574,4426818866,57342823419,522991857076,183168200013,18039681187,628666650905,162032090685
CS200001,일반교습학원,20231,870374689204,2689860,375786905255,490818359024,924404129,3814278184,44249129170,546856349520,250620977041,20140126231,717552921687,152821767517
CS200001,일반교습학원,20232,887880356282,2769310,381040902079,502371602157,908230093,6137081252,51341825710,561312930253,242926135404,20783497476,709692741453,178187614829
CS200001,일반교습학원,20233,942377196563,2946959,400736103749,535557422900,1080452608,6439347861,53717537322,594120027592,259731799025,21204250637,748431654844,193945541719
CS200001,일반교습학원,20234,872168049504,2863471,366352961656,498635639458,818133399,6682219285,56195149920,574691995816,206014518945,20586497181,696169952544,175998096960
CS200001,일반교습학원,20241,937930461743,2913732,399746143398,529959756193,856810473,4315947401,41256956744,581932678027,277097549999,24245813485,768366160965,169564300778
CS200001,일반교습학원,20242,903351919099,2819492,386452735687,511353905696,1207098593,5523854639,43924654180,560345791393,262603483278,24203610841,724704115771,178647803328
CS200001,일반교습학원,20243,948677314040,2958336,402670190326,541051959963,1648019442,6056023774,46304463733,585306787370,279755121941,24652429024,761917263407,186760050633
CS200001,일반교습학원,20244,886141566366,2878978,368692424905,513738079048,1574493609,4614172454,48796054153,576415140423,228648511032,22381258346,702839770037,183301796329
CS200001,일반교습학원,20251,937482270597,2908262,395100319604,537959383976,1345178368,4243406002,33261064330,569436459854,298484470497,26289124535,739522750516,197959520081
CS200001,일반교습학원,20252,917719180960,2931837,384725792794,525967510742,1353866134,4776764966,36902341567,560955730676,282189699907,24514874977,734026722345,183692458615
CS200001,일반교습학원,20253,1006802591369,3248037,430604979025,570839218131,1617039220,5755768903,42655049730,619796721984,304224096968,27399106564,810974513675,195828077693
CS200001,일반교습학원,20254,909594177133,3024513,382359867115,521892885139,1194940474,4517920294,43423349008,590678180638,240409292013,24028466967,722450277608,187143899526
CS200001,일반교습학원,20261,968308327858,3001002,413407162373,549773838857,853168322,3525095270,31558221580,587530449732,311527899152,28186170392,763761469708,204546858150
CS300011,일반의류,20211,1465888020431,20174161,560031274424,881722851165,7373798699,195781231084,321667135463,335347061206,325365182037,256219247810,873647245749,592240774682
CS300011,일반의류,20212,1736244062143,25917602,651419521964,1055634055574,9308760552,236225010916,378980842276,378202724154,384933071157,319403270907,1077404745374,658839316769
CS300011,일반의류,20213,1476276883475,22397711,552043357622,890640787559,8482724756,225679361204,327429572789,312698776490,318788109284,249605600643,930689641469,545587242006
CS300011,일반의류,20214,1875674669278,21918841,710014892323,1112749948127,11503786767,272766357202,401473519193,395868674607,403354957626,337796492304,1172470067053,703204602225
CS300011,일반의류,20221,1404383923336,17643986,543866095723,831620604747,7178844161,185564589971,308156990178,304841703144,310562668050,259182406470,845233680630,559150242706
CS300011,일반의류,20222,1749939988158,25176085,635432946119,1075888560958,8768604689,212547134236,347863777632,369211633829,395908729590,377024238176,1094754204052,655185784106
CS300011,일반의류,20223,1555443912325,22885780,563489737452,953753403833,10258546946,217510915074,332867602971,328122891381,337316462272,291166184753,989479671636,565964240689
CS300011,일반의류,20224,1779724615540,21255277,667982820504,1064449785119,10098909052,225939399907,350922425831,375052925351,400543355304,369880299952,1102476367341,677248248199
CS300011,일반의류,20231,1768858105993,26121311,655690406673,1074454534336,8399694753,212349447280,370687897671,378633274609,390098276364,369977291286,1108452587767,660405518226
CS300011,일반의류,20232,1704294741986,24026201,611795170431,1046800330456,8376700464,180247140523,319260124312,345605905244,400271255835,404832074640,1082606106191,621688635795
CS300011,일반의류,20233,1463514750520,23074456,529992183390,891755795315,8590146962,168304344490,285860601290,306062409537,341832426867,311095940316,901730511394,561784239126
CS300011,일반의류,20234,1918062863142,30003604,712633232779,1151994934025,10463442131,228878510881,389076196692,392668523693,427216628481,416323427867,1187569355868,730493507274
CS300011,일반의류,20241,1685661367583,27496793,629194036607,1021751828512,6610162083,173660103869,347557120938,360377455698,382153221007,380588377045,1026194151290,659467216293
CS300011,일반의류,20242,1861545312991,32448189,664004204413,1156778031952,6468314421,187606309521,371157698329,378445974522,421650365800,455456890281,1193365206378,668180106613
CS300011,일반의류,20243,1630030871842,29643677,589556252687,1001489553334,8043261897,188837363493,345070959976,335283950085,353518464887,360290027705,1015145558781,614885313061
CS300011,일반의류,20244,1813570404653,23488062,679687004869,1081015036852,8943370291,181613798373,359304677565,378341931735,401716119432,430782040395,1143833823681,669736580972
CS300011,일반의류,20251,1584397388235,22950409,594765211032,953546034675,5354879213,145856447120,320894199763,333697136025,363470269658,379032161577,953924160018,630473228216
CS300011,일반의류,20252,1790262029602,26723276,649962503772,1092713883967,6450070899,169855866438,341111959531,349824306952,404687581531,470749566317,1143065908475,647196121127
CS300011,일반의류,20253,1662728802457,28724963,586156048088,1033701626582,8334323034,177938259540,339702790013,335051021292,363863312730,394969174525,1026567659773,636161142684
CS300011,일반의류,20254,1935563682669,25742283,722663388747,1156635791330,9594942794,188655513951,378524256601,394438607705,428406402076,479675547734,1227761596075,707802086593
CS300011,일반의류,20261,1740108215536,26766077,647337746652,1053260662155,5747859170,160176626790,331913690017,373654549427,400681537274,428423828803,1044606305211,695501910325
CS200006,일반의원,20211,1422744049424,32412586,530644954695,889176877732,2518791810,191560850743,287116630436,304569363107,353880705665,280178965309,1201970152229,220773897195
CS200006,일반의원,20212,1478377331907,37810242,552757375266,922317716206,3616597919,198815262417,311698147101,321572798356,347041502393,292333370188,1244801638835,233575693072
CS200006,일반의원,20213,1488622903827,38510207,564153579615,921135744015,4309511793,219675404331,314266965727,324356911421,341901965177,280778577665,1243343055049,245279848778
CS200006,일반의원,20214,1622468948033,40891634,613651875677,1000770155873,5253594642,223763430183,328030361063,368259879697,378837790507,310276391201,1397655590019,224813358014
CS200006,일반의원,20221,1599945530342,41426090,598783470930,997161703368,2770192153,200547561169,330198476194,343802916043,392772650321,325851471507,1343482963113,256462567229
CS200006,일반의원,20222,1602065282680,42388750,596923446798,1001085801657,4078602131,210453068491,351835628787,356582323429,352427138042,322632405409,1350049530484,252015752196
CS200006,일반의원,20223,1603247870829,44547105,601437652142,997406806197,4652279215,219165678341,350473022886,364046004889,354938013958,305569776481,1373982161279,229265709550
CS200006,일반의원,20224,1720138125745,47848434,659829048244,1053713418180,5972241730,213524968627,359438210744,410583291404,388740738403,335282841184,1433551485534,286586640211
CS200006,일반의원,20231,1764738783166,43795989,664607941268,1096582894342,2808327109,199255159466,378163608785,402732061778,415246930480,362984705094,1514015487528,250723295638
CS200006,일반의원,20232,1775974224344,49783197,671360418002,1100624500248,4384298665,207512113760,389275993425,419628412347,388135829721,363050453995,1514633253681,261340970663
CS200006,일반의원,20233,1757903327632,46702772,662908566463,1090788450594,4419369657,208823306541,381459836338,414282072387,391930945310,352780150857,1474426017467,283477310165
CS200006,일반의원,20234,1924125754338,51258072,749652763023,1168472210852,6088603772,214646514862,400304252845,476180393682,433531671978,387373536494,1613658336002,310467418336
CS200006,일반의원,20241,1898850589534,45785255,716937646256,1177858034871,2509160760,192286585742,403773014311,436646310638,448884319450,410696311173,1610427329572,288423259962
CS200006,일반의원,20242,1797719886363,46250780,688434261181,1105648531963,3649850201,187938130267,387402992737,412273224659,399190326591,403628230754,1511815817288,285904069075
CS200006,일반의원,20243,1804261777135,45840354,682842187111,1117253690563,4254759686,195740876470,385192960735,417160931213,404200990446,393545297637,1507298440527,296963336608
CS200006,일반의원,20244,1929680648368,48916922,752422475208,1169612349387,5211452772,191907981054,396890263576,459897008337,440011008348,428117110200,1621246306574,308434341794
CS200006,일반의원,20251,1969386639507,43910237,755544961391,1209353920265,2359835720,175104574008,425156729587,451301345666,463687631896,447288764983,1637723674677,331662964830
CS200006,일반의원,20252,1875310398880,43854625,721928470379,1148201812381,3334978917,177313630010,404691102538,429412034118,413623596186,441754897667,1568967763851,306342635029
CS200006,일반의원,20253,1957296178735,43286099,752705225512,1198865638861,4175697249,192592273321,417804707826,444113754077,441521310490,451363362013,1645886865278,311409313457
CS200006,일반의원,20254,2122140088966,46103441,825333963324,1289663610056,4954483509,201550865511,439456842133,506366014874,481212247023,481455129681,1767588008756,354552080210
CS200006,일반의원,20261,2126154998250,43776129,819817961336,1302961023684,2286756484,171341837179,440633078115,489860025504,502619965542,516037251353,1749376049373,376778948877
CS100003,일식음식점,20211,238728662661,6564337,107244676933,69218856726,1674418610,47193831168,49520041398,34730816577,28380041148,14964318947,186299385917,52429276744
CS100003,일식음식점,20212,279495901606,7735641,125018975182,84174144423,2133707183,55923759152,59096998477,41211774672,32864139310,17962702308,218080871523,61415030083
CS100003,일식음식점,20213,236901164197,7092667,108924641918,72644172424,2269975720,51114137464,49382480519,34548582666,28040346088,16213291905,184876003647,52025160550
CS100003,일식음식점,20214,305823487528,7755166,133479564615,91590753336,3046106708,64513348992,62119785844,42258431693,33497772685,19635339767,238268417493,67555070035
CS100003,일식음식점,20221,250914972888,6622096,111364071896,76527319192,2033829420,49163179198,54321175246,35019266858,29878059783,17475880653,193835088210,57079884678
CS100003,일식음식점,20222,319685695587,8007743,141525546965,99673402114,2477920315,59965731802,70758854546,47099020795,37728576776,23169717009,244434799437,75250896150
CS100003,일식음식점,20223,309205992598,7803833,136959785378,99309117867,2660213768,61623864407,68230166469,46222150888,36205479854,21327027877,239754173422,69451819176
CS100003,일식음식점,20224,334344749523,7819090,144486840829,105308405259,3253336439,65714291065,71713302021,47641406214,38016812171,23456098261,253284956616,81059792907
CS100003,일식음식점,20231,317456907863,7486228,138993026406,102235365405,2182024798,57113341243,74215953521,47282107489,37539717587,22895247200,247348911704,70107996159
CS100003,일식음식점,20232,316078872177,7822589,137642279628,102863253352,2596852653,56775427776,71995324796,47367950486,37591473733,24178503497,241759680145,74319192032
CS100003,일식음식점,20233,297663924024,7466275,130935383669,96502311353,2653559093,55033250822,67416784852,45047267038,35869965068,21416172329,225631638423,72032285601
CS100003,일식음식점,20234,301425119481,7190648,129397108070,95467098732,3259245557,55902168081,65078514405,43727924143,34713293938,22183060728,228236018847,73189100634
CS100003,일식음식점,20241,281558685301,6748473,123290465544,91144219549,1935590873,47159913887,67112010020,42266401758,34276326767,21682766503,215225376436,66333308865
CS100003,일식음식점,20242,283576871188,7079652,123450513320,92989531329,2263815627,47126928975,65417036666,42835392816,35249902061,23546968535,218038244025,65538627163
CS100003,일식음식점,20243,268041089895,6731520,117178897423,86616098308,2238173975,45069654238,61336838359,41208382915,32690857352,21250840738,206064975625,61976114270
CS100003,일식음식점,20244,286778302805,6643257,122112110612,90027298651,2723702869,48075251046,63084947829,41309098494,34347602748,22598885492,221751496460,65026806345
CS100003,일식음식점,20251,255162555638,5985246,111028348377,80784182004,1720192134,39054590875,60588865542,38305434382,31190143748,20953234920,193597004776,61565550862
CS100003,일식음식점,20252,262843337918,6437629,114074384197,83575244540,2079962157,40574508389,60574650007,39315317980,31973599603,23131519330,202464435767,60378902148
CS100003,일식음식점,20253,297999322164,7217934,129625126144,96186746148,2473822451,48978216971,69793997735,44785709263,35810053602,23970072267,228391110577,69608211588
CS100003,일식음식점,20254,300611323126,6659696,130531557262,93885828276,2691507332,48318794320,67701273049,43946311118,36495564724,25263934958,230559474843,70051848283
CS100003,일식음식점,20261,270642848865,6123175,119699025928,84804844110,1626843058,38860361101,64404920050,40861400179,34857382586,23892963117,203598463387,67044385478
CS200026,자동차미용,20211,12177276394,218646,7125436397,2081595312,1611112,474567731,2385761711,2690753876,2007847721,1645909078,8886264011,3291012383
CS200026,자동차미용,20212,12865760060,214373,7200709215,2288055568,648427,549277605,2650384250,2847722265,1907504379,1533227828,9730825861,3134934199
CS200026,자동차미용,20213,13131865245,199653,7248462170,2756950219,2660034,696067133,2540141585,2854906727,2067045471,1844591444,9827454952,3304410293
CS200026,자동차미용,20214,13498819478,220208,7294272696,2847004193,3382536,710921504,2631594102,2792650838,2155504671,1847195699,10372247293,3126572185
CS200026,자동차미용,20221,13378755715,233184,7196277424,2900694218,1114112,424500488,2544423866,3062925687,2421657477,1642350033,10044318801,3334436914
CS200026,자동차미용,20222,14706548028,228111,8151685358,2846377529,4488838,458069544,2640134049,3723020888,2577657211,1600070142,11338799674,3367748354
CS200026,자동차미용,20223,13636213152,189586,7005740317,2817159642,707344,427558485,2520706524,3004101534,2278028313,1591797753,10950274156,2685938996
CS200026,자동차미용,20224,14535378235,216972,7722555564,2745533516,3449918,469691838,2403282424,3283319867,2662133659,1646192850,11005977149,3529401086
CS200026,자동차미용,20231,14355747891,232000,7117759108,3296626602,1508194,348149133,2270114140,3129925996,2522861943,2141826293,11404737040,2951010851
CS200026,자동차미용,20232,12956824560,189654,6593134821,2442668526,1561639,291773368,2136760087,2725406258,2328707751,1551594233,10408729492,2548095068
CS200026,자동차미용,20233,13268321971,161869,7189368218,2379197498,949018,611890782,2082798274,3133979360,2172496691,1565845677,10196332827,3071989144
CS200026,자동차미용,20234,14588840212,183083,7613291704,2807882475,32783324,477095546,2303696731,2940259030,2595103196,2072613706,11622828024,2966012188
CS200026,자동차미용,20241,14291482502,210630,7091150881,2855115967,450792,280020522,2300973965,3012546878,2618118539,1734156152,10651198759,3640283743
CS200026,자동차미용,20242,15183962812,202868,7329400312,3230557349,0,316119192,2484061450,2853785277,2640459735,2265532006,12363586140,2820376672
CS200026,자동차미용,20243,12556906369,152179,6482547385,2541514793,1437644,267114388,1875185696,2643943206,2285298395,1954107838,9300330101,3256576268
CS200026,자동차미용,20244,15646377103,196302,7949684512,3113149378,305543,383084294,2634838686,3202952944,2455947619,2385704817,12489045853,3157331250
CS200026,자동차미용,20251,14917419229,203514,7477130674,2785729347,471106,220233344,2593841819,2820117633,2478213703,2149982420,11079822035,3837597194
CS200026,자동차미용,20252,13548281049,177170,6369179250,2578212681,73047,241751088,1883056153,2549218865,2279246085,1994000961,10912273424,2636007625
CS200026,자동차미용,20253,13342183989,158549,6497698032,2766515894,902268,340702841,2211083234,2671002569,2063959669,1976563345,10682133703,2660050286
CS200026,자동차미용,20254,15337566967,188013,7407033972,3322043201,348722,295510138,2136317871,3180390756,2653161807,2463312296,12333128047,3004438920
CS200026,자동차미용,20261,15810127250,223619,7688941592,3095438406,157140,270938982,2035856456,3114808569,2552620230,2809998611,11676228838,4133898412
CS200025,자동차수리,20211,231842978744,1422580,147187527184,51645401160,12270535,8514569341,36614057374,49628089533,55519433419,48543565375,191023493681,40819485063
CS200025,자동차수리,20212,264554004490,1542935,168066006549,58953320493,21230023,9232042888,43710698923,57168602635,63114206957,53772690116,219233679421,45320325069
CS200025,자동차수리,20213,294829292505,1706081,190604754774,64945599545,35662910,12191898051,48531521696,64785191680,69901341604,60108281910,244931044905,49898247600
CS200025,자동차수리,20214,281047793241,1644627,176559470319,64641562441,59359244,12066302918,46300029279,61313973571,65319740995,56141473708,236202830575,44844962666
CS200025,자동차수리,20221,234461126652,1367595,149796538125,51540190238,41365080,7903292383,35466170505,49574383795,56384509546,51990382916,195270624208,39190502444
CS200025,자동차수리,20222,264258434819,1481320,169968637193,56415895032,36959007,8440613852,39692567519,56872467631,62649480327,58692985990,222954527456,41303907363
CS200025,자동차수리,20223,286564078563,1587733,183237599309,63947115841,24428483,9817318713,45273469699,60673516346,69082828900,62308063885,243887225005,42676853558
CS200025,자동차수리,20224,291341131791,1665890,183770822625,63710277322,34507916,11047648021,45074092976,61352628262,70342575168,59624346501,242997845624,48343286167
CS200025,자동차수리,20231,259767184182,1454440,167425767600,55612859843,6300191,7564934153,38699462041,54837331012,61371880579,60559546902,222350861302,37416322880
CS200025,자동차수리,20232,275896914289,1443301,175745744126,60629731114,43690931,7754893626,38831769028,57701644562,66553127529,65503378883,236482847138,39414067151
CS200025,자동차수리,20233,295541595685,1501538,186577936245,69078873672,26668229,8931085554,42446454131,60680944096,74298416775,69266311834,249673020829,45868574856
CS200025,자동차수리,20234,298731445650,1602916,189126367030,64244053313,24541645,9350458009,43743027451,59969534773,70187131502,70098560024,254951944429,43779501221
CS200025,자동차수리,20241,266224453262,1378237,171986325446,57656471600,4061558,6754559363,39232002241,52368054194,66771477724,64518829354,227514164938,38710288324
CS200025,자동차수리,20242,293661382972,1446326,189509483255,63483712602,34471727,7820405970,42121147384,58045731058,71310575738,73673936024,252500385359,41160997613
CS200025,자동차수리,20243,302092511511,1466279,193388521859,66840196079,23717253,8701508776,43615544369,60750703743,71897566828,75230974995,260508422959,41584088552
CS200025,자동차수리,20244,302742883916,1573021,189320211645,66941100131,36897539,8822697506,43159337153,59441932573,72717014976,72066540303,261968478082,40774405834
CS200025,자동차수리,20251,267798126803,1357833,172063940493,58081785025,20220669,5584439578,37549496959,52545268212,65716637472,68728800420,227577868139,40220258664
CS200025,자동차수리,20252,285272992302,1404069,181320229904,64065761979,46297591,5967647953,39204582023,56269672075,69715945384,74185105397,248284093234,36988899068
CS200025,자동차수리,20253,316102741064,1522113,202601896198,71013461584,65821169,7645788866,45353695496,63638636353,77083575829,79820820437,276428295863,39674445201
CS200025,자동차수리,20254,309445460853,1542117,196406743352,67855501622,37436574,8002956269,41163132959,59550003177,73821829361,81689654120,269403941537,40041519316
CS200025,자동차수리,20261,277353982339,1341376,177444899763,61085678772,39521135,5778345724,38173849739,52749936964,65412277647,76374620949,238326727663,39027254676
CS300025,자전거 및 기타운송장비,20211,39793090827,237696,30282072005,7490544042,125044699,2840490314,9641887493,11391405952,8169948534,5604940971,22636009852,17157080975
CS300025,자전거 및 기타운송장비,20212,66936735940,416624,48902958726,13085020554,175678902,5021028716,14783344726,20010956402,13984040312,8012930234,40404251671,26532484269
CS300025,자전거 및 기타운송장비,20213,63250758920,459271,47692163316,13284329779,234459938,5134031707,15712933442,19141886394,12715259811,8037660763,40521655116,22729103804
CS300025,자전거 및 기타운송장비,20214,36752537104,258214,25748142910,7448521635,168277071,2550900274,6586536767,10302300463,8047589204,5541060761,23778668648,12973868456
CS300025,자전거 및 기타운송장비,20221,35456968934,207376,26088939056,5990091658,95919482,2138251510,7847715541,10075819865,7713311563,4205313815,21613603103,13843365831
CS300025,자전거 및 기타운송장비,20222,56500179437,377469,39850818550,12111708196,195793964,2778629855,10121815344,16899097254,12955374397,9011256693,36067440396,20432739041
CS300025,자전거 및 기타운송장비,20223,43739726147,337825,31287995882,9763441391,160899596,2156444252,8405594708,12036702969,10072412172,8219068386,29450473752,14289252395
CS300025,자전거 및 기타운송장비,20224,31488250972,235272,23270755908,5371844120,172118857,1118464926,7637704048,8553208314,6000974805,5166046010,20761199951,10727051021
CS300025,자전거 및 기타운송장비,20231,32054502590,210593,22317677733,7688890641,105878207,783022077,5023411221,10766356522,7295845238,6032055103,22725814422,9328688168
CS300025,자전거 및 기타운송장비,20232,46714957511,324477,34835034217,9173579098,124848942,2579493214,7797726139,15982784819,10275246348,7248513848,31848087358,14866870153
CS300025,자전거 및 기타운송장비,20233,41653996037,285000,30012188727,8734942270,154274382,1528178109,6728414528,12944308538,8823799512,8567783811,27978052443,13675943594
CS300025,자전거 및 기타운송장비,20234,28082362535,223237,21004106115,4961332072,77629177,803233225,3963509242,10207600847,5146187098,5766827274,18278877499,9803485036
CS300025,자전거 및 기타운송장비,20241,26569487215,169479,20189238716,5267486292,83614154,948147294,3482042293,9284047350,6440891956,5217981963,15312777961,11256709254
CS300025,자전거 및 기타운송장비,20242,46384303076,319525,32565399242,10559609602,73501942,1778162136,8584219899,14163812054,9028817320,9497010715,28218415956,18165887120
CS300025,자전거 및 기타운송장비,20243,35048678247,277699,24692800812,8392780775,117603211,1167446516,6442136513,9099918688,7554661916,8703814746,21030871846,14017806401
CS300025,자전거 및 기타운송장비,20244,22641338519,216227,14635221889,4980573070,94920818,738820837,2113046638,5660871807,5697559731,5310418189,14011247529,8630090990
CS300025,자전거 및 기타운송장비,20251,23649903790,156103,17736597528,4101635717,67730088,755927796,2866105750,8803696298,5627584931,3723286372,13573689653,10076214137
CS300025,자전거 및 기타운송장비,20252,35437913883,277570,25612770677,7769141210,125701239,1375420087,5329802543,10488987485,8110535911,7951464621,22348358595,13089555288
CS300025,자전거 및 기타운송장비,20253,34114191092,283517,23876884999,7105797165,115472045,767296601,3164885416,12375439627,7712739023,6846849436,20259548399,13854642693
CS300025,자전거 및 기타운송장비,20254,21616173260,181210,16333803365,3759458923,95601616,624791140,1565477241,8748090121,5798450812,3260851353,14597397614,7018775646
CS300025,자전거 및 기타운송장비,20261,21826227627,165975,15248133958,5104917317,118967437,419454967,2171986635,7526939691,5642804700,4472721771,14483795992,7342431635
CS300043,전자상거래업,20211,29347889864,404435,12207681689,11514445846,97284116,5324040126,6465296184,3716880276,4924312174,3194314654,25602931757,3744958107
CS300043,전자상거래업,20212,30291734037,594482,13534656063,13721963557,128457573,4864010275,8574310620,4750978887,6389571478,2549290785,22704313236,7587420801
CS300043,전자상거래업,20213,29668650543,651632,14733180358,12905065000,217524840,6228935906,8231800262,4461094734,5795668004,2703221614,20344626382,9324024161
CS300043,전자상거래업,20214,30983847302,638918,13988830775,14060988828,323508916,6207238893,10319115630,4329065908,4278992296,2591897964,22339534942,8644312360
CS300043,전자상거래업,20221,25537813875,560771,9744725398,13452155962,128415540,5320721799,7169658097,5220639208,3623195553,1734251170,17884086431,7653727444
CS300043,전자상거래업,20222,40108621487,772043,19384738260,17098743609,226459965,7793706923,12272860589,7433980215,4940926262,3815547909,26231531573,13877089914
CS300043,전자상거래업,20223,39509323515,805339,16030038096,19689373360,281112341,6873814522,10801511562,8047678958,6355642414,3359223467,27698007819,11811315696
CS300043,전자상거래업,20224,43293800370,780839,16384812259,20934503375,351149569,7214913964,12618008010,7472301367,6357756844,3305311093,33123185416,10170614954
CS300043,전자상거래업,20231,40956862527,756689,18074525462,17883031327,309941652,7038249258,11245903023,8861913533,4355786523,4145762793,31959593240,8997269287
CS300043,전자상거래업,20232,41333593331,794551,18365833397,18033476016,326467833,7609724088,11452911805,8243074467,4270319275,4496811953,29520601370,11812991961
CS300043,전자상거래업,20233,40768757079,736476,17337003173,20848953543,343705738,5600640890,13079706848,5241249079,9003373089,4917281071,32106242216,8662514863
CS300043,전자상거래업,20234,44421130004,808551,20330911516,20514148784,419854782,9225605228,13349458342,7328465374,6355457682,4166218892,30966604864,13454525140
CS300043,전자상거래업,20241,40540841854,757830,19447065396,18172552525,258374262,9066046777,12160085237,5708594598,5916096918,4510420130,27072848105,13467993749
CS300043,전자상거래업,20242,43192502223,895061,19872987898,20162280477,281506267,8932669568,11017510194,7494490170,8306464668,4002627510,30365922885,12826579338
CS300043,전자상거래업,20243,43369815335,963214,19483240037,20333675886,607624324,8611162979,12464262982,7141375679,8095221103,2897268853,32130089688,11239725647
CS300043,전자상거래업,20244,44164211272,774379,19318305176,19661679577,412304413,6330343765,11969598220,8139359578,7399044271,4729334499,33932596300,10231614972
CS300043,전자상거래업,20251,40799000710,701890,18311269978,18745241545,242164544,5787927136,12406151433,7942336309,8316397874,2361534230,28350920469,12448080241
CS300043,전자상거래업,20252,38897762346,649753,15800433994,19364663982,247053600,4800650014,8779164882,9337048362,8932051834,3069129281,29287821452,9609940894
CS300043,전자상거래업,20253,34538013014,627267,18271613486,13232842583,292802463,5170349615,9917414294,7488684174,5905991176,2729214352,25461739993,9076273021
CS300043,전자상거래업,20254,34861443144,683502,13207160279,16769820812,435654662,6911075446,8309289534,5409128119,6095542071,2814110316,25225674782,9635768362
CS300043,전자상거래업,20261,30342549134,559559,12564590365,14378251687,276724313,4336595991,8642490669,4787634811,4731779497,4167616768,22747132839,7595416295
CS100005,제과점,20211,258992810563,26864288,97128998403,136758282755,1726282467,42413569511,56419762416,58336693706,46149386089,28841586970,189187219133,69805591430
CS100005,제과점,20212,276613788616,29060144,100276582070,148950973109,2375171117,46129263003,59881674900,61223882590,48501708129,31115855496,201487256670,75126531946
CS100005,제과점,20213,270430886490,28329064,98617312324,145740821372,2333374533,45507413985,58477951803,60919470091,47305218756,29814748955,197899001317,72531885173
CS100005,제과점,20214,295228606466,29002639,106757534549,154101137650,2945149107,50776141286,61965096328,64156400533,49680282715,31335602175,218315155030,76913451436
CS100005,제과점,20221,282002647200,27689531,105207561694,150759287468,1993562906,43912600432,61206906367,62976514457,51911752517,33965512488,204193029681,77809617519
CS100005,제과점,20222,295396865346,29343900,105770692448,160425782791,2390945244,45062264002,63468916553,65480033879,53076770299,36717545317,211717274121,83679591225
CS100005,제과점,20223,288835096151,28299141,102660201327,156952503978,2282062490,44214688065,61635544694,64005228641,51542941078,35932240385,211655565763,77179530388
CS100005,제과점,20224,296303778328,27309828,107415866788,155143862638,2577343314,43647647616,60860183782,64929384801,53543935698,37001234256,209317496159,86986282169
CS100005,제과점,20231,267558692259,25169823,97496525345,142321288861,1617952474,34373321524,55458473795,60210424254,50843050227,37314591930,197365968440,70192723819
CS100005,제과점,20232,279543865469,27337291,100325854773,152127517660,2009396375,36128792206,56630110762,63015653652,53817893971,40851525457,201937286525,77606578944
CS100005,제과점,20233,270876854595,26289577,97965724817,146236835044,1869036549,34627190027,54994161226,61575296670,51578971262,39558076234,193189566344,77687288251
CS100005,제과점,20234,288649271538,26582189,104964157704,152219564256,2353325437,38750541381,58394182510,63504975876,54081500532,40099196183,204149517905,84499753633
CS100005,제과점,20241,266527757871,25215117,97657627412,143425882103,1375206590,31699168968,55799455514,58612874759,52296061432,41300742277,193841748323,72686009548
CS100005,제과점,20242,270981534894,26235908,95432492296,147429889518,1711008247,32846795457,54714649251,58604184472,52304534877,42681209532,198917591852,72063943042
CS100005,제과점,20243,252887710358,24163819,89033421299,135911348774,1517345916,29427175531,50536003744,54758795802,48825698285,39879750766,184873778121,68013932237
CS100005,제과점,20244,277166214129,25438374,98379747010,145028155907,1935286278,32982054826,54671362316,58669971620,52978162886,42170708286,204587241807,72578972322
CS100005,제과점,20251,255578230919,23480038,92755888526,135349310223,1130042383,26262075735,50808652477,54709849006,51039728218,44154850876,184465634810,71112596109
CS100005,제과점,20252,270054658434,25374017,95609606796,146053506265,1600586100,28648546424,52126069259,56744404811,53945201735,48598697865,196162614066,73892044368
CS100005,제과점,20253,272249712958,25595056,95581131690,147646895300,1583572341,28341081314,52459302627,57482435262,53951719434,49409916039,198994700026,73255012933
CS100005,제과점,20254,281537950533,24651701,100564824342,146929137018,1857177468,29559784057,53368407561,58543234638,55299471964,48865885706,207308383925,74229566608
CS100005,제과점,20261,268333638676,23926260,98174610990,142508401197,1063086200,25430509538,51584242717,56442066652,54865990339,51297099571,192223756032,76109882644
CS300036,조명용품,20211,419493990135,4125713,221024295209,90237532613,65304515,6818526348,37024263628,88217673116,107255816316,71881373862,367654769299,51839220836
CS300036,조명용품,20212,423897788553,4112578,236952624814,95943830785,7184197,6329133815,32567869997,101213091182,114823293819,77955882570,380960753468,42937035085
CS300036,조명용품,20213,426011730972,4032830,243230749789,78991893974,15105250,9279941662,29022122612,92599306736,132898237515,58407908267,383132833964,42878897008
CS300036,조명용품,20214,476439166527,4524172,255420213216,95214454756,79324738,8400139859,33712988350,98793261318,134210060743,75438892982,434385941086,42053225441
CS300036,조명용품,20221,420007330222,3812234,213885766865,94716388625,11262558,8456466855,34375509644,86455345914,107345647117,71957837822,375338965402,44668364820
CS300036,조명용품,20222,436542634745,3855928,218310253516,111963223093,53482973,11026499842,34375890439,84532261493,118406328414,81879013447,399409073358,37133561387
CS300036,조명용품,20223,429490977678,3930754,226718900101,86996237578,24995186,10070427492,34400778417,89267017601,106854461077,73097431653,397110126925,32380850753
CS300036,조명용품,20224,447289985905,4247132,244192047534,95517466646,20998896,12097303799,33286960490,95140736322,119334252358,79828662034,412544426054,34745559851
CS300036,조명용품,20231,407886172799,3855788,218867753696,89291065909,9845750,8199728325,29663121971,79948219617,108752846316,81584014240,376210421156,31675751643
CS300036,조명용품,20232,419147880167,3753412,230444664887,100164692917,4135669,8063477970,37833218163,79062184026,126872722658,78773605598,386726182404,32421697763
CS300036,조명용품,20233,423776501505,3815544,221580380061,94067579547,940438,7032909575,32168450716,89083739537,107813843469,79547509641,391465504805,32310996700
CS300036,조명용품,20234,442472761469,4122491,231865534835,93930583584,34453957,9296362026,34494120194,81002347226,125677515497,75290241662,410330015612,32142745857
CS300036,조명용품,20241,416032287642,3713347,235044336600,93771326347,2387310,5100550484,30028373452,94790770783,116455746367,82437687047,373531887197,42500400445
CS300036,조명용품,20242,408437106992,3561322,226250997866,85489859663,11121993,5423678144,26539949154,78807917009,119845454169,81112949919,382674477682,25762629310
CS300036,조명용품,20243,414402934670,3719275,214475767875,89313578888,43499020,3551907304,29853958488,77634100021,109103723652,83602167932,378003093761,36399840909
CS300036,조명용품,20244,410029197576,4152318,214189975012,87414719863,49255969,6521828324,31015401036,66601416915,110582046398,86834717566,377581599052,32447598524
CS300036,조명용품,20251,385886556377,3511553,214751195042,75892701506,18822158,2873845709,24143736729,64648434495,110188975665,88787700207,353239220324,32647336053
CS300036,조명용품,20252,395111326413,3716096,216705654209,82022157646,25522937,2339546523,24970608777,73537212749,108070689095,89783889435,362832000029,32279326384
CS300036,조명용품,20253,418496699255,3935642,224006048906,93198042299,28936435,4273024847,37943072256,67778738183,112281296148,94899023355,387309166169,31187533086
CS300036,조명용품,20254,420291531027,3999290,219491507464,88741726957,22896165,4312198888,32089256933,61751108377,101264920562,108793208743,388789910733,31501620294
CS300036,조명용품,20261,390157289246,3677401,205570454675,85577072102,27394539,2144208166,26840267000,51977557037,106735438514,103422661536,355691548501,34465740745
CS100002,중식음식점,20211,222032429706,8487866,109799898972,65401642772,1704005101,32160898759,43780015740,42239265966,35450299153,19867218070,162374232870,59658196836
CS100002,중식음식점,20212,245800025481,9285881,121310528549,73686979556,2007984696,36550400412,49717015776,45734759596,38860641757,22126705861,178936760618,66863264863
CS100002,중식음식점,20213,215205615921,8692560,108102473325,64779394187,1944679429,32147177756,41644034618,40861839626,35328478264,20955543590,157041590149,58164025772
CS100002,중식음식점,20214,267951859310,9543024,128458141799,78047354279,2527382225,40883462364,51122437508,47434580507,40455689755,24082061811,198218361610,69733497700
CS100002,중식음식점,20221,235331009652,8450678,116508271000,68100467711,1762041102,32209704236,45781374230,42372366043,38736026847,23747226218,171898026185,63432983467
CS100002,중식음식점,20222,289514177058,9492558,140648107358,85972372888,2319625985,40703202286,58545189298,51371133857,44950228711,28731141706,209259778467,80254398591
CS100002,중식음식점,20223,293301012210,9501485,141216022420,88111148160,2516026571,42569798518,57901966293,52050263770,46049220251,28239944196,216536242344,76764769866
CS100002,중식음식점,20224,320139798931,9886275,151585790546,95086212967,3029355264,46010339915,60703588273,56124325613,49022874180,31782118351,230814828856,89324970075
CS100002,중식음식점,20231,300067663228,9243608,143498508320,89161462045,1990757564,37532357568,59065423666,53667125557,48155192802,32249113248,224362986507,75704676721
CS100002,중식음식점,20232,295720891397,9381582,141303723566,90780438475,2284973807,38835831662,58260854878,52858713964,47549824763,32293943958,213902858090,81818033307
CS100002,중식음식점,20233,290857823163,9169898,138785097334,89176317638,2315854672,37171553882,56209396860,52396492439,47971173342,31896943854,209753356585,81104466578
CS100002,중식음식점,20234,303256416791,9205241,141500730699,90137260464,2760713280,38925747771,56814913035,51975950118,47655896072,33504607495,219353911659,83902505132
CS100002,중식음식점,20241,291333092626,8836450,138263878205,87669547321,1663291243,33380885459,58165084108,51141919431,47701243176,33880916886,214393098805,76939993821
CS100002,중식음식점,20242,283338382363,8773160,135174528518,86961336994,1913492470,34704490732,56991169851,49401271133,45958394269,33167151930,206242935209,77095447154
CS100002,중식음식점,20243,273584868460,8450414,129728042170,82731596869,1904277938,32673046674,53628396525,47196033178,45061617675,31995918678,200763702763,72821165697
CS100002,중식음식점,20244,303065673539,8861056,140561844940,89940992029,2311983650,37626175300,58109279351,50684100961,47128876063,34642608808,223369167211,79696506328
CS100002,중식음식점,20251,278106521159,8088869,132025741038,83285475919,1476221196,30496666263,56138491438,47134455071,45493358916,34571564954,201952829895,76153691264
CS100002,중식음식점,20252,277238415368,8332797,131477767866,83539099708,1799015894,31898703732,54733135114,47177901290,44666817109,34741189138,201915827764,75322587604
CS100002,중식음식점,20253,278050033633,8321762,129318723855,84328540928,1919330020,32681735012,54412856032,47421877668,44175253164,33036212906,204836534219,73213499414
CS100002,중식음식점,20254,295867141873,8330889,136331111845,89526354931,2407982347,34711109586,55840671346,49281984725,46822972674,36792694217,217645925121,78221216752
CS100002,중식음식점,20261,280737726969,7917556,132080783930,85098468865,1333375601,30041736939,54318569098,48232428310,46404512196,36848630671,202692442179,78045284790
CS300033,철물점,20211,66716377536,1556903,31484019206,20468569131,21394430,2008641368,6356324620,10561210469,16027960685,16977107177,54689423498,12026954038
CS300033,철물점,20212,53291627340,1624887,24246826275,13520306361,20452994,1900297710,4924052225,7848859869,11820186516,11253973368,46103157080,7188470260
CS300033,철물점,20213,52269975077,1579446,25095191108,14118592254,22678207,2004534817,5066906192,8261634692,11840024080,12016812974,44950043411,7319931666
CS300033,철물점,20214,75459037049,1697285,34912003276,23435552060,26792271,2662096315,6915831766,12588186073,16843279981,19311367070,65161507031,10297530018
CS300033,철물점,20221,65672345532,1397922,31344433164,19026842893,19220560,1661017229,6115975252,11686689743,14707706920,16180710683,56328557578,9343787954
CS300033,철물점,20222,52329806700,1565192,25239342379,13523343662,14530938,1710233996,5061190287,8126846687,11361525183,12488438635,44979843866,7349962834
CS300033,철물점,20223,55347638719,1582512,25287153336,15618890950,15808596,2321275135,4923585272,8964181474,11757738811,12923009108,47403013918,7944624801
CS300033,철물점,20224,72103554129,1583909,34550796281,21921622865,23113377,2398133361,7117414821,11106121052,15265290897,20562345614,61359137245,10744416884
CS300033,철물점,20231,61454780628,1336928,30111417317,18865626359,38591729,1296106788,5743010911,8835911988,14780355385,18283228486,53571570423,7883210205
CS300033,철물점,20232,50244979087,1416413,23885078441,14014604434,6846427,1488945053,4497745962,6691061403,10822040030,14392834191,42780031672,7464947415
CS300033,철물점,20233,50526871359,1331339,23207889252,14722600764,26068709,1648150968,4687708211,7458384101,10686847839,13423174524,42409240789,8117630570
CS300033,철물점,20234,75583486416,1448906,36525175495,22818343829,24570267,2123720897,7029915309,10721282608,17700660586,21743841888,63565455781,12018030635
CS300033,철물점,20241,59666659807,1231483,28536396379,18676612946,12587859,1125030461,4926373431,8585721208,12626067142,19937463037,50875123778,8791536029
CS300033,철물점,20242,49832028010,1367007,25602063792,12026273570,4975712,774415667,4664060480,5218193272,11942765846,15023883224,42887933156,6944094854
CS300033,철물점,20243,47364542547,1284052,22406006791,12899700823,13119459,999702233,4200356865,7455642272,9815888610,12815998686,39648112455,7716430092
CS300033,철물점,20244,68161751250,1375440,31403702118,21555696777,6114493,1504348738,5959446078,9424895531,14366604226,21697648769,58759683409,9402067841
CS300033,철물점,20251,55693003237,1135940,26889455978,16847436578,9343641,850541557,4748425200,7606915586,11030016853,19491649746,47625610473,8067392764
CS300033,철물점,20252,45671236596,1258178,21642274864,11887461575,12565616,992665057,4299874006,5629388775,9751551705,12843763367,39368973606,6302262990
CS300033,철물점,20253,48545148249,1284447,22341213484,13749751048,28205423,753413874,4311064940,6185465301,9509815073,15303045818,42328931003,6216217246
CS300033,철물점,20254,69443241343,1307313,33271213406,23141503904,8442950,1121744445,6918335005,10088175726,15049772418,23226333121,58725028668,10718212675
CS300033,철물점,20261,62246852543,1198604,29699653854,21053205344,2086444,626654693,4994772564,8651841172,15184065999,21294460505,53118319662,9128532881
CS300009,청과상,20211,870199923497,25270880,355190585374,439535371433,218940641,20924594068,102711708191,132683305403,199603805701,338584871945,635701561159,234498362338
CS300009,청과상,20212,776820230438,26296101,299948040187,434095848596,201543349,19702116196,86633283556,113779343164,199241029840,314486572671,582063177160,194757053278
CS300009,청과상,20213,1061857873501,30623383,447951918839,518935788480,482683863,24428609709,109372120567,149484495504,257178653416,425941144272,777976278610,283881594891
CS300009,청과상,20214,911166267334,29464705,363194267382,495628866862,436196880,23992204082,86248172695,131411539820,222016591421,394718429338,678580009496,232586257838
CS300009,청과상,20221,847883240337,27848399,355295825948,418877163041,195600029,20353663565,60395029917,128725637400,199230414506,365272643577,615308389474,232574850863
CS300009,청과상,20222,802350927011,29663670,334015156198,427758996861,171404255,24020898466,58999294964,106564375292,194775368729,377242811368,589875384449,212475542562
CS300009,청과상,20223,986591125681,29993001,421150037463,475075084001,208334090,26461622654,65598653480,129874906350,231202957875,442912580406,747723878763,238867246918
CS300009,청과상,20224,786276128762,27315999,323399936381,404396727188,203612998,20278940653,52925496092,100555136032,181969555769,371863922026,581620354913,204655773849
CS300009,청과상,20231,872912901135,29780425,364879605565,429426741139,148243954,20565086034,57616534781,116628751654,192773246543,406574471399,657382718981,215530182154
CS300009,청과상,20232,885274932233,32746740,361516511134,472173214253,208966180,21310547782,62040704806,128533617907,198471357569,423125173328,673228776398,212046155835
CS300009,청과상,20233,1090869953235,34730541,455011606852,547271003219,235478586,20678738244,80172341057,150082560417,253497485757,497616005993,798935269073,291934684162
CS300009,청과상,20234,987742883578,33518366,409802677873,508227998448,249454686,23450617586,80668966168,137427762367,224412138910,451821736601,732490661614,255252221964
CS300009,청과상,20241,1101890624992,35623357,479072938273,535031548881,197996714,22557152185,93694225130,155540831560,253573006445,488530405690,821037899004,280852725988
CS300009,청과상,20242,993682411956,38460803,419213879034,516306368025,241670579,19743649410,85834175642,142821881900,219810476349,467068393178,738240365773,255442046183
CS300009,청과상,20243,1101538553363,36516686,477566114291,527342245039,949124848,22946440052,88918533803,146481737970,244128974915,501483547739,790284752359,311253801004
CS300009,청과상,20244,1106034461655,39251539,461218452581,557909899881,394506320,23362851566,93775371306,144999712630,229780554165,526815356458,827845932591,278188529064
CS300009,청과상,20251,1265035128656,41864452,541262107134,620432617902,192347554,21853841931,102810537896,171850162979,268171558068,596816276606,911155226795,353879901861
CS300009,청과상,20252,1088391235434,44244362,450030151632,571482523623,216126715,20679155353,86723039156,143052171401,220167697938,550674484682,804604898678,283786336755
CS300009,청과상,20253,1359057929513,50561670,558716096003,695015994254,549759007,24780538150,86078047788,165775893008,278094044140,698453808167,1002089841610,356968087904
CS300009,청과상,20254,1324235772268,51159085,551026309828,685161375076,588819199,23207124615,80406272689,156254546997,278680628567,697071433416,961108856155,363126916113
CS300009,청과상,20261,1321927693308,53181324,555844693211,657418542566,244553546,16319306770,85078922224,158981176961,267804563401,684834712866,932471378302,389456315006
CS200007,치과의원,20211,602791495557,4253559,298872920640,301170502660,573747040,49967391382,89233286143,132683951878,162648739994,164935292883,525962339073,76829156484
CS200007,치과의원,20212,615374739184,4375163,307479958249,305373086741,849725726,51454183902,91324498419,131893336260,163315016998,174015885585,535920707205,79454031979
CS200007,치과의원,20213,626889677888,4623011,316884033582,306993866651,1043143409,55681054196,91365968644,141725306432,161763400670,172299287140,544137198255,82752479633
CS200007,치과의원,20214,640602976346,4542024,323691804964,313707122710,1066870192,56715078039,93532110614,139978091148,166913344573,179194210163,569585309117,71017667229
CS200007,치과의원,20221,593389119289,4060467,301608687421,288935631478,552801235,47430930061,84018550416,125118779210,156606689594,176815970503,516075225855,77313893434
CS200007,치과의원,20222,632652618024,4421320,319077640453,310621781232,680903467,49790292504,88604483844,129681748527,168542236689,192398461577,550417227900,82235390124
CS200007,치과의원,20223,625779758740,4417596,312458525861,310509002890,955898304,49356085366,88884995977,133678166676,166424284186,183667361595,550939991123,74839767617
CS200007,치과의원,20224,622445116951,4407632,314297469075,304425339946,850927875,48220363099,89501475140,131852682621,157936977902,190360382382,537144461398,85300655553
CS200007,치과의원,20231,654011974907,4426637,331994739324,318898338073,562578219,42388438085,88216958903,139049043905,174531165866,206145160874,577306844793,76705130114
CS200007,치과의원,20232,653089266102,4430557,330354308478,319465448910,674768621,43945693226,87994098086,135024219348,170076594217,212104383565,575839040073,77250226029
CS200007,치과의원,20233,650761061371,4424657,327546854121,319737370611,951619943,45532329676,88973946842,141087975735,173095452439,197643136584,562858454177,87902607194
CS200007,치과의원,20234,652126272663,4471110,330696932085,318323050013,1016198284,45225833094,90168981754,137236710167,166851647652,208531898053,565770789970,86355482693
CS200007,치과의원,20241,679691460208,4487086,337777399490,339616079280,461035450,42113440904,94427440311,138894055161,181436252318,220060974389,594859415324,84832044884
CS200007,치과의원,20242,667778836554,4493930,336314933531,328665779461,544467117,40058246851,91067201600,131830156853,174750705360,226728055465,581988903019,85789933535
CS200007,치과의원,20243,648139489078,4379600,323794325759,321645475277,805935639,41242269103,88379190906,137042405351,170589168482,207381524778,561874807761,86264681317
CS200007,치과의원,20244,649502242141,4469487,323587720078,322965315511,873886995,41860819798,88195026377,130148659724,164544530416,220930163219,564629855780,84872386361
CS200007,치과의원,20251,645444964891,4242646,316547136997,326544266341,657966190,36176261985,85759260978,134239426589,169785313148,216472920776,559075881137,86369083754
CS200007,치과의원,20252,642208488767,4338069,316989331680,322620169582,978706368,37806973654,83801831037,129739065298,161806286665,225477037645,556378789572,85829699195
CS200007,치과의원,20253,612106975189,4254686,301389335550,307950118854,1055609682,36948752560,77599594443,126319291021,159665445420,207752279020,531419518494,80687456695
CS200007,치과의원,20254,584572868196,4126832,289337379919,292666407635,772580311,35114696423,73770607091,116835989736,150217443312,205292597042,508650028796,75922839400
CS200007,치과의원,20261,608053092207,4049408,302685078132,302523596924,704133537,30964027015,73631263723,118987598093,162831732643,218090680288,525578642219,82474449988
CS100007,치킨전문점,20211,115483624051,5575471,64984111610,41177227273,1503085913,19404344632,21691715488,27640204930,24811053929,11110812975,82002063416,33481560635
CS100007,치킨전문점,20212,131904106329,6022205,73859384808,46587299215,1612472698,21855331947,24417131579,31331802033,28364417820,12867013314,94624403363,37279702966
CS100007,치킨전문점,20213,120457710790,5739005,68346245393,42347955240,1410041489,19297088955,21195043268,28701468306,26894875827,13195465241,85913438549,34544272241
CS100007,치킨전문점,20214,127301767692,5629009,71969274325,44018368740,1684953109,22308682012,23544807570,29148480919,26649863172,12650755163,91092184606,36209583086
CS100007,치킨전문점,20221,102904093471,4722251,58569531081,35773489517,1199127667,15776910850,18860639697,22950813386,23370446513,12184976896,73515235320,29388858151
CS100007,치킨전문점,20222,156789148031,5720357,88243161545,52776388266,1528580508,25336232490,31647177119,34446607870,31933151761,16127800037,111967929875,44821218156
CS100007,치킨전문점,20223,151084642461,5342291,85506382785,50254071694,1403355399,23914553048,29699606150,33744777817,31222288298,15775786085,109491551420,41593091041
CS100007,치킨전문점,20224,150745633439,5453307,84161266166,50058371052,1673486004,24920243262,29023501169,32946871075,30548738608,15106797056,107215887893,43529745546
CS100007,치킨전문점,20231,135871083355,4773019,76923574716,43968932947,1187264628,19754763472,27209300148,29053009439,28626560951,15061387390,100229365258,35641718097
CS100007,치킨전문점,20232,151283121053,5131269,84497011419,50061227116,1267039711,21143002535,29773496305,32340073281,32475234485,17559468750,108736012181,42547108872
CS100007,치킨전문점,20233,144223959180,4734823,80507622347,47025148367,1043189884,19224559957,27001465359,31025973769,31407299183,17829843027,103845918273,40378040907
CS100007,치킨전문점,20234,137270197351,4621793,75964474121,44860124254,1337972162,19541882772,25950677054,29162052747,28878941053,15953438033,96659215518,40610981833
CS100007,치킨전문점,20241,126777919951,4165655,71359346084,40720694312,916103537,15933428110,25416094076,26016920747,27401705814,16395690042,91864723206,34913196745
CS100007,치킨전문점,20242,140591907915,4426614,78084066933,45879131700,941820596,17083423342,28011561713,29123053761,30275898228,18527667659,102229479501,38362428414
CS100007,치킨전문점,20243,126712572768,3905784,70507916344,40137252930,763361421,14444686697,23957119184,26029175695,27646100009,17804654486,93607092778,33105479990
CS100007,치킨전문점,20244,117988037911,3707902,65460569656,37590932887,889975318,14561747986,22525780569,24008985990,25322898846,15742113765,86215175228,31772862683
CS100007,치킨전문점,20251,101748181867,3161319,57553205263,31837649699,635069833,11179110136,20016786668,20598515785,22222827696,14738732143,73058759852,28689422015
CS100007,치킨전문점,20252,118759050269,3603051,66006190480,38230437412,704848852,13016495721,23423789081,24015976817,25530059157,17545526583,86934165963,31824884306
CS100007,치킨전문점,20253,115930891943,3364865,64244642119,37442332634,711622743,12739423398,21826118236,23364956177,25508453220,17536401014,84434553834,31496338110
CS100007,치킨전문점,20254,109439208232,3196116,60647080088,34712323460,808669908,12456862392,20366716547,21985684655,23670361012,16071076687,79836767966,29602440264
CS100007,치킨전문점,20261,96480730609,2779765,54544996457,30104371848,543063233,9876544249,18209774235,18763523949,21494201262,15762261330,69051391248,27429339361
CS100010,커피-음료,20211,512934662055,68258953,208571822292,247520035249,6822503293,139581100752,133811944070,90563846670,60305999063,25006463820,385018834902,127915827153
CS100010,커피-음료,20212,659367554094,90560477,266897266188,322441302553,10315905411,181114487981,169809104707,116784995064,79334891490,31979187053,492954321657,166413232437
CS100010,커피-음료,20213,638729239071,89351530,264328435726,307533227692,10840080455,176219141867,160660749404,115576687017,76838820166,31726286880,483850209410,154879029661
CS100010,커피-음료,20214,680809621498,89187814,272495807199,330402439772,13038748557,192779479636,165644854359,117707912215,80074559643,33650602083,508538267917,172271353581
CS100010,커피-음료,20221,584458209693,76896059,237403226646,284497512191,8582880595,151040490107,152534169969,103262528903,74590668818,31890090917,434411839477,150046370216
CS100010,커피-음료,20222,752260195980,98290345,301991331441,369077358735,11693427220,187018659667,194994797421,137679384599,96753512786,42928773834,554933927399,197326268581
CS100010,커피-음료,20223,754154945814,98507733,301505157567,370042499092,12814229973,186744282289,190360191861,140062214617,97489587725,44077198763,563528623931,190626321883
CS100010,커피-음료,20224,732120495583,92749022,285474969950,357849229531,13465665849,182593390892,178177831452,130818815235,94625065831,43643333289,537403103484,194717392099
CS100010,커피-음료,20231,707566707098,87128495,279588554204,343659097428,8877510138,155463031414,183703559252,129862400819,97073867613,48266855189,533871270782,173695436316
CS100010,커피-음료,20232,763682071752,99279214,300607687339,374793085879,11408782883,168936014466,194249583884,142354586425,105316946625,53135039863,568421360925,195260710827
CS100010,커피-음료,20233,754262532596,98887223,297600182407,367410353136,11456407022,165139040775,188470916006,141580419251,105685001858,52678802819,558338991313,195923541283
CS100010,커피-음료,20234,726009527525,92173562,282706522617,349867021309,12230795264,161838381957,178428615055,129425816398,99728499827,50922127136,537287236921,188722290604
CS100010,커피-음료,20241,696233795694,86714610,275523381563,335624240194,7316718031,139208102912,183202897897,127327017941,98467640297,55625244755,517639337532,178594458162
CS100010,커피-음료,20242,782358164451,103555286,308672894038,380160876291,9824388355,159296937327,202008515191,144168993747,112216649435,61318345772,584258769707,198099394744
CS100010,커피-음료,20243,757806597179,100066861,299584344743,363900995809,9934814443,152380921295,190420310486,139818875746,110649217393,60281386117,565772525111,192034072068
CS100010,커피-음료,20244,732275078706,93802137,283433675814,351988028381,10565459686,150812159133,179791834257,131410668320,103818538425,59022906191,548121163887,184153914819
CS100010,커피-음료,20251,667526572616,83157289,265231984341,319635652486,6432568672,124138618548,174276602432,120959806221,98892055598,60168189309,491998284569,175528288047
CS100010,커피-음료,20252,753618501247,99206265,295656812313,365389163491,9001165839,143537666492,192563355803,137307761279,111481057057,67155151804,561020791906,192597709341
CS100010,커피-음료,20253,779429448993,102191527,302346304939,372716465230,9402075835,144222407628,194075730764,143248792848,115506832134,68606872705,584502329199,194927119794
CS100010,커피-음료,20254,726089131835,90622903,279682063878,346880189076,9686829117,135696079071,177638714411,129930268226,107526076509,66084285613,543447302638,182641829197
CS100010,커피-음료,20261,689282715962,84290405,270011530355,328769367839,5485331820,116711892701,175597613437,126891976178,106530900796,67562986797,507751889237,181530826725
CS300003,컴퓨터및주변장치판매,20211,1049093701727,5689178,461225617656,220676953653,2630998479,66023427606,111313298056,248785100887,186647593859,66504548140,835865014838,213228686889
CS300003,컴퓨터및주변장치판매,20212,930641281536,7117903,374564957624,165764922152,2227345006,49649651701,110527123857,200901379052,122073489913,54950890251,801960310271,128680971265
CS300003,컴퓨터및주변장치판매,20213,1052321117085,6166712,381584897159,183262780375,3533588913,71033323046,109424376351,187542087897,134003826725,59310474589,922255559318,130065557767
CS300003,컴퓨터및주변장치판매,20214,1173104451336,7511169,403146606257,194511063594,2320848559,61367137864,115800290485,201891594316,158132804904,58144993709,1051026335446,122078115890
CS300003,컴퓨터및주변장치판매,20221,874739159194,5969715,365314299082,174450336550,3038187180,51711551950,99104922477,194223930184,138440274979,53245768850,748765836241,125973322953
CS300003,컴퓨터및주변장치판매,20222,681502919526,6944841,263808600565,122830465779,1680178039,32320476254,71582580873,133583137935,100951446362,46521246871,604412285791,77090633735
CS300003,컴퓨터및주변장치판매,20223,762950931155,6044194,270674311981,114160105429,1089497191,34960036774,64428417764,120675875497,105660612964,58019977229,693590897148,69360034007
CS300003,컴퓨터및주변장치판매,20224,880334361171,7696876,266099062488,132428533152,2035869609,38940655786,63279364639,135214433383,95142520303,63914751916,794353789886,85980571285
CS300003,컴퓨터및주변장치판매,20231,718598851244,6883059,298370279231,126550500996,1777454081,36096182798,67783661023,126205573341,132565724291,60492184690,635864483738,82734367506
CS300003,컴퓨터및주변장치판매,20232,678548738924,8412411,244031374297,131957706187,1443475209,32072061068,71351789417,105690597645,97763080250,67668076894,607803220446,70745518478
CS300003,컴퓨터및주변장치판매,20233,727786504444,7770380,268751626691,112568023501,1662739425,40782707183,64297671732,94372320381,121221908886,58982302570,656193743068,71592761376
CS300003,컴퓨터및주변장치판매,20234,729300998469,7795476,253951045938,125161035281,2151001507,41534908450,62435220937,110352538027,110618618060,52130289427,666849630645,62451367824
CS300003,컴퓨터및주변장치판매,20241,583408059951,7896851,259525946001,120394033712,1490306142,39497001520,64407017860,90840230525,123593560351,60095142881,515931834197,67476225754
CS300003,컴퓨터및주변장치판매,20242,536415239262,9290012,226381949761,102630584773,1931453769,31891896208,57795016881,73522414599,114441424019,49432406666,481675187539,54740051723
CS300003,컴퓨터및주변장치판매,20243,693331769133,9155496,263732562432,118909333858,1370576583,43261964596,81659783397,99230075307,105664642896,51454853518,618853393915,74478375218
CS300003,컴퓨터및주변장치판매,20244,711509072863,7967148,232794377215,121517258320,1172850881,32188854013,68796485435,97301811275,104476691657,50374942284,652507974151,59001098712
CS300003,컴퓨터및주변장치판매,20251,553327977086,6419714,258159268353,118567513926,1665775327,31882509724,67646835394,86627248248,123653276220,65258040020,482784955731,70543021355
CS300003,컴퓨터및주변장치판매,20252,623900929857,5626954,231505254453,118871693511,849199476,23678079469,62683831090,94185542988,92706167140,76274127809,568410687118,55490242739
CS300003,컴퓨터및주변장치판매,20253,661094175237,5641174,251064597043,126304869218,1205346916,35296829476,63780566175,84252730735,122286292860,70554936154,594925126820,66169048417
CS300003,컴퓨터및주변장치판매,20254,709179729454,5535534,227577333037,145685797430,962270714,26017554687,60482861347,123136420924,105026609818,57637412963,642437283633,66742445821
CS300003,컴퓨터및주변장치판매,20261,585690350689,6506487,263647414668,119620192710,500028716,23311316102,63854622608,109489682647,120649654125,65462303182,489712690534,95977660155
CS100006,패스트푸드점,20211,156666759661,13657116,75202687345,64680676331,2328929296,36796929860,35470713826,31030416047,24153474100,10102900536,109658175638,47008584023
CS100006,패스트푸드점,20212,170379758694,15555452,80459617329,71482950427,2986044296,41184485635,38970823349,33073583455,24894780572,10832850515,120266283102,50113475592
CS100006,패스트푸드점,20213,169304806175,15586356,82097119080,69762407682,3068836007,41276072559,37877660338,33431497432,25141163797,11064296571,120863752169,48441054006
CS100006,패스트푸드점,20214,172527819632,15291776,81805557263,71175192223,3614817487,42935508375,37755481208,33263513499,24747062674,10664366273,122234650648,50293168984
CS100006,패스트푸드점,20221,151720895784,13220699,73030857992,62502118465,2234085351,33124548671,34968861574,29902211101,24374417669,10928852179,107373254303,44347641481
CS100006,패스트푸드점,20222,174205832357,15639742,81930294509,74321726211,3056637978,40954932375,41414541784,33360351659,25738534945,11727022029,121861500817,52344331540
CS100006,패스트푸드점,20223,181443450668,15952425,85900483353,76364037137,3235038067,43019180947,42733524946,34931558821,26467961638,11877256032,128663905549,52779545119
CS100006,패스트푸드점,20224,179229174045,15014803,84063341158,73793583183,3620985638,41583563936,40791739928,34231076370,26104362348,11525254979,124495387566,54733786479
CS100006,패스트푸드점,20231,183153303027,15400924,87406061077,76920799922,2750098972,37923289801,44885551454,36820162909,28650043997,13297713883,130637060316,52516242711
CS100006,패스트푸드점,20232,179729883114,14871044,83947401505,75932416600,3049784643,38340041433,42898952732,35044397378,27678631998,12868009834,125840046661,53889836453
CS100006,패스트푸드점,20233,176436545407,14539200,82523693431,74038411046,2962378835,36661349401,41550813675,34843108969,27462655893,13081797704,121996447788,54440097619
CS100006,패스트푸드점,20234,181891762123,14784452,85484604207,75442747185,3802380174,38413797621,41669674011,35835970034,28031214562,13174314957,125425196689,56466565434
CS100006,패스트푸드점,20241,176183970246,14287768,83734438637,74288343863,2338113583,33009460121,43932997540,35751678740,28374842356,14615690210,123402517307,52781452939
CS100006,패스트푸드점,20242,184285142342,15525227,86313446406,78067116877,2991890709,36219377410,45770304443,35865689562,29008776299,14524524858,129657769887,54627372455
CS100006,패스트푸드점,20243,181127864707,15120154,85633821993,75195144685,2965467842,33962410778,43774100327,36078515956,29024091440,15024380307,127435308162,53692556545
CS100006,패스트푸드점,20244,179916256070,14405839,83611045895,73740271541,3350075754,34132573692,42299936806,35059479130,28254612550,14254639518,127861157502,52055098568
CS100006,패스트푸드점,20251,165645065087,13141997,79384617090,68031214298,2137730228,27278851309,41620577304,34028005136,27330673453,15019993927,115573992950,50071072138
CS100006,패스트푸드점,20252,178319606913,14316433,84660135276,72865444793,2768081663,30615004294,44127524938,35001113927,28848675987,16165179261,125080174484,53239432429
CS100006,패스트푸드점,20253,184556668960,14952513,88003992410,75940246926,2890023722,30929960161,45227456053,37349905885,30237347238,17309546278,130469361737,54087307223
CS100006,패스트푸드점,20254,180583794424,13798845,85579336328,73937778716,3099335194,29973238072,42166123916,36752915794,30706577070,16818924991,127329260704,53254533719
CS100006,패스트푸드점,20261,175515433909,13102625,84330330557,72397663612,1959937336,24632115433,41056652155,37856059090,32673026072,18550204032,121352173064,54163260845
CS300002,편의점,20211,951088594813,138783033,591714615217,339814498737,11013494282,247913341064,268991098973,201136491390,140243489372,62231198843,697268290024,253820304789
CS300002,편의점,20212,1081026654235,165401273,668118905014,391433596780,15347497003,288419447012,298946484600,227011556897,159708424321,70119091945,796978146547,284048507688
CS300002,편의점,20213,1123136854734,167973890,696665833687,403736643703,15768990098,301067495486,305482598672,235247127775,167880574987,74955690374,832370545975,290766308759
CS300002,편의점,20214,1098808811087,160739314,672054062843,404422025402,17303384568,307323730918,297756496867,226937343706,157671077390,69484054819,808605304142,290203506945
CS300002,편의점,20221,1027363253350,142649062,626145938318,378373568446,12539607824,252187012514,295573791118,213262090652,157612923917,73344080762,754735531098,272627722252
CS300002,편의점,20222,1140527360219,172268586,690602237952,428280520438,17274122837,281526347448,320547867426,240195461758,176977421152,82361537732,831212433819,309314926400
CS300002,편의점,20223,1191472495304,177700252,715691839214,452646845810,18031280968,298568911464,328234986768,250926523221,186077109433,86499873237,876433757005,315038738299
CS300002,편의점,20224,1136288274730,165376308,679055236674,432738915704,18312467126,288538915432,312141950026,238047569159,174460190595,80293060006,823519851923,312768422807
CS300002,편의점,20231,1066671125763,152773156,637011439031,406920102434,13567365535,235702581695,308672772017,226707951112,174999163038,84281708086,796013398688,270657727075
CS300002,편의점,20232,1174209102832,174770904,692006031146,457061636945,18702610324,266634720920,326813215212,246727597028,195157704143,95031820459,862837797799,311371305033
CS300002,편의점,20233,1185170593485,175232958,699638856898,458643539699,17815509375,264756732187,324273814624,250963064319,200813972876,99659303163,862144303295,323026290190
CS300002,편의점,20234,1111165908114,161094803,653620107272,431339886553,18454354051,256112887611,303275105225,232878718410,184479156211,89759772240,806192947776,304972960338
CS300002,편의점,20241,1035125089105,146653876,611585400180,399075884610,11908528265,206168360886,299860341119,217643493242,180570806523,94509754763,760957458693,274167630412
CS300002,편의점,20242,1124340774796,166863982,662842447428,436538804418,15958712716,228300908930,316643490594,236814529012,197388463601,104275146998,825213685743,299127089053
CS300002,편의점,20243,1131581309930,165985978,668869482812,436400546192,15342702776,227439447212,312580188699,240122925237,202289899891,107494865234,834792096833,296789213097
CS300002,편의점,20244,1073217262742,155034671,632035113595,414140981002,15660869835,221621274793,296339446212,226066811409,187559027425,98928664880,789331818872,283885443870
CS300002,편의점,20251,962549071234,134410037,570721815643,368732597262,10374196634,171615361142,276007789019,204347310410,176782948101,100326807542,702484645760,260064425474
CS300002,편의점,20252,1067633981692,155214104,629588713406,411932881335,14593849027,199285838322,295856058766,225252237311,194762939317,111770671937,784608391686,283025590006
CS300002,편의점,20253,1111642588519,160735195,654226233775,429182184828,14891872107,206949111105,304788072877,236012161914,204023320577,116743880014,821383913427,290258675093
CS300002,편의점,20254,1034895729952,145322866,607207685868,401759894103,14994398159,196746865689,282549118760,219848970957,188404085793,106424140595,759044398029,275851331923
CS300002,편의점,20261,961441050868,132370776,567057991876,369157540037,9384210211,158408376118,267168277789,205265057460,183720461040,112269149328,699595125546,261845925322
CS200030,피부관리실,20211,47799035231,241338,10616773412,35765380615,61711606,8395286967,15789636053,9502316282,8148409846,4484312529,36787900512,11011134719
CS200030,피부관리실,20212,56061964939,273726,13256592331,41451727454,95366467,11162182991,17897469568,10908805149,9203069824,5442791283,42856611848,13205353091
CS200030,피부관리실,20213,50456267158,268848,12544855366,36878396886,94447618,10499722521,15454935869,9893507123,8256231794,5225009746,38837457445,11618809713
CS200030,피부관리실,20214,52784794230,264611,12177806552,39044419005,123237645,10353607808,16729723718,10348844104,8859276564,4807535724,41417812099,11366982131
CS200030,피부관리실,20221,46675924585,232966,11260195119,34217248273,75621652,7695857340,15326073430,8438216616,8395907656,5544889903,35476081219,11199843366
CS200030,피부관리실,20222,51594128226,279861,12950304831,37466902522,67527490,9072729353,15949825755,10022447603,9847771571,5455869707,40119943268,11474184958
CS200030,피부관리실,20223,51887308748,265437,11887564309,38599630108,138195367,9317855383,16837533356,9745733183,8764342182,5684624059,41001455210,10885853538
CS200030,피부관리실,20224,51362734541,252992,12152837354,37262235903,117415458,9120659315,15200822293,10043608236,9359702652,5572865296,40386064569,10976669972
CS200030,피부관리실,20231,53933726378,252406,12936448416,39616042092,69339763,8353739375,17264626119,11003635738,9537798321,6323351197,42820943554,11112782824
CS200030,피부관리실,20232,55136867602,269251,11963329607,41316429784,99782896,9599341832,16435966526,10686897867,9715789259,6741981023,43082839125,12054028477
CS200030,피부관리실,20233,55915404293,279459,13052442827,41276277209,141610044,9683561282,15880625133,11653964676,10051457546,6918141590,43108126686,12807277607
CS200030,피부관리실,20234,53795419893,268784,13015608100,38853300014,210002977,10154934579,14875650432,10468966799,9160324555,7001791397,40854912443,12940507450
CS200030,피부관리실,20241,57490666898,274798,13474310685,42086610615,51535461,8826676690,18193985046,11527492049,9264682808,7692303491,44212847992,13277818906
CS200030,피부관리실,20242,60806157616,295268,16084843979,42237468389,75810295,9197442381,18703990002,11364570898,11526525787,7453972988,47650289956,13155867660
CS200030,피부관리실,20243,55824895913,286496,13544735735,40934537684,89011050,9542399294,16755059519,10960066797,10210147912,6924729891,43143175898,12681720015
CS200030,피부관리실,20244,53407380943,269828,13300682501,38295307734,80624020,9438624976,15624067880,10406670843,9282274562,6763294719,41740157280,11667223663
CS200030,피부관리실,20251,55010628601,262172,13235871658,39796603181,60025603,8112244318,15968271379,10620409210,10185832991,8087434441,41398325696,13612302905
CS200030,피부관리실,20252,57954858523,292019,13797759838,42143648475,106002042,9138203530,16915760101,11098022446,10248866238,8433294816,45407677188,12547181335
CS200030,피부관리실,20253,63741143504,356609,15339593564,46683574431,274343903,10478028798,19600897538,11314967875,12220791372,8141240337,50380246898,13360896606
CS200030,피부관리실,20254,59739984191,330953,15565719322,42331123365,186081490,10183994781,16681899416,12349580563,10654512881,7839705803,46328963414,13411020778
CS200030,피부관리실,20261,59064070356,326558,14849529610,42496909232,104862472,8850086099,17167264223,11698452207,11300550205,8225551073,45168583816,13895486540
CS100001,한식음식점,20211,2542491504216,84916976,1315394151030,719412483782,10503651505,333051251043,452628744456,449136164920,464574384403,324913141869,1914077988347,628413515869
CS100001,한식음식점,20212,3033981797950,99712953,1548068185281,903381671154,12957773888,412368868630,550938563221,537692730563,545619091679,391872899508,2268712839191,765268958759
CS100001,한식음식점,20213,2573753807233,91390260,1331733538163,777708481705,11800052211,353947537523,452675698834,452495575218,478890692160,359630752077,1913523497938,660230309295
CS100001,한식음식점,20214,3301750610647,101760264,1657078162257,963255549615,17502869195,486455901300,579296268840,551908210027,567693316168,417475580906,2470178857544,831571753103
CS100001,한식음식점,20221,2743080447165,86009003,1412698673915,791472754434,11904108424,348847139998,495832526331,454764271792,502371854498,390451084713,2033569783376,709510663789
CS100001,한식음식점,20222,3731650757503,105615572,1882168631734,1119964165956,14918887202,481971659277,703417721779,638174559153,648191084047,515455687816,2724692401791,1006958355712
CS100001,한식음식점,20223,3636484687596,102808164,1828402162505,1092986594555,15046318900,481154582857,670723377191,619497721897,632307123929,502645261661,2705428230329,931056457267
CS100001,한식음식점,20224,3996228223637,106952003,1971362571306,1181403276665,18757760499,537983049793,719677943813,659812049967,675639155596,540895966459,2914915494875,1081312728762
CS100001,한식음식점,20231,3762911405853,100687842,1881884099690,1107685603037,13442751811,436842795506,710537710829,625132384569,656381825198,547233769459,2833988393499,928923012354
CS100001,한식음식점,20232,3889044286141,105806269,1932425823772,1183703576806,15250024077,454037186754,725147655181,652430883289,685438787108,583824927061,2849964606933,1039079679208
CS100001,한식음식점,20233,3815149710083,103364771,1889040842887,1165265120713,14896593837,452246715221,698548410803,638919195574,675771495977,573923288070,2780609314909,1034540395174
CS100001,한식음식점,20234,4105165293262,105862901,1999810080514,1219607220265,19738071548,508411290522,736488937590,657644760540,698129185116,599008406130,3002774161334,1102391131928
CS100001,한식음식점,20241,3877994687371,100979886,1934208451129,1165553132015,13232714249,416834196831,746760738926,629793451256,682520246409,610621130815,2856800696946,1021193990425
CS100001,한식음식점,20242,4053035124812,106666635,2005550497243,1254480062660,14889880474,444603559431,775213702682,663976004151,710571031317,650774739748,2979971282764,1073063842048
CS100001,한식음식점,20243,3873742135864,102188708,1904120588250,1182282471035,14040336645,425334407906,720963852677,626314745482,677067977825,622685063143,2860543291021,1013198844843
CS100001,한식음식점,20244,4230012388626,107048815,2039638740757,1272722454267,18423512080,477037860338,769234151815,661399893027,717146002630,669118732049,3134427012554,1095585376072
CS100001,한식음식점,20251,3800164871712,96877309,1881454498470,1139437035154,12421491342,373575844006,722560002041,601710877406,659722028861,650899782129,2763692614594,1036472257118
CS100001,한식음식점,20252,4026454026718,104713722,1970845166158,1242163422707,14267097611,402022316344,756553819626,644195066681,696472028377,699498157391,2954705358004,1071748668714
CS100001,한식음식점,20253,4008796425766,106465539,1945744735011,1231386128116,14243602740,404461140496,735919183374,633976494287,693392066888,695143551060,2950467431355,1058328994410
CS100001,한식음식점,20254,4222288403551,105852099,2029221936355,1282398654619,18153813455,438324752932,758853775197,654570204643,719762243452,721955572150,3126809719465,1095478684085
CS100001,한식음식점,20261,3896747050196,99463741,1922212949230,1178576594285,11059821605,350450302238,718753134168,611564588024,686813572217,722147356149,2829265713901,1067481336295
CS200008,한의원,20211,231484250825,6065084,88353601289,141389577328,170297879,15743473141,36918085129,53849556471,59233167665,63829054466,183294465769,48189785056
CS200008,한의원,20212,253499531825,6798464,96455486135,155075932805,238108839,16694927091,40993364712,60383231268,64889086068,68332700951,199858053312,53641478513
CS200008,한의원,20213,240042399901,6737787,90763094099,147335145744,282129421,18088015755,39123175621,56561934697,61534770011,62508214350,189450361167,50592038734
CS200008,한의원,20214,237194891924,6568088,90997942334,144041945642,280355134,17242848188,37471741139,54197753564,60558873085,65286866937,192508807228,44686084696
CS200008,한의원,20221,223508438157,5921472,83993992457,137408169997,184355874,14354354464,36083987547,50553470156,54907826296,65318067876,177968761003,45539677154
CS200008,한의원,20222,252333565572,6707799,93843024436,156393495857,192398096,15300543988,38472639131,60239177069,63363699881,72668049739,200018147503,52315418069
CS200008,한의원,20223,238375093267,6559666,89751186299,146509589394,231208385,15886849559,37830907760,57603498238,59359053365,65348695070,193286213457,45088879810
CS200008,한의원,20224,225910329579,6513990,85265764743,138638843613,309803450,14175206971,35669367601,52783624385,55914722829,65051883150,177804392507,48105937072
CS200008,한의원,20231,236281788342,6345171,87717978993,145919728418,159671198,12815416457,37100046311,52879944484,59153752791,71532003343,192499358222,43782430120
CS200008,한의원,20232,247153452423,6838872,90403596839,154696017175,197962161,15277053309,37484312325,55969293139,61068738340,75101357614,200919233403,46234219020
CS200008,한의원,20233,238481728023,6748438,86201728286,149958578872,253654559,13767367674,39011256931,55099633462,60880943749,67147587606,189339395063,49142332960
CS200008,한의원,20234,231319178540,6500906,85875325912,143682870665,241016966,15118362620,38508904443,50928447244,56929553508,67831450808,186411605667,44907572873
CS200008,한의원,20241,240699399268,6491999,89459409603,149703333347,138781296,13285323872,39034366386,53357031002,59649026878,73698213538,192860494822,47838904446
CS200008,한의원,20242,257913270157,7240833,94939206195,161020623898,167042323,14943847577,41999732892,55248152721,64295000050,79306054526,208322508776,49590761381
CS200008,한의원,20243,251286598714,7077070,91511858162,157661883943,285808656,14377134334,41507655439,53557954358,63670405943,75775728532,202783840764,48502757950
CS200008,한의원,20244,236784522335,6952203,89230862974,145604128340,244382735,13849234308,37997874298,51189901965,57845859874,73707738123,191435074683,45349447652
CS200008,한의원,20251,232009391579,6337417,86069335269,144250292839,173361479,11177192300,39863823404,47779343262,56192573624,75133496796,184919771985,47089619594
CS200008,한의원,20252,245379748551,7035341,89753486776,153936242336,190366386,12326957953,39867343488,52762967330,59346976435,79197487654,198885439143,46494309408
CS200008,한의원,20253,226167523023,6550713,83718347776,140750787757,178595241,11686864750,35100018513,47363460579,56111776050,74027759970,182539256115,43628266907
CS200008,한의원,20254,208717561202,6018114,75970236639,131413578354,222227045,11052775316,32097453137,42085891484,51670221119,70255497864,167535486566,41182074635
CS200008,한의원,20261,210627916887,5915939,77575422894,131473857139,96831935,9875697538,29848393033,42619860829,52053447579,74558498693,166797648300,43830268587
CS300004,핸드폰,20211,110704048418,2385212,55271959324,39543008851,348324696,15831562848,14160231654,28414808995,21638870835,14421169139,82696040775,28008007643
CS300004,핸드폰,20212,96478096130,2630557,45870853157,37374426094,556399567,12744618406,13792545095,22784527167,20650245161,12716943867,76195018699,20283077431
CS300004,핸드폰,20213,100010345770,2706475,49054584898,35726904634,619967540,13957086369,13030640164,23003504722,20952153568,13218137180,79902658660,20107687110
CS300004,핸드폰,20214,115548833321,2676977,54090851159,42392000361,1256699281,15106921340,13975983221,26947397527,26586665429,12609184727,88126237948,27422595373
CS300004,핸드폰,20221,88888678903,2387732,44347965495,33600822127,724271719,10902460306,12555817942,21226805050,21244913003,11294519606,71020492932,17868185971
CS300004,핸드폰,20222,101720805094,2729143,50457370931,39056424534,708062695,14617216166,15759502048,24879133058,20603913005,12946726884,81923775962,19797029132
CS300004,핸드폰,20223,105907809145,2695965,53995237045,37907071873,493229932,13657789404,13443656059,25256272281,26118819297,12932541938,86805773447,19102035698
CS300004,핸드폰,20224,103957973201,2501288,52632177875,34943815714,651944540,12117788810,16030426123,25234925211,22144432284,11397816603,83020977415,20936995786
CS300004,핸드폰,20231,101918584250,2330336,53274795133,38559201054,573063720,10368862245,17946619703,24602739495,26115216351,12228002471,77532719866,24385864384
CS300004,핸드폰,20232,86826547562,2561008,47992358156,29591518914,961273976,7903290194,14529609600,22537257180,19146099903,12506346216,67526947383,19299600179
CS300004,핸드폰,20233,96093869465,2318187,49786492564,33118072906,514901057,8590171260,15605604745,21456578510,21051910723,15685399181,75251043124,20842826341
CS300004,핸드폰,20234,83734018264,1883649,42758283817,32135436345,499353154,8414435309,12225855936,21260132239,19966555791,12527387725,67513803705,16220214559
CS300004,핸드폰,20241,74752201772,1755442,36410232283,28509132190,283268958,6716355566,8753648331,18073171772,17227155240,13866537278,59078817826,15673383946
CS300004,핸드폰,20242,77287157451,2062650,40182411274,27031823837,321968528,6680804783,10576102383,23940482910,13177304070,12517572431,62027829054,15259328397
CS300004,핸드폰,20243,90982807967,2376437,47406303941,33274292806,472987402,7645793427,10984255129,23420883975,23167499176,14989177635,72658018436,18324789531
CS300004,핸드폰,20244,86472239543,2218111,48790742685,25445171214,266127262,7300877444,10358580323,25639590742,16660239037,14009890016,67590414329,18881825214
CS300004,핸드폰,20251,77854963715,2026031,42641275091,25410522924,632955348,6201921157,10845608828,22375691002,15215157449,12780464223,58843733525,19011230190
CS300004,핸드폰,20252,98172449676,2600430,57024893351,34440103307,246992435,7788691142,10758482786,28903857455,16135616711,27631356133,78978116765,19194332911
CS300004,핸드폰,20253,97518740048,1893815,48407976033,35046649593,629414227,8180432534,13187106276,22005360522,21452681804,17995800099,77032165599,20486574449
CS300004,핸드폰,20254,88324288750,1831563,46496883771,30574827185,820361613,9778672423,11606689420,18916577540,20077157897,15872252057,69082457553,19241831197
CS300004,핸드폰,20261,87177337734,1543635,46970247937,33590832649,296913203,7772014404,13090302854,22377585278,20602279297,16421985539,62443984637,24733353097
CS100009,호프-간이주점,20211,420893849805,11303774,244772202405,131103706118,7703982277,113029071456,90593573491,69993127152,63191621281,31364724983,303170338742,117723511063
CS100009,호프-간이주점,20212,551207462367,14746501,314736665808,176925774424,7308490279,154201510982,123910029364,91395429918,78835727485,36011155935,402807108841,148400353526
CS100009,호프-간이주점,20213,420247180943,12247196,247076176652,132616381176,4737369837,115301014582,95302798759,68969060256,63140861262,32239744353,303538745317,116708435626
CS100009,호프-간이주점,20214,692790201957,16200776,403199612302,211913501851,8740889323,209994338984,154705492388,107006608761,91901789724,42765031035,485475176207,207315025750
CS100009,호프-간이주점,20221,474097654312,11323196,271072112887,151790814173,9664850655,133180145246,110355166953,70705028088,65709076765,33248292413,333107502149,140990152163
CS100009,호프-간이주점,20222,877090965860,19585955,505777393276,278527037169,9537145103,246464634973,224232563217,136957555608,115152140208,51961513224,604485104767,272605861093
CS100009,호프-간이주점,20223,845182269304,18864833,491495283241,269200658783,8264200493,239773032912,215075196700,133811188576,112696476560,51075846808,584715450308,260466818996
CS100009,호프-간이주점,20224,838676362916,17672234,478187598409,265513243840,8588736378,234581415646,207864608804,130720579847,110863782477,51082507240,560436279843,278240083073
CS100009,호프-간이주점,20231,861192518965,17287421,506980065539,258135821571,10926329468,201719812483,217452562515,141746583378,126916152222,66356776237,597938158183,263254360782
CS100009,호프-간이주점,20232,824377869747,18124934,470823344193,262502867976,8714420148,198701018954,212865011685,136530780226,117410161719,59104580836,565161572239,259216297508
CS100009,호프-간이주점,20233,797926156283,17903758,452935278092,256757102513,7430429609,193826508124,200715618476,132905651122,116287554573,58525111017,543948283817,253977872466
CS100009,호프-간이주점,20234,856978491198,17587573,494756936084,257963406157,8220660706,198842566009,205204767999,142071368621,128840575469,69542348975,574726290354,282252200844
CS100009,호프-간이주점,20241,800315859053,16515918,462499963052,245531855777,8742385154,168729649169,206023339946,130660661649,122555552900,71321392178,548399950709,251915908344
CS100009,호프-간이주점,20242,843534847263,18202669,483987058945,262066499826,7286196615,172677082982,216586162914,140728591223,132226814694,76541746926,582878859276,260655987987
CS100009,호프-간이주점,20243,805194729231,17880458,463272334277,248934143285,6106379429,168801000484,204496564868,133901342113,126000364514,72905135903,559027487152,246167242079
CS100009,호프-간이주점,20244,825883330136,18248963,466546487047,253738243611,7196995530,171049033057,205809149226,136799456543,126012424062,73415983065,569577914646,256305415490
CS100009,호프-간이주점,20251,738444529338,16431835,422334410922,227879353885,7583434113,142164983373,194773596632,119270365127,114363153591,72057002644,497836139685,240608389653
CS100009,호프-간이주점,20252,788647006661,18058020,444986540979,245068152216,6445870147,148041596928,203941741845,129273675276,123297322393,79054946211,548446113204,240200893457
CS100009,호프-간이주점,20253,742538242172,15479371,429144763155,217703780659,5204163489,136125573000,184515025365,125643157019,118710946774,76652871265,515472004497,227066237675
CS100009,호프-간이주점,20254,743652153077,15192248,430672781178,216769266491,6132198675,138649256241,183073986990,124998042492,119621595492,74967081929,512088730719,231563422357
CS100009,호프-간이주점,20261,671609245495,14053106,394499251976,198432946797,6003507159,118080586734,172140105074,113217684027,109520204008,73971119879,451585406375,220023839120
CS300022,화장품,20211,415037489417,5611505,140612150338,259332287243,1884823373,56531346949,90363850077,105052662144,86185597398,59922972100,342164986339,72872503078
CS300022,화장품,20212,422469620151,6108943,138319875458,268113441337,1611350013,57493531725,93281988877,108836934934,87462302103,57711640024,353899005969,68570614182
CS300022,화장품,20213,420880414191,5859062,134992014165,268042803024,1948974713,58110278367,92719108569,107801130940,86177805762,56273611865,352824231857,68056182334
CS300022,화장품,20214,415594323256,5938336,127391719204,272543084352,2443605961,60378574408,93187682343,102751991328,83098524531,58077105516,342533641862,73060681394
CS300022,화장품,20221,337768425962,4723031,110385610342,214397399308,1614310071,40727541788,69677423680,88555667627,72731979068,51486748242,283236990970,54531434992
CS300022,화장품,20222,360654387198,5268870,119554947305,228421145200,1599632781,42300412180,73826857654,95635822398,81954396824,52655768023,298913990013,61740397185
CS300022,화장품,20223,351214013473,4979960,119940099535,217829902898,1805041461,41606512209,73080112912,98740770054,74805056261,47714757439,299347314126,51866699347
CS300022,화장품,20224,342993549600,4700663,112116612618,218930924376,1679247469,40830730110,65354524082,90029389398,79465172742,53686539335,284174641455,58818908145
CS300022,화장품,20231,352383890379,4110623,123803519571,218489360906,1384674161,38995350994,73828048806,96248141177,75817262941,56018846822,296897763597,55486126782
CS300022,화장품,20232,337722670435,4516347,115295131217,207740543476,1284496779,36259320613,70463703093,84296817935,77749175438,52988320144,283831435966,53891234469
CS300022,화장품,20233,326942770529,4378004,110240656154,199955256487,1737997666,38762120393,67166063322,82343701222,72248485642,47939184005,269441233915,57501536614
CS300022,화장품,20234,357755214569,4245664,115562059002,221278729416,1859192384,39453423920,67716233123,87059241820,79542115637,61211501354,294254281803,63500932766
CS300022,화장품,20241,365738733601,4095184,119872239699,226983525047,1184133226,39965281304,73612889371,88142450941,78207145711,65744001283,297252599708,68486133893
CS300022,화장품,20242,357167887712,4254630,113632475176,225791321129,1053229787,37255194846,71728269579,81925052213,80007227534,67445554753,295073964241,62093923471
CS300022,화장품,20243,346765815848,3798219,109371298735,220747611386,1490377378,42459247107,69233476112,78912603759,75954669498,62068481554,284675332498,62090483350
CS300022,화장품,20244,366696506573,3987460,117505195067,228204947818,1594940525,38252171770,75908507340,87860889057,74387532602,67706101605,297680739389,69015767184
CS300022,화장품,20251,340181681875,3778648,113966310526,210618792709,1144725574,32021714974,71684143968,74060907014,77281219348,68392742958,275450017292,64731664583
CS300022,화장품,20252,330596112312,3690968,105127096829,209694502331,919939487,32924041227,66790419188,73415529436,74385242710,66387221807,269326052131,61270060181
CS300022,화장품,20253,314637583045,3344172,102097903726,195293002521,1204357934,28238069712,62085940381,74762825378,72360902173,58738298303,260765611575,53871971469
CS300022,화장품,20254,331331123627,3695287,106779811823,207832017368,1524925250,31917284807,61781649020,76069770961,76505098495,66808846650,274437548921,56893574706
CS300022,화장품,20261,316596019371,3625143,101159023075,198838356932,982168468,29088235699,56277661214,74842574615,73886387603,64920346669,253300129245,63295890126
CS300028,화초,20211,67545782541,1712902,22655450537,27579552504,239902359,6568377915,10872545822,10958659630,10571445221,11023812657,50387552297,17158230244
CS300028,화초,20212,91500920013,2567965,32053771202,40077918914,724514478,11211849340,17186814661,14853904541,14396360280,13758141081,66323335948,25177584065
CS300028,화초,20213,57990057933,1552953,20216140034,23074851145,213169526,7187684966,9664161462,8242622776,8904789071,9078476438,45241554444,12748503489
CS300028,화초,20214,73745252563,1643265,23959241500,27230715253,288237934,8509991370,12594620319,9800605433,10429403763,9567291557,57070215290,16675037273
CS300028,화초,20221,69690156140,1718865,23875175113,27493952504,288969855,7220657832,11348681674,11333983996,11302652218,9873898624,54729083470,14961072670
CS300028,화초,20222,97146689957,2550950,32713288041,40843487905,642645017,10822312170,17450600192,14961220608,14799324628,14880640403,68682304515,28464385442
CS300028,화초,20223,59437791891,1362286,19343412771,23258013769,186143695,6896578880,9219119465,8014687153,9830384076,8454546777,46872436050,12565355841
CS300028,화초,20224,70712673515,1504971,23505457021,27682293898,273587096,7460081869,11052877689,11021382769,11632380355,9747441144,54765728123,15946945392
CS300028,화초,20231,74059259801,1615271,24521114613,29450765657,229799793,6939527034,10772249455,11773392349,12365413510,11891308262,60636142535,13423117266
CS300028,화초,20232,84480106817,2055117,28023079179,35194168897,525676385,7988581487,13511687076,12906637221,14169415106,14115383031,63057784685,21422322132
CS300028,화초,20233,54469804553,1214932,17658226372,21544261930,166492449,5560289887,8337039577,7057580123,9155990463,8925158382,42646935391,11822869162
CS300028,화초,20234,68658187615,1325946,21736020369,25322089601,207235257,5767787552,9863920930,10494776158,10940773533,9785035916,53985273216,14672914399
CS300028,화초,20241,72785263973,1520183,25255704279,29058645447,164810705,5025890653,11166631418,12276237427,13596682620,12083252111,57807885897,14977378076
CS300028,화초,20242,83920025014,2096565,29289402285,34196352653,447518123,6928558574,13585935179,12984663825,14860780220,14677852098,65873217690,18046807324
CS300028,화초,20243,57280830911,1206542,19250905763,21698756564,171779474,4225396562,9409830907,7536702301,9252718965,10353234102,46028524588,11252306323
CS300028,화초,20244,70875580115,1389827,22585858443,25176369223,206529850,5484208730,10344591344,9579158231,10723530832,11423834253,56538389896,14337190219
CS300028,화초,20251,70347703247,1461287,23952583111,27752090630,154566069,4637861744,9777974485,11482650163,12944074366,12707546943,55820752559,14526950688
CS300028,화초,20252,88804899131,2188614,29781983696,36140625562,442913677,7058633393,12850085884,12857235985,14520690862,18193049447,70057327159,18747571972
CS300028,화초,20253,58084751823,1229012,19622920406,22297940977,181141578,4267451133,8885805950,7765794518,8704504900,12116262671,45360149858,12724601966
CS300028,화초,20254,72860677488,1336996,22970358783,26675441986,229628213,6013151653,10674783811,8827296232,10718367246,13182596480,57432760349,15427917138
CS300028,화초,20261,75174449968,1457321,24455217460,31078780802,147029038,4688784748,10482083675,10807274459,13924444601,15484455350,58859046602,16315403366
