소분류코드,소분류명,시도코드,시도명,시군구코드,시군구명,사업체수
G20201,타이어 소매업,11,서울특별시,11170,용산구,1
G20201,타이어 소매업,11,서울특별시,11200,성동구,22
G20201,타이어 소매업,11,서울특별시,11230,동대문구,20
G20201,타이어 소매업,11,서울특별시,11260,중랑구,3
G20201,타이어 소매업,11,서울특별시,11290,성북구,1
G20201,타이어 소매업,11,서울특별시,11305,강북구,1
G20201,타이어 소매업,11,서울특별시,11320,도봉구,5
G20201,타이어 소매업,11,서울특별시,11350,노원구,5
G20201,타이어 소매업,11,서울특별시,11380,은평구,1
G20201,타이어 소매업,11,서울특별시,11410,서대문구,2
G20201,타이어 소매업,11,서울특별시,11440,마포구,3
G20201,타이어 소매업,11,서울특별시,11470,양천구,4
G20201,타이어 소매업,11,서울특별시,11500,강서구,7
G20201,타이어 소매업,11,서울특별시,11530,구로구,4
G20201,타이어 소매업,11,서울특별시,11545,금천구,1
G20201,타이어 소매업,11,서울특별시,11560,영등포구,6
G20201,타이어 소매업,11,서울특별시,11620,관악구,5
G20201,타이어 소매업,11,서울특별시,11650,서초구,3
G20201,타이어 소매업,11,서울특별시,11680,강남구,3
G20201,타이어 소매업,11,서울특별시,11710,송파구,2
G20201,타이어 소매업,11,서울특별시,11740,강동구,1
G20202,자동차 부품 소매업,11,서울특별시,11110,종로구,7
G20202,자동차 부품 소매업,11,서울특별시,11140,중구,11
G20202,자동차 부품 소매업,11,서울특별시,11170,용산구,12
G20202,자동차 부품 소매업,11,서울특별시,11200,성동구,56
G20202,자동차 부품 소매업,11,서울특별시,11215,광진구,24
G20202,자동차 부품 소매업,11,서울특별시,11230,동대문구,123
G20202,자동차 부품 소매업,11,서울특별시,11260,중랑구,30
G20202,자동차 부품 소매업,11,서울특별시,11290,성북구,21
G20202,자동차 부품 소매업,11,서울특별시,11305,강북구,17
G20202,자동차 부품 소매업,11,서울특별시,11320,도봉구,20
G20202,자동차 부품 소매업,11,서울특별시,11350,노원구,19
G20202,자동차 부품 소매업,11,서울특별시,11380,은평구,19
G20202,자동차 부품 소매업,11,서울특별시,11410,서대문구,10
G20202,자동차 부품 소매업,11,서울특별시,11440,마포구,22
G20202,자동차 부품 소매업,11,서울특별시,11470,양천구,25
G20202,자동차 부품 소매업,11,서울특별시,11500,강서구,42
G20202,자동차 부품 소매업,11,서울특별시,11530,구로구,38
G20202,자동차 부품 소매업,11,서울특별시,11545,금천구,16
G20202,자동차 부품 소매업,11,서울특별시,11560,영등포구,54
G20202,자동차 부품 소매업,11,서울특별시,11590,동작구,13
G20202,자동차 부품 소매업,11,서울특별시,11620,관악구,25
G20202,자동차 부품 소매업,11,서울특별시,11650,서초구,43
G20202,자동차 부품 소매업,11,서울특별시,11680,강남구,67
G20202,자동차 부품 소매업,11,서울특별시,11710,송파구,60
G20202,자동차 부품 소매업,11,서울특별시,11740,강동구,28
G20301,모터사이클 및 부품 소매업,11,서울특별시,11110,종로구,9
G20301,모터사이클 및 부품 소매업,11,서울특별시,11140,중구,37
G20301,모터사이클 및 부품 소매업,11,서울특별시,11170,용산구,24
G20301,모터사이클 및 부품 소매업,11,서울특별시,11200,성동구,19
G20301,모터사이클 및 부품 소매업,11,서울특별시,11215,광진구,34
G20301,모터사이클 및 부품 소매업,11,서울특별시,11230,동대문구,21
G20301,모터사이클 및 부품 소매업,11,서울특별시,11260,중랑구,22
G20301,모터사이클 및 부품 소매업,11,서울특별시,11290,성북구,28
G20301,모터사이클 및 부품 소매업,11,서울특별시,11305,강북구,9
G20301,모터사이클 및 부품 소매업,11,서울특별시,11320,도봉구,5
G20301,모터사이클 및 부품 소매업,11,서울특별시,11350,노원구,10
G20301,모터사이클 및 부품 소매업,11,서울특별시,11380,은평구,18
G20301,모터사이클 및 부품 소매업,11,서울특별시,11410,서대문구,14
G20301,모터사이클 및 부품 소매업,11,서울특별시,11440,마포구,16
G20301,모터사이클 및 부품 소매업,11,서울특별시,11470,양천구,10
G20301,모터사이클 및 부품 소매업,11,서울특별시,11500,강서구,17
G20301,모터사이클 및 부품 소매업,11,서울특별시,11530,구로구,8
G20301,모터사이클 및 부품 소매업,11,서울특별시,11545,금천구,15
G20301,모터사이클 및 부품 소매업,11,서울특별시,11560,영등포구,16
G20301,모터사이클 및 부품 소매업,11,서울특별시,11590,동작구,4
G20301,모터사이클 및 부품 소매업,11,서울특별시,11620,관악구,25
G20301,모터사이클 및 부품 소매업,11,서울특별시,11650,서초구,14
G20301,모터사이클 및 부품 소매업,11,서울특별시,11680,강남구,20
G20301,모터사이클 및 부품 소매업,11,서울특별시,11710,송파구,21
G20301,모터사이클 및 부품 소매업,11,서울특별시,11740,강동구,11
G20404,슈퍼마켓,11,서울특별시,11110,종로구,306
G20404,슈퍼마켓,11,서울특별시,11140,중구,419
G20404,슈퍼마켓,11,서울특별시,11170,용산구,228
G20404,슈퍼마켓,11,서울특별시,11200,성동구,245
G20404,슈퍼마켓,11,서울특별시,11215,광진구,278
G20404,슈퍼마켓,11,서울특별시,11230,동대문구,382
G20404,슈퍼마켓,11,서울특별시,11260,중랑구,357
G20404,슈퍼마켓,11,서울특별시,11290,성북구,326
G20404,슈퍼마켓,11,서울특별시,11305,강북구,290
G20404,슈퍼마켓,11,서울특별시,11320,도봉구,282
G20404,슈퍼마켓,11,서울특별시,11350,노원구,327
G20404,슈퍼마켓,11,서울특별시,11380,은평구,300
G20404,슈퍼마켓,11,서울특별시,11410,서대문구,237
G20404,슈퍼마켓,11,서울특별시,11440,마포구,293
G20404,슈퍼마켓,11,서울특별시,11470,양천구,309
G20404,슈퍼마켓,11,서울특별시,11500,강서구,432
G20404,슈퍼마켓,11,서울특별시,11530,구로구,431
G20404,슈퍼마켓,11,서울특별시,11545,금천구,277
G20404,슈퍼마켓,11,서울특별시,11560,영등포구,479
G20404,슈퍼마켓,11,서울특별시,11590,동작구,252
G20404,슈퍼마켓,11,서울특별시,11620,관악구,361
G20404,슈퍼마켓,11,서울특별시,11650,서초구,266
G20404,슈퍼마켓,11,서울특별시,11680,강남구,379
G20404,슈퍼마켓,11,서울특별시,11710,송파구,420
G20404,슈퍼마켓,11,서울특별시,11740,강동구,353
G20405,편의점,11,서울특별시,11110,종로구,286
G20405,편의점,11,서울특별시,11140,중구,363
G20405,편의점,11,서울특별시,11170,용산구,265
G20405,편의점,11,서울특별시,11200,성동구,285
G20405,편의점,11,서울특별시,11215,광진구,373
G20405,편의점,11,서울특별시,11230,동대문구,348
G20405,편의점,11,서울특별시,11260,중랑구,335
G20405,편의점,11,서울특별시,11290,성북구,330
G20405,편의점,11,서울특별시,11305,강북구,265
G20405,편의점,11,서울특별시,11320,도봉구,239
G20405,편의점,11,서울특별시,11350,노원구,316
G20405,편의점,11,서울특별시,11380,은평구,326
G20405,편의점,11,서울특별시,11410,서대문구,299
G20405,편의점,11,서울특별시,11440,마포구,511
G20405,편의점,11,서울특별시,11470,양천구,273
G20405,편의점,11,서울특별시,11500,강서구,529
G20405,편의점,11,서울특별시,11530,구로구,337
G20405,편의점,11,서울특별시,11545,금천구,294
G20405,편의점,11,서울특별시,11560,영등포구,502
G20405,편의점,11,서울특별시,11590,동작구,300
G20405,편의점,11,서울특별시,11620,관악구,406
G20405,편의점,11,서울특별시,11650,서초구,481
G20405,편의점,11,서울특별시,11680,강남구,803
G20405,편의점,11,서울특별시,11710,송파구,583
G20405,편의점,11,서울특별시,11740,강동구,346
G20499,그 외 기타 종합 소매업,11,서울특별시,11110,종로구,59
G20499,그 외 기타 종합 소매업,11,서울특별시,11140,중구,73
G20499,그 외 기타 종합 소매업,11,서울특별시,11170,용산구,25
G20499,그 외 기타 종합 소매업,11,서울특별시,11200,성동구,43
G20499,그 외 기타 종합 소매업,11,서울특별시,11215,광진구,36
G20499,그 외 기타 종합 소매업,11,서울특별시,11230,동대문구,36
G20499,그 외 기타 종합 소매업,11,서울특별시,11260,중랑구,22
G20499,그 외 기타 종합 소매업,11,서울특별시,11290,성북구,32
G20499,그 외 기타 종합 소매업,11,서울특별시,11305,강북구,21
G20499,그 외 기타 종합 소매업,11,서울특별시,11320,도봉구,31
G20499,그 외 기타 종합 소매업,11,서울특별시,11350,노원구,26
G20499,그 외 기타 종합 소매업,11,서울특별시,11380,은평구,27
G20499,그 외 기타 종합 소매업,11,서울특별시,11410,서대문구,32
G20499,그 외 기타 종합 소매업,11,서울특별시,11440,마포구,63
G20499,그 외 기타 종합 소매업,11,서울특별시,11470,양천구,22
G20499,그 외 기타 종합 소매업,11,서울특별시,11500,강서구,49
G20499,그 외 기타 종합 소매업,11,서울특별시,11530,구로구,41
G20499,그 외 기타 종합 소매업,11,서울특별시,11545,금천구,26
G20499,그 외 기타 종합 소매업,11,서울특별시,11560,영등포구,41
G20499,그 외 기타 종합 소매업,11,서울특별시,11590,동작구,31
G20499,그 외 기타 종합 소매업,11,서울특별시,11620,관악구,36
G20499,그 외 기타 종합 소매업,11,서울특별시,11650,서초구,57
G20499,그 외 기타 종합 소매업,11,서울특별시,11680,강남구,73
G20499,그 외 기타 종합 소매업,11,서울특별시,11710,송파구,49
G20499,그 외 기타 종합 소매업,11,서울특별시,11740,강동구,22
G20501,곡물/곡분 소매업,11,서울특별시,11110,종로구,12
G20501,곡물/곡분 소매업,11,서울특별시,11140,중구,11
G20501,곡물/곡분 소매업,11,서울특별시,11170,용산구,5
G20501,곡물/곡분 소매업,11,서울특별시,11200,성동구,10
G20501,곡물/곡분 소매업,11,서울특별시,11215,광진구,10
G20501,곡물/곡분 소매업,11,서울특별시,11230,동대문구,14
G20501,곡물/곡분 소매업,11,서울특별시,11260,중랑구,24
G20501,곡물/곡분 소매업,11,서울특별시,11290,성북구,14
G20501,곡물/곡분 소매업,11,서울특별시,11305,강북구,10
G20501,곡물/곡분 소매업,11,서울특별시,11320,도봉구,10
G20501,곡물/곡분 소매업,11,서울특별시,11350,노원구,15
G20501,곡물/곡분 소매업,11,서울특별시,11380,은평구,12
G20501,곡물/곡분 소매업,11,서울특별시,11410,서대문구,11
G20501,곡물/곡분 소매업,11,서울특별시,11440,마포구,7
G20501,곡물/곡분 소매업,11,서울특별시,11470,양천구,10
G20501,곡물/곡분 소매업,11,서울특별시,11500,강서구,11
G20501,곡물/곡분 소매업,11,서울특별시,11530,구로구,7
G20501,곡물/곡분 소매업,11,서울특별시,11545,금천구,11
G20501,곡물/곡분 소매업,11,서울특별시,11560,영등포구,23
G20501,곡물/곡분 소매업,11,서울특별시,11590,동작구,2
G20501,곡물/곡분 소매업,11,서울특별시,11620,관악구,22
G20501,곡물/곡분 소매업,11,서울특별시,11650,서초구,7
G20501,곡물/곡분 소매업,11,서울특별시,11680,강남구,13
G20501,곡물/곡분 소매업,11,서울특별시,11710,송파구,12
G20501,곡물/곡분 소매업,11,서울특별시,11740,강동구,13
G20502,가축 사료 소매업,11,서울특별시,11110,종로구,2
G20502,가축 사료 소매업,11,서울특별시,11170,용산구,2
G20502,가축 사료 소매업,11,서울특별시,11215,광진구,3
G20502,가축 사료 소매업,11,서울특별시,11230,동대문구,6
G20502,가축 사료 소매업,11,서울특별시,11260,중랑구,2
G20502,가축 사료 소매업,11,서울특별시,11290,성북구,1
G20502,가축 사료 소매업,11,서울특별시,11305,강북구,3
G20502,가축 사료 소매업,11,서울특별시,11350,노원구,3
G20502,가축 사료 소매업,11,서울특별시,11410,서대문구,1
G20502,가축 사료 소매업,11,서울특별시,11440,마포구,5
G20502,가축 사료 소매업,11,서울특별시,11470,양천구,1
G20502,가축 사료 소매업,11,서울특별시,11500,강서구,4
G20502,가축 사료 소매업,11,서울특별시,11530,구로구,1
G20502,가축 사료 소매업,11,서울특별시,11545,금천구,1
G20502,가축 사료 소매업,11,서울특별시,11560,영등포구,1
G20502,가축 사료 소매업,11,서울특별시,11590,동작구,2
G20502,가축 사료 소매업,11,서울특별시,11620,관악구,3
G20502,가축 사료 소매업,11,서울특별시,11650,서초구,1
G20502,가축 사료 소매업,11,서울특별시,11680,강남구,5
G20502,가축 사료 소매업,11,서울특별시,11710,송파구,10
G20502,가축 사료 소매업,11,서울특별시,11740,강동구,4
G20503,정육점,11,서울특별시,11110,종로구,51
G20503,정육점,11,서울특별시,11140,중구,59
G20503,정육점,11,서울특별시,11170,용산구,64
G20503,정육점,11,서울특별시,11200,성동구,135
G20503,정육점,11,서울특별시,11215,광진구,102
G20503,정육점,11,서울특별시,11230,동대문구,139
G20503,정육점,11,서울특별시,11260,중랑구,151
G20503,정육점,11,서울특별시,11290,성북구,114
G20503,정육점,11,서울특별시,11305,강북구,103
G20503,정육점,11,서울특별시,11320,도봉구,106
G20503,정육점,11,서울특별시,11350,노원구,96
G20503,정육점,11,서울특별시,11380,은평구,117
G20503,정육점,11,서울특별시,11410,서대문구,72
G20503,정육점,11,서울특별시,11440,마포구,87
G20503,정육점,11,서울특별시,11470,양천구,136
G20503,정육점,11,서울특별시,11500,강서구,164
G20503,정육점,11,서울특별시,11530,구로구,112
G20503,정육점,11,서울특별시,11545,금천구,94
G20503,정육점,11,서울특별시,11560,영등포구,115
G20503,정육점,11,서울특별시,11590,동작구,93
G20503,정육점,11,서울특별시,11620,관악구,144
G20503,정육점,11,서울특별시,11650,서초구,84
G20503,정육점,11,서울특별시,11680,강남구,105
G20503,정육점,11,서울특별시,11710,송파구,169
G20503,정육점,11,서울특별시,11740,강동구,148
G20504,건어물/젓갈 소매업,11,서울특별시,11110,종로구,10
G20504,건어물/젓갈 소매업,11,서울특별시,11140,중구,68
G20504,건어물/젓갈 소매업,11,서울특별시,11170,용산구,13
G20504,건어물/젓갈 소매업,11,서울특별시,11200,성동구,8
G20504,건어물/젓갈 소매업,11,서울특별시,11215,광진구,18
G20504,건어물/젓갈 소매업,11,서울특별시,11230,동대문구,67
G20504,건어물/젓갈 소매업,11,서울특별시,11260,중랑구,30
G20504,건어물/젓갈 소매업,11,서울특별시,11290,성북구,15
G20504,건어물/젓갈 소매업,11,서울특별시,11305,강북구,27
G20504,건어물/젓갈 소매업,11,서울특별시,11320,도봉구,17
G20504,건어물/젓갈 소매업,11,서울특별시,11350,노원구,8
G20504,건어물/젓갈 소매업,11,서울특별시,11380,은평구,30
G20504,건어물/젓갈 소매업,11,서울특별시,11410,서대문구,23
G20504,건어물/젓갈 소매업,11,서울특별시,11440,마포구,20
G20504,건어물/젓갈 소매업,11,서울특별시,11470,양천구,26
G20504,건어물/젓갈 소매업,11,서울특별시,11500,강서구,35
G20504,건어물/젓갈 소매업,11,서울특별시,11530,구로구,18
G20504,건어물/젓갈 소매업,11,서울특별시,11545,금천구,20
G20504,건어물/젓갈 소매업,11,서울특별시,11560,영등포구,29
G20504,건어물/젓갈 소매업,11,서울특별시,11590,동작구,31
G20504,건어물/젓갈 소매업,11,서울특별시,11620,관악구,26
G20504,건어물/젓갈 소매업,11,서울특별시,11650,서초구,9
G20504,건어물/젓갈 소매업,11,서울특별시,11680,강남구,12
G20504,건어물/젓갈 소매업,11,서울특별시,11710,송파구,43
G20504,건어물/젓갈 소매업,11,서울특별시,11740,강동구,24
G20505,수산물 소매업,11,서울특별시,11110,종로구,14
G20505,수산물 소매업,11,서울특별시,11140,중구,29
G20505,수산물 소매업,11,서울특별시,11170,용산구,17
G20505,수산물 소매업,11,서울특별시,11200,성동구,13
G20505,수산물 소매업,11,서울특별시,11215,광진구,29
G20505,수산물 소매업,11,서울특별시,11230,동대문구,83
G20505,수산물 소매업,11,서울특별시,11260,중랑구,40
G20505,수산물 소매업,11,서울특별시,11290,성북구,20
G20505,수산물 소매업,11,서울특별시,11305,강북구,25
G20505,수산물 소매업,11,서울특별시,11320,도봉구,20
G20505,수산물 소매업,11,서울특별시,11350,노원구,23
G20505,수산물 소매업,11,서울특별시,11380,은평구,35
G20505,수산물 소매업,11,서울특별시,11410,서대문구,21
G20505,수산물 소매업,11,서울특별시,11440,마포구,33
G20505,수산물 소매업,11,서울특별시,11470,양천구,24
G20505,수산물 소매업,11,서울특별시,11500,강서구,76
G20505,수산물 소매업,11,서울특별시,11530,구로구,29
G20505,수산물 소매업,11,서울특별시,11545,금천구,20
G20505,수산물 소매업,11,서울특별시,11560,영등포구,24
G20505,수산물 소매업,11,서울특별시,11590,동작구,487
G20505,수산물 소매업,11,서울특별시,11620,관악구,47
G20505,수산물 소매업,11,서울특별시,11650,서초구,14
G20505,수산물 소매업,11,서울특별시,11680,강남구,27
G20505,수산물 소매업,11,서울특별시,11710,송파구,64
G20505,수산물 소매업,11,서울특별시,11740,강동구,41
G20506,채소/과일 소매업,11,서울특별시,11110,종로구,57
G20506,채소/과일 소매업,11,서울특별시,11140,중구,61
G20506,채소/과일 소매업,11,서울특별시,11170,용산구,36
G20506,채소/과일 소매업,11,서울특별시,11200,성동구,44
G20506,채소/과일 소매업,11,서울특별시,11215,광진구,95
G20506,채소/과일 소매업,11,서울특별시,11230,동대문구,300
G20506,채소/과일 소매업,11,서울특별시,11260,중랑구,117
G20506,채소/과일 소매업,11,서울특별시,11290,성북구,84
G20506,채소/과일 소매업,11,서울특별시,11305,강북구,108
G20506,채소/과일 소매업,11,서울특별시,11320,도봉구,88
G20506,채소/과일 소매업,11,서울특별시,11350,노원구,77
G20506,채소/과일 소매업,11,서울특별시,11380,은평구,119
G20506,채소/과일 소매업,11,서울특별시,11410,서대문구,88
G20506,채소/과일 소매업,11,서울특별시,11440,마포구,87
G20506,채소/과일 소매업,11,서울특별시,11470,양천구,103
G20506,채소/과일 소매업,11,서울특별시,11500,강서구,147
G20506,채소/과일 소매업,11,서울특별시,11530,구로구,114
G20506,채소/과일 소매업,11,서울특별시,11545,금천구,78
G20506,채소/과일 소매업,11,서울특별시,11560,영등포구,115
G20506,채소/과일 소매업,11,서울특별시,11590,동작구,83
G20506,채소/과일 소매업,11,서울특별시,11620,관악구,134
G20506,채소/과일 소매업,11,서울특별시,11650,서초구,60
G20506,채소/과일 소매업,11,서울특별시,11680,강남구,105
G20506,채소/과일 소매업,11,서울특별시,11710,송파구,153
G20506,채소/과일 소매업,11,서울특별시,11740,강동구,135
G20507,아이스크림 할인점,11,서울특별시,11110,종로구,1
G20507,아이스크림 할인점,11,서울특별시,11170,용산구,1
G20507,아이스크림 할인점,11,서울특별시,11215,광진구,1
G20507,아이스크림 할인점,11,서울특별시,11230,동대문구,4
G20507,아이스크림 할인점,11,서울특별시,11290,성북구,2
G20507,아이스크림 할인점,11,서울특별시,11305,강북구,2
G20507,아이스크림 할인점,11,서울특별시,11320,도봉구,1
G20507,아이스크림 할인점,11,서울특별시,11350,노원구,3
G20507,아이스크림 할인점,11,서울특별시,11380,은평구,1
G20507,아이스크림 할인점,11,서울특별시,11410,서대문구,3
G20507,아이스크림 할인점,11,서울특별시,11440,마포구,1
G20507,아이스크림 할인점,11,서울특별시,11470,양천구,3
G20507,아이스크림 할인점,11,서울특별시,11500,강서구,1
G20507,아이스크림 할인점,11,서울특별시,11545,금천구,1
G20507,아이스크림 할인점,11,서울특별시,11560,영등포구,1
G20507,아이스크림 할인점,11,서울특별시,11590,동작구,3
G20507,아이스크림 할인점,11,서울특별시,11620,관악구,1
G20507,아이스크림 할인점,11,서울특별시,11680,강남구,4
G20507,아이스크림 할인점,11,서울특별시,11710,송파구,1
G20508,건강보조식품 소매업,11,서울특별시,11110,종로구,72
G20508,건강보조식품 소매업,11,서울특별시,11140,중구,92
G20508,건강보조식품 소매업,11,서울특별시,11170,용산구,48
G20508,건강보조식품 소매업,11,서울특별시,11200,성동구,64
G20508,건강보조식품 소매업,11,서울특별시,11215,광진구,81
G20508,건강보조식품 소매업,11,서울특별시,11230,동대문구,177
G20508,건강보조식품 소매업,11,서울특별시,11260,중랑구,109
G20508,건강보조식품 소매업,11,서울특별시,11290,성북구,69
G20508,건강보조식품 소매업,11,서울특별시,11305,강북구,58
G20508,건강보조식품 소매업,11,서울특별시,11320,도봉구,55
G20508,건강보조식품 소매업,11,서울특별시,11350,노원구,69
G20508,건강보조식품 소매업,11,서울특별시,11380,은평구,103
G20508,건강보조식품 소매업,11,서울특별시,11410,서대문구,74
G20508,건강보조식품 소매업,11,서울특별시,11440,마포구,93
G20508,건강보조식품 소매업,11,서울특별시,11470,양천구,107
G20508,건강보조식품 소매업,11,서울특별시,11500,강서구,146
G20508,건강보조식품 소매업,11,서울특별시,11530,구로구,96
G20508,건강보조식품 소매업,11,서울특별시,11545,금천구,78
G20508,건강보조식품 소매업,11,서울특별시,11560,영등포구,141
G20508,건강보조식품 소매업,11,서울특별시,11590,동작구,72
G20508,건강보조식품 소매업,11,서울특별시,11620,관악구,98
G20508,건강보조식품 소매업,11,서울특별시,11650,서초구,184
G20508,건강보조식품 소매업,11,서울특별시,11680,강남구,318
G20508,건강보조식품 소매업,11,서울특별시,11710,송파구,191
G20508,건강보조식품 소매업,11,서울특별시,11740,강동구,124
G20509,반찬/식료품 소매업,11,서울특별시,11110,종로구,62
G20509,반찬/식료품 소매업,11,서울특별시,11140,중구,70
G20509,반찬/식료품 소매업,11,서울특별시,11170,용산구,52
G20509,반찬/식료품 소매업,11,서울특별시,11200,성동구,64
G20509,반찬/식료품 소매업,11,서울특별시,11215,광진구,88
G20509,반찬/식료품 소매업,11,서울특별시,11230,동대문구,135
G20509,반찬/식료품 소매업,11,서울특별시,11260,중랑구,72
G20509,반찬/식료품 소매업,11,서울특별시,11290,성북구,77
G20509,반찬/식료품 소매업,11,서울특별시,11305,강북구,88
G20509,반찬/식료품 소매업,11,서울특별시,11320,도봉구,86
G20509,반찬/식료품 소매업,11,서울특별시,11350,노원구,85
G20509,반찬/식료품 소매업,11,서울특별시,11380,은평구,84
G20509,반찬/식료품 소매업,11,서울특별시,11410,서대문구,66
G20509,반찬/식료품 소매업,11,서울특별시,11440,마포구,90
G20509,반찬/식료품 소매업,11,서울특별시,11470,양천구,92
G20509,반찬/식료품 소매업,11,서울특별시,11500,강서구,131
G20509,반찬/식료품 소매업,11,서울특별시,11530,구로구,98
G20509,반찬/식료품 소매업,11,서울특별시,11545,금천구,69
G20509,반찬/식료품 소매업,11,서울특별시,11560,영등포구,106
G20509,반찬/식료품 소매업,11,서울특별시,11590,동작구,64
G20509,반찬/식료품 소매업,11,서울특별시,11620,관악구,110
G20509,반찬/식료품 소매업,11,서울특별시,11650,서초구,81
G20509,반찬/식료품 소매업,11,서울특별시,11680,강남구,145
G20509,반찬/식료품 소매업,11,서울특별시,11710,송파구,129
G20509,반찬/식료품 소매업,11,서울특별시,11740,강동구,135
G20601,얼음 소매업,11,서울특별시,11140,중구,2
G20601,얼음 소매업,11,서울특별시,11170,용산구,1
G20601,얼음 소매업,11,서울특별시,11200,성동구,2
G20601,얼음 소매업,11,서울특별시,11215,광진구,1
G20601,얼음 소매업,11,서울특별시,11230,동대문구,4
G20601,얼음 소매업,11,서울특별시,11290,성북구,1
G20601,얼음 소매업,11,서울특별시,11320,도봉구,1
G20601,얼음 소매업,11,서울특별시,11350,노원구,2
G20601,얼음 소매업,11,서울특별시,11440,마포구,2
G20601,얼음 소매업,11,서울특별시,11500,강서구,1
G20601,얼음 소매업,11,서울특별시,11545,금천구,2
G20601,얼음 소매업,11,서울특별시,11560,영등포구,1
G20601,얼음 소매업,11,서울특별시,11650,서초구,1
G20601,얼음 소매업,11,서울특별시,11680,강남구,2
G20601,얼음 소매업,11,서울특별시,11710,송파구,1
G20602,주류 소매업,11,서울특별시,11110,종로구,18
G20602,주류 소매업,11,서울특별시,11140,중구,33
G20602,주류 소매업,11,서울특별시,11170,용산구,22
G20602,주류 소매업,11,서울특별시,11200,성동구,8
G20602,주류 소매업,11,서울특별시,11215,광진구,11
G20602,주류 소매업,11,서울특별시,11230,동대문구,10
G20602,주류 소매업,11,서울특별시,11260,중랑구,2
G20602,주류 소매업,11,서울특별시,11290,성북구,15
G20602,주류 소매업,11,서울특별시,11305,강북구,2
G20602,주류 소매업,11,서울특별시,11320,도봉구,1
G20602,주류 소매업,11,서울특별시,11350,노원구,4
G20602,주류 소매업,11,서울특별시,11380,은평구,6
G20602,주류 소매업,11,서울특별시,11410,서대문구,12
G20602,주류 소매업,11,서울특별시,11440,마포구,20
G20602,주류 소매업,11,서울특별시,11470,양천구,9
G20602,주류 소매업,11,서울특별시,11500,강서구,7
G20602,주류 소매업,11,서울특별시,11530,구로구,5
G20602,주류 소매업,11,서울특별시,11545,금천구,2
G20602,주류 소매업,11,서울특별시,11560,영등포구,24
G20602,주류 소매업,11,서울특별시,11590,동작구,4
G20602,주류 소매업,11,서울특별시,11620,관악구,4
G20602,주류 소매업,11,서울특별시,11650,서초구,58
G20602,주류 소매업,11,서울특별시,11680,강남구,101
G20602,주류 소매업,11,서울특별시,11710,송파구,37
G20602,주류 소매업,11,서울특별시,11740,강동구,10
G20603,생수/음료 소매업,11,서울특별시,11110,종로구,9
G20603,생수/음료 소매업,11,서울특별시,11140,중구,9
G20603,생수/음료 소매업,11,서울특별시,11170,용산구,11
G20603,생수/음료 소매업,11,서울특별시,11200,성동구,8
G20603,생수/음료 소매업,11,서울특별시,11215,광진구,4
G20603,생수/음료 소매업,11,서울특별시,11230,동대문구,8
G20603,생수/음료 소매업,11,서울특별시,11260,중랑구,10
G20603,생수/음료 소매업,11,서울특별시,11290,성북구,9
G20603,생수/음료 소매업,11,서울특별시,11305,강북구,7
G20603,생수/음료 소매업,11,서울특별시,11320,도봉구,7
G20603,생수/음료 소매업,11,서울특별시,11350,노원구,8
G20603,생수/음료 소매업,11,서울특별시,11380,은평구,6
G20603,생수/음료 소매업,11,서울특별시,11410,서대문구,5
G20603,생수/음료 소매업,11,서울특별시,11440,마포구,9
G20603,생수/음료 소매업,11,서울특별시,11470,양천구,5
G20603,생수/음료 소매업,11,서울특별시,11500,강서구,14
G20603,생수/음료 소매업,11,서울특별시,11530,구로구,10
G20603,생수/음료 소매업,11,서울특별시,11545,금천구,5
G20603,생수/음료 소매업,11,서울특별시,11560,영등포구,12
G20603,생수/음료 소매업,11,서울특별시,11590,동작구,1
G20603,생수/음료 소매업,11,서울특별시,11620,관악구,9
G20603,생수/음료 소매업,11,서울특별시,11650,서초구,17
G20603,생수/음료 소매업,11,서울특별시,11680,강남구,23
G20603,생수/음료 소매업,11,서울특별시,11710,송파구,16
G20603,생수/음료 소매업,11,서울특별시,11740,강동구,14
G20604,우유 소매업,11,서울특별시,11110,종로구,1
G20604,우유 소매업,11,서울특별시,11140,중구,3
G20604,우유 소매업,11,서울특별시,11170,용산구,3
G20604,우유 소매업,11,서울특별시,11215,광진구,5
G20604,우유 소매업,11,서울특별시,11230,동대문구,1
G20604,우유 소매업,11,서울특별시,11260,중랑구,3
G20604,우유 소매업,11,서울특별시,11290,성북구,2
G20604,우유 소매업,11,서울특별시,11305,강북구,2
G20604,우유 소매업,11,서울특별시,11350,노원구,2
G20604,우유 소매업,11,서울특별시,11380,은평구,3
G20604,우유 소매업,11,서울특별시,11410,서대문구,1
G20604,우유 소매업,11,서울특별시,11440,마포구,2
G20604,우유 소매업,11,서울특별시,11470,양천구,4
G20604,우유 소매업,11,서울특별시,11500,강서구,5
G20604,우유 소매업,11,서울특별시,11530,구로구,4
G20604,우유 소매업,11,서울특별시,11545,금천구,5
G20604,우유 소매업,11,서울특별시,11560,영등포구,5
G20604,우유 소매업,11,서울특별시,11590,동작구,3
G20604,우유 소매업,11,서울특별시,11620,관악구,1
G20604,우유 소매업,11,서울특별시,11650,서초구,4
G20604,우유 소매업,11,서울특별시,11680,강남구,3
G20604,우유 소매업,11,서울특별시,11710,송파구,10
G20604,우유 소매업,11,서울특별시,11740,강동구,1
G20701,담배/전자담배 소매업,11,서울특별시,11110,종로구,31
G20701,담배/전자담배 소매업,11,서울특별시,11140,중구,51
G20701,담배/전자담배 소매업,11,서울특별시,11170,용산구,28
G20701,담배/전자담배 소매업,11,서울특별시,11200,성동구,25
G20701,담배/전자담배 소매업,11,서울특별시,11215,광진구,30
G20701,담배/전자담배 소매업,11,서울특별시,11230,동대문구,30
G20701,담배/전자담배 소매업,11,서울특별시,11260,중랑구,26
G20701,담배/전자담배 소매업,11,서울특별시,11290,성북구,24
G20701,담배/전자담배 소매업,11,서울특별시,11305,강북구,26
G20701,담배/전자담배 소매업,11,서울특별시,11320,도봉구,15
G20701,담배/전자담배 소매업,11,서울특별시,11350,노원구,23
G20701,담배/전자담배 소매업,11,서울특별시,11380,은평구,29
G20701,담배/전자담배 소매업,11,서울특별시,11410,서대문구,22
G20701,담배/전자담배 소매업,11,서울특별시,11440,마포구,59
G20701,담배/전자담배 소매업,11,서울특별시,11470,양천구,17
G20701,담배/전자담배 소매업,11,서울특별시,11500,강서구,34
G20701,담배/전자담배 소매업,11,서울특별시,11530,구로구,28
G20701,담배/전자담배 소매업,11,서울특별시,11545,금천구,17
G20701,담배/전자담배 소매업,11,서울특별시,11560,영등포구,49
G20701,담배/전자담배 소매업,11,서울특별시,11590,동작구,25
G20701,담배/전자담배 소매업,11,서울특별시,11620,관악구,43
G20701,담배/전자담배 소매업,11,서울특별시,11650,서초구,34
G20701,담배/전자담배 소매업,11,서울특별시,11680,강남구,69
G20701,담배/전자담배 소매업,11,서울특별시,11710,송파구,37
G20701,담배/전자담배 소매업,11,서울특별시,11740,강동구,24
G20801,컴퓨터/소프트웨어 소매업,11,서울특별시,11110,종로구,17
G20801,컴퓨터/소프트웨어 소매업,11,서울특별시,11140,중구,23
G20801,컴퓨터/소프트웨어 소매업,11,서울특별시,11170,용산구,261
G20801,컴퓨터/소프트웨어 소매업,11,서울특별시,11200,성동구,45
G20801,컴퓨터/소프트웨어 소매업,11,서울특별시,11215,광진구,143
G20801,컴퓨터/소프트웨어 소매업,11,서울특별시,11230,동대문구,29
G20801,컴퓨터/소프트웨어 소매업,11,서울특별시,11260,중랑구,33
G20801,컴퓨터/소프트웨어 소매업,11,서울특별시,11290,성북구,27
G20801,컴퓨터/소프트웨어 소매업,11,서울특별시,11305,강북구,30
G20801,컴퓨터/소프트웨어 소매업,11,서울특별시,11320,도봉구,21
G20801,컴퓨터/소프트웨어 소매업,11,서울특별시,11350,노원구,21
G20801,컴퓨터/소프트웨어 소매업,11,서울특별시,11380,은평구,30
G20801,컴퓨터/소프트웨어 소매업,11,서울특별시,11410,서대문구,19
G20801,컴퓨터/소프트웨어 소매업,11,서울특별시,11440,마포구,41
G20801,컴퓨터/소프트웨어 소매업,11,서울특별시,11470,양천구,23
G20801,컴퓨터/소프트웨어 소매업,11,서울특별시,11500,강서구,62
G20801,컴퓨터/소프트웨어 소매업,11,서울특별시,11530,구로구,95
G20801,컴퓨터/소프트웨어 소매업,11,서울특별시,11545,금천구,72
G20801,컴퓨터/소프트웨어 소매업,11,서울특별시,11560,영등포구,74
G20801,컴퓨터/소프트웨어 소매업,11,서울특별시,11590,동작구,21
G20801,컴퓨터/소프트웨어 소매업,11,서울특별시,11620,관악구,37
G20801,컴퓨터/소프트웨어 소매업,11,서울특별시,11650,서초구,130
G20801,컴퓨터/소프트웨어 소매업,11,서울특별시,11680,강남구,81
G20801,컴퓨터/소프트웨어 소매업,11,서울특별시,11710,송파구,63
G20801,컴퓨터/소프트웨어 소매업,11,서울특별시,11740,강동구,25
G20802,핸드폰 소매업,11,서울특별시,11110,종로구,67
G20802,핸드폰 소매업,11,서울특별시,11140,중구,117
G20802,핸드폰 소매업,11,서울특별시,11170,용산구,122
G20802,핸드폰 소매업,11,서울특별시,11200,성동구,87
G20802,핸드폰 소매업,11,서울특별시,11215,광진구,356
G20802,핸드폰 소매업,11,서울특별시,11230,동대문구,129
G20802,핸드폰 소매업,11,서울특별시,11260,중랑구,164
G20802,핸드폰 소매업,11,서울특별시,11290,성북구,92
G20802,핸드폰 소매업,11,서울특별시,11305,강북구,131
G20802,핸드폰 소매업,11,서울특별시,11320,도봉구,127
G20802,핸드폰 소매업,11,서울특별시,11350,노원구,121
G20802,핸드폰 소매업,11,서울특별시,11380,은평구,121
G20802,핸드폰 소매업,11,서울특별시,11410,서대문구,71
G20802,핸드폰 소매업,11,서울특별시,11440,마포구,111
G20802,핸드폰 소매업,11,서울특별시,11470,양천구,104
G20802,핸드폰 소매업,11,서울특별시,11500,강서구,204
G20802,핸드폰 소매업,11,서울특별시,11530,구로구,403
G20802,핸드폰 소매업,11,서울특별시,11545,금천구,172
G20802,핸드폰 소매업,11,서울특별시,11560,영등포구,185
G20802,핸드폰 소매업,11,서울특별시,11590,동작구,91
G20802,핸드폰 소매업,11,서울특별시,11620,관악구,133
G20802,핸드폰 소매업,11,서울특별시,11650,서초구,136
G20802,핸드폰 소매업,11,서울특별시,11680,강남구,193
G20802,핸드폰 소매업,11,서울특별시,11710,송파구,207
G20802,핸드폰 소매업,11,서울특별시,11740,강동구,136
G20803,가전제품 소매업,11,서울특별시,11110,종로구,60
G20803,가전제품 소매업,11,서울특별시,11140,중구,67
G20803,가전제품 소매업,11,서울특별시,11170,용산구,109
G20803,가전제품 소매업,11,서울특별시,11200,성동구,29
G20803,가전제품 소매업,11,서울특별시,11215,광진구,92
G20803,가전제품 소매업,11,서울특별시,11230,동대문구,43
G20803,가전제품 소매업,11,서울특별시,11260,중랑구,53
G20803,가전제품 소매업,11,서울특별시,11290,성북구,32
G20803,가전제품 소매업,11,서울특별시,11305,강북구,29
G20803,가전제품 소매업,11,서울특별시,11320,도봉구,32
G20803,가전제품 소매업,11,서울특별시,11350,노원구,22
G20803,가전제품 소매업,11,서울특별시,11380,은평구,33
G20803,가전제품 소매업,11,서울특별시,11410,서대문구,23
G20803,가전제품 소매업,11,서울특별시,11440,마포구,48
G20803,가전제품 소매업,11,서울특별시,11470,양천구,25
G20803,가전제품 소매업,11,서울특별시,11500,강서구,56
G20803,가전제품 소매업,11,서울특별시,11530,구로구,59
G20803,가전제품 소매업,11,서울특별시,11545,금천구,46
G20803,가전제품 소매업,11,서울특별시,11560,영등포구,72
G20803,가전제품 소매업,11,서울특별시,11590,동작구,31
G20803,가전제품 소매업,11,서울특별시,11620,관악구,34
G20803,가전제품 소매업,11,서울특별시,11650,서초구,87
G20803,가전제품 소매업,11,서울특별시,11680,강남구,75
G20803,가전제품 소매업,11,서울특별시,11710,송파구,76
G20803,가전제품 소매업,11,서울특별시,11740,강동구,36
G20901,남성 의류 소매업,11,서울특별시,11110,종로구,59
G20901,남성 의류 소매업,11,서울특별시,11140,중구,240
G20901,남성 의류 소매업,11,서울특별시,11170,용산구,78
G20901,남성 의류 소매업,11,서울특별시,11200,성동구,41
G20901,남성 의류 소매업,11,서울특별시,11215,광진구,48
G20901,남성 의류 소매업,11,서울특별시,11230,동대문구,68
G20901,남성 의류 소매업,11,서울특별시,11260,중랑구,20
G20901,남성 의류 소매업,11,서울특별시,11290,성북구,54
G20901,남성 의류 소매업,11,서울특별시,11305,강북구,38
G20901,남성 의류 소매업,11,서울특별시,11320,도봉구,34
G20901,남성 의류 소매업,11,서울특별시,11350,노원구,72
G20901,남성 의류 소매업,11,서울특별시,11380,은평구,39
G20901,남성 의류 소매업,11,서울특별시,11410,서대문구,28
G20901,남성 의류 소매업,11,서울특별시,11440,마포구,77
G20901,남성 의류 소매업,11,서울특별시,11470,양천구,42
G20901,남성 의류 소매업,11,서울특별시,11500,강서구,65
G20901,남성 의류 소매업,11,서울특별시,11530,구로구,45
G20901,남성 의류 소매업,11,서울특별시,11545,금천구,94
G20901,남성 의류 소매업,11,서울특별시,11560,영등포구,114
G20901,남성 의류 소매업,11,서울특별시,11590,동작구,13
G20901,남성 의류 소매업,11,서울특별시,11620,관악구,49
G20901,남성 의류 소매업,11,서울특별시,11650,서초구,80
G20901,남성 의류 소매업,11,서울특별시,11680,강남구,205
G20901,남성 의류 소매업,11,서울특별시,11710,송파구,109
G20901,남성 의류 소매업,11,서울특별시,11740,강동구,50
G20902,여성 의류 소매업,11,서울특별시,11110,종로구,221
G20902,여성 의류 소매업,11,서울특별시,11140,중구,893
G20902,여성 의류 소매업,11,서울특별시,11170,용산구,204
G20902,여성 의류 소매업,11,서울특별시,11200,성동구,169
G20902,여성 의류 소매업,11,서울특별시,11215,광진구,205
G20902,여성 의류 소매업,11,서울특별시,11230,동대문구,211
G20902,여성 의류 소매업,11,서울특별시,11260,중랑구,172
G20902,여성 의류 소매업,11,서울특별시,11290,성북구,197
G20902,여성 의류 소매업,11,서울특별시,11305,강북구,142
G20902,여성 의류 소매업,11,서울특별시,11320,도봉구,174
G20902,여성 의류 소매업,11,서울특별시,11350,노원구,290
G20902,여성 의류 소매업,11,서울특별시,11380,은평구,199
G20902,여성 의류 소매업,11,서울특별시,11410,서대문구,154
G20902,여성 의류 소매업,11,서울특별시,11440,마포구,215
G20902,여성 의류 소매업,11,서울특별시,11470,양천구,234
G20902,여성 의류 소매업,11,서울특별시,11500,강서구,251
G20902,여성 의류 소매업,11,서울특별시,11530,구로구,222
G20902,여성 의류 소매업,11,서울특별시,11545,금천구,199
G20902,여성 의류 소매업,11,서울특별시,11560,영등포구,331
G20902,여성 의류 소매업,11,서울특별시,11590,동작구,105
G20902,여성 의류 소매업,11,서울특별시,11620,관악구,164
G20902,여성 의류 소매업,11,서울특별시,11650,서초구,614
G20902,여성 의류 소매업,11,서울특별시,11680,강남구,621
G20902,여성 의류 소매업,11,서울특별시,11710,송파구,414
G20902,여성 의류 소매업,11,서울특별시,11740,강동구,246
G20903,유아용 의류 소매업,11,서울특별시,11110,종로구,12
G20903,유아용 의류 소매업,11,서울특별시,11140,중구,101
G20903,유아용 의류 소매업,11,서울특별시,11170,용산구,28
G20903,유아용 의류 소매업,11,서울특별시,11200,성동구,15
G20903,유아용 의류 소매업,11,서울특별시,11215,광진구,20
G20903,유아용 의류 소매업,11,서울특별시,11230,동대문구,15
G20903,유아용 의류 소매업,11,서울특별시,11260,중랑구,16
G20903,유아용 의류 소매업,11,서울특별시,11290,성북구,16
G20903,유아용 의류 소매업,11,서울특별시,11305,강북구,9
G20903,유아용 의류 소매업,11,서울특별시,11320,도봉구,33
G20903,유아용 의류 소매업,11,서울특별시,11350,노원구,31
G20903,유아용 의류 소매업,11,서울특별시,11380,은평구,36
G20903,유아용 의류 소매업,11,서울특별시,11410,서대문구,13
G20903,유아용 의류 소매업,11,서울특별시,11440,마포구,21
G20903,유아용 의류 소매업,11,서울특별시,11470,양천구,28
G20903,유아용 의류 소매업,11,서울특별시,11500,강서구,34
G20903,유아용 의류 소매업,11,서울특별시,11530,구로구,34
G20903,유아용 의류 소매업,11,서울특별시,11545,금천구,26
G20903,유아용 의류 소매업,11,서울특별시,11560,영등포구,52
G20903,유아용 의류 소매업,11,서울특별시,11590,동작구,9
G20903,유아용 의류 소매업,11,서울특별시,11620,관악구,21
G20903,유아용 의류 소매업,11,서울특별시,11650,서초구,50
G20903,유아용 의류 소매업,11,서울특별시,11680,강남구,50
G20903,유아용 의류 소매업,11,서울특별시,11710,송파구,50
G20903,유아용 의류 소매업,11,서울특별시,11740,강동구,22
G20904,한복 소매업,11,서울특별시,11110,종로구,96
G20904,한복 소매업,11,서울특별시,11140,중구,17
G20904,한복 소매업,11,서울특별시,11170,용산구,2
G20904,한복 소매업,11,서울특별시,11200,성동구,4
G20904,한복 소매업,11,서울특별시,11230,동대문구,2
G20904,한복 소매업,11,서울특별시,11260,중랑구,4
G20904,한복 소매업,11,서울특별시,11290,성북구,4
G20904,한복 소매업,11,서울특별시,11305,강북구,5
G20904,한복 소매업,11,서울특별시,11320,도봉구,1
G20904,한복 소매업,11,서울특별시,11350,노원구,3
G20904,한복 소매업,11,서울특별시,11380,은평구,2
G20904,한복 소매업,11,서울특별시,11410,서대문구,1
G20904,한복 소매업,11,서울특별시,11440,마포구,3
G20904,한복 소매업,11,서울특별시,11470,양천구,7
G20904,한복 소매업,11,서울특별시,11500,강서구,6
G20904,한복 소매업,11,서울특별시,11530,구로구,6
G20904,한복 소매업,11,서울특별시,11560,영등포구,10
G20904,한복 소매업,11,서울특별시,11590,동작구,3
G20904,한복 소매업,11,서울특별시,11620,관악구,2
G20904,한복 소매업,11,서울특별시,11650,서초구,7
G20904,한복 소매업,11,서울특별시,11680,강남구,35
G20904,한복 소매업,11,서울특별시,11710,송파구,10
G20904,한복 소매업,11,서울특별시,11740,강동구,7
G20905,기타 의류 소매업,11,서울특별시,11110,종로구,363
G20905,기타 의류 소매업,11,서울특별시,11140,중구,1312
G20905,기타 의류 소매업,11,서울특별시,11170,용산구,459
G20905,기타 의류 소매업,11,서울특별시,11200,성동구,308
G20905,기타 의류 소매업,11,서울특별시,11215,광진구,295
G20905,기타 의류 소매업,11,서울특별시,11230,동대문구,299
G20905,기타 의류 소매업,11,서울특별시,11260,중랑구,264
G20905,기타 의류 소매업,11,서울특별시,11290,성북구,299
G20905,기타 의류 소매업,11,서울특별시,11305,강북구,261
G20905,기타 의류 소매업,11,서울특별시,11320,도봉구,334
G20905,기타 의류 소매업,11,서울특별시,11350,노원구,306
G20905,기타 의류 소매업,11,서울특별시,11380,은평구,279
G20905,기타 의류 소매업,11,서울특별시,11410,서대문구,222
G20905,기타 의류 소매업,11,서울특별시,11440,마포구,428
G20905,기타 의류 소매업,11,서울특별시,11470,양천구,283
G20905,기타 의류 소매업,11,서울특별시,11500,강서구,377
G20905,기타 의류 소매업,11,서울특별시,11530,구로구,259
G20905,기타 의류 소매업,11,서울특별시,11545,금천구,354
G20905,기타 의류 소매업,11,서울특별시,11560,영등포구,504
G20905,기타 의류 소매업,11,서울특별시,11590,동작구,144
G20905,기타 의류 소매업,11,서울특별시,11620,관악구,327
G20905,기타 의류 소매업,11,서울특별시,11650,서초구,450
G20905,기타 의류 소매업,11,서울특별시,11680,강남구,967
G20905,기타 의류 소매업,11,서울특별시,11710,송파구,732
G20905,기타 의류 소매업,11,서울특별시,11740,강동구,382
G20906,침구류/커튼 소매업,11,서울특별시,11110,종로구,84
G20906,침구류/커튼 소매업,11,서울특별시,11140,중구,63
G20906,침구류/커튼 소매업,11,서울특별시,11170,용산구,29
G20906,침구류/커튼 소매업,11,서울특별시,11200,성동구,24
G20906,침구류/커튼 소매업,11,서울특별시,11215,광진구,36
G20906,침구류/커튼 소매업,11,서울특별시,11230,동대문구,41
G20906,침구류/커튼 소매업,11,서울특별시,11260,중랑구,30
G20906,침구류/커튼 소매업,11,서울특별시,11290,성북구,47
G20906,침구류/커튼 소매업,11,서울특별시,11305,강북구,36
G20906,침구류/커튼 소매업,11,서울특별시,11320,도봉구,27
G20906,침구류/커튼 소매업,11,서울특별시,11350,노원구,42
G20906,침구류/커튼 소매업,11,서울특별시,11380,은평구,45
G20906,침구류/커튼 소매업,11,서울특별시,11410,서대문구,19
G20906,침구류/커튼 소매업,11,서울특별시,11440,마포구,30
G20906,침구류/커튼 소매업,11,서울특별시,11470,양천구,45
G20906,침구류/커튼 소매업,11,서울특별시,11500,강서구,55
G20906,침구류/커튼 소매업,11,서울특별시,11530,구로구,35
G20906,침구류/커튼 소매업,11,서울특별시,11545,금천구,30
G20906,침구류/커튼 소매업,11,서울특별시,11560,영등포구,51
G20906,침구류/커튼 소매업,11,서울특별시,11590,동작구,29
G20906,침구류/커튼 소매업,11,서울특별시,11620,관악구,33
G20906,침구류/커튼 소매업,11,서울특별시,11650,서초구,142
G20906,침구류/커튼 소매업,11,서울특별시,11680,강남구,71
G20906,침구류/커튼 소매업,11,서울특별시,11710,송파구,66
G20906,침구류/커튼 소매업,11,서울특별시,11740,강동구,49
G20907,액세서리/잡화 소매업,11,서울특별시,11110,종로구,167
G20907,액세서리/잡화 소매업,11,서울특별시,11140,중구,263
G20907,액세서리/잡화 소매업,11,서울특별시,11170,용산구,96
G20907,액세서리/잡화 소매업,11,서울특별시,11200,성동구,58
G20907,액세서리/잡화 소매업,11,서울특별시,11215,광진구,47
G20907,액세서리/잡화 소매업,11,서울특별시,11230,동대문구,37
G20907,액세서리/잡화 소매업,11,서울특별시,11260,중랑구,26
G20907,액세서리/잡화 소매업,11,서울특별시,11290,성북구,39
G20907,액세서리/잡화 소매업,11,서울특별시,11305,강북구,40
G20907,액세서리/잡화 소매업,11,서울특별시,11320,도봉구,30
G20907,액세서리/잡화 소매업,11,서울특별시,11350,노원구,45
G20907,액세서리/잡화 소매업,11,서울특별시,11380,은평구,38
G20907,액세서리/잡화 소매업,11,서울특별시,11410,서대문구,35
G20907,액세서리/잡화 소매업,11,서울특별시,11440,마포구,115
G20907,액세서리/잡화 소매업,11,서울특별시,11470,양천구,31
G20907,액세서리/잡화 소매업,11,서울특별시,11500,강서구,45
G20907,액세서리/잡화 소매업,11,서울특별시,11530,구로구,48
G20907,액세서리/잡화 소매업,11,서울특별시,11545,금천구,31
G20907,액세서리/잡화 소매업,11,서울특별시,11560,영등포구,58
G20907,액세서리/잡화 소매업,11,서울특별시,11590,동작구,28
G20907,액세서리/잡화 소매업,11,서울특별시,11620,관악구,35
G20907,액세서리/잡화 소매업,11,서울특별시,11650,서초구,72
G20907,액세서리/잡화 소매업,11,서울특별시,11680,강남구,130
G20907,액세서리/잡화 소매업,11,서울특별시,11710,송파구,60
G20907,액세서리/잡화 소매업,11,서울특별시,11740,강동구,53
G20908,가발 소매업,11,서울특별시,11110,종로구,20
G20908,가발 소매업,11,서울특별시,11140,중구,15
G20908,가발 소매업,11,서울특별시,11170,용산구,8
G20908,가발 소매업,11,서울특별시,11200,성동구,14
G20908,가발 소매업,11,서울특별시,11215,광진구,9
G20908,가발 소매업,11,서울특별시,11230,동대문구,8
G20908,가발 소매업,11,서울특별시,11260,중랑구,1
G20908,가발 소매업,11,서울특별시,11290,성북구,7
G20908,가발 소매업,11,서울특별시,11305,강북구,6
G20908,가발 소매업,11,서울특별시,11320,도봉구,3
G20908,가발 소매업,11,서울특별시,11350,노원구,9
G20908,가발 소매업,11,서울특별시,11380,은평구,2
G20908,가발 소매업,11,서울특별시,11410,서대문구,3
G20908,가발 소매업,11,서울특별시,11440,마포구,20
G20908,가발 소매업,11,서울특별시,11470,양천구,3
G20908,가발 소매업,11,서울특별시,11500,강서구,4
G20908,가발 소매업,11,서울특별시,11545,금천구,4
G20908,가발 소매업,11,서울특별시,11560,영등포구,13
G20908,가발 소매업,11,서울특별시,11590,동작구,6
G20908,가발 소매업,11,서울특별시,11620,관악구,7
G20908,가발 소매업,11,서울특별시,11650,서초구,17
G20908,가발 소매업,11,서울특별시,11680,강남구,25
G20908,가발 소매업,11,서울특별시,11710,송파구,19
G20908,가발 소매업,11,서울특별시,11740,강동구,10
G20909,실/섬유제품 소매업,11,서울특별시,11110,종로구,231
G20909,실/섬유제품 소매업,11,서울특별시,11140,중구,47
G20909,실/섬유제품 소매업,11,서울특별시,11170,용산구,11
G20909,실/섬유제품 소매업,11,서울특별시,11200,성동구,21
G20909,실/섬유제품 소매업,11,서울특별시,11215,광진구,15
G20909,실/섬유제품 소매업,11,서울특별시,11230,동대문구,17
G20909,실/섬유제품 소매업,11,서울특별시,11260,중랑구,18
G20909,실/섬유제품 소매업,11,서울특별시,11290,성북구,26
G20909,실/섬유제품 소매업,11,서울특별시,11305,강북구,10
G20909,실/섬유제품 소매업,11,서울특별시,11320,도봉구,7
G20909,실/섬유제품 소매업,11,서울특별시,11350,노원구,13
G20909,실/섬유제품 소매업,11,서울특별시,11380,은평구,18
G20909,실/섬유제품 소매업,11,서울특별시,11410,서대문구,6
G20909,실/섬유제품 소매업,11,서울특별시,11440,마포구,16
G20909,실/섬유제품 소매업,11,서울특별시,11470,양천구,8
G20909,실/섬유제품 소매업,11,서울특별시,11500,강서구,16
G20909,실/섬유제품 소매업,11,서울특별시,11530,구로구,23
G20909,실/섬유제품 소매업,11,서울특별시,11545,금천구,18
G20909,실/섬유제품 소매업,11,서울특별시,11560,영등포구,12
G20909,실/섬유제품 소매업,11,서울특별시,11590,동작구,10
G20909,실/섬유제품 소매업,11,서울특별시,11620,관악구,7
G20909,실/섬유제품 소매업,11,서울특별시,11650,서초구,29
G20909,실/섬유제품 소매업,11,서울특별시,11680,강남구,40
G20909,실/섬유제품 소매업,11,서울특별시,11710,송파구,20
G20909,실/섬유제품 소매업,11,서울특별시,11740,강동구,14
G20910,신발 소매업,11,서울특별시,11110,종로구,90
G20910,신발 소매업,11,서울특별시,11140,중구,242
G20910,신발 소매업,11,서울특별시,11170,용산구,70
G20910,신발 소매업,11,서울특별시,11200,성동구,68
G20910,신발 소매업,11,서울특별시,11215,광진구,60
G20910,신발 소매업,11,서울특별시,11230,동대문구,50
G20910,신발 소매업,11,서울특별시,11260,중랑구,34
G20910,신발 소매업,11,서울특별시,11290,성북구,47
G20910,신발 소매업,11,서울특별시,11305,강북구,45
G20910,신발 소매업,11,서울특별시,11320,도봉구,15
G20910,신발 소매업,11,서울특별시,11350,노원구,56
G20910,신발 소매업,11,서울특별시,11380,은평구,55
G20910,신발 소매업,11,서울특별시,11410,서대문구,39
G20910,신발 소매업,11,서울특별시,11440,마포구,42
G20910,신발 소매업,11,서울특별시,11470,양천구,39
G20910,신발 소매업,11,서울특별시,11500,강서구,55
G20910,신발 소매업,11,서울특별시,11530,구로구,48
G20910,신발 소매업,11,서울특별시,11545,금천구,64
G20910,신발 소매업,11,서울특별시,11560,영등포구,104
G20910,신발 소매업,11,서울특별시,11590,동작구,20
G20910,신발 소매업,11,서울특별시,11620,관악구,58
G20910,신발 소매업,11,서울특별시,11650,서초구,94
G20910,신발 소매업,11,서울특별시,11680,강남구,112
G20910,신발 소매업,11,서울특별시,11710,송파구,121
G20910,신발 소매업,11,서울특별시,11740,강동구,62
G20911,가방 소매업,11,서울특별시,11110,종로구,63
G20911,가방 소매업,11,서울특별시,11140,중구,214
G20911,가방 소매업,11,서울특별시,11170,용산구,80
G20911,가방 소매업,11,서울특별시,11200,성동구,43
G20911,가방 소매업,11,서울특별시,11215,광진구,34
G20911,가방 소매업,11,서울특별시,11230,동대문구,29
G20911,가방 소매업,11,서울특별시,11260,중랑구,23
G20911,가방 소매업,11,서울특별시,11290,성북구,24
G20911,가방 소매업,11,서울특별시,11305,강북구,12
G20911,가방 소매업,11,서울특별시,11320,도봉구,9
G20911,가방 소매업,11,서울특별시,11350,노원구,26
G20911,가방 소매업,11,서울특별시,11380,은평구,27
G20911,가방 소매업,11,서울특별시,11410,서대문구,34
G20911,가방 소매업,11,서울특별시,11440,마포구,55
G20911,가방 소매업,11,서울특별시,11470,양천구,21
G20911,가방 소매업,11,서울특별시,11500,강서구,30
G20911,가방 소매업,11,서울특별시,11530,구로구,32
G20911,가방 소매업,11,서울특별시,11545,금천구,20
G20911,가방 소매업,11,서울특별시,11560,영등포구,68
G20911,가방 소매업,11,서울특별시,11590,동작구,15
G20911,가방 소매업,11,서울특별시,11620,관악구,28
G20911,가방 소매업,11,서울특별시,11650,서초구,69
G20911,가방 소매업,11,서울특별시,11680,강남구,106
G20911,가방 소매업,11,서울특별시,11710,송파구,48
G20911,가방 소매업,11,서울특별시,11740,강동구,31
G21001,철물/공구 소매업,11,서울특별시,11110,종로구,51
G21001,철물/공구 소매업,11,서울특별시,11140,중구,70
G21001,철물/공구 소매업,11,서울특별시,11170,용산구,48
G21001,철물/공구 소매업,11,서울특별시,11200,성동구,54
G21001,철물/공구 소매업,11,서울특별시,11215,광진구,74
G21001,철물/공구 소매업,11,서울특별시,11230,동대문구,80
G21001,철물/공구 소매업,11,서울특별시,11260,중랑구,99
G21001,철물/공구 소매업,11,서울특별시,11290,성북구,89
G21001,철물/공구 소매업,11,서울특별시,11305,강북구,60
G21001,철물/공구 소매업,11,서울특별시,11320,도봉구,48
G21001,철물/공구 소매업,11,서울특별시,11350,노원구,62
G21001,철물/공구 소매업,11,서울특별시,11380,은평구,87
G21001,철물/공구 소매업,11,서울특별시,11410,서대문구,67
G21001,철물/공구 소매업,11,서울특별시,11440,마포구,68
G21001,철물/공구 소매업,11,서울특별시,11470,양천구,70
G21001,철물/공구 소매업,11,서울특별시,11500,강서구,84
G21001,철물/공구 소매업,11,서울특별시,11530,구로구,88
G21001,철물/공구 소매업,11,서울특별시,11545,금천구,53
G21001,철물/공구 소매업,11,서울특별시,11560,영등포구,104
G21001,철물/공구 소매업,11,서울특별시,11590,동작구,54
G21001,철물/공구 소매업,11,서울특별시,11620,관악구,96
G21001,철물/공구 소매업,11,서울특별시,11650,서초구,71
G21001,철물/공구 소매업,11,서울특별시,11680,강남구,87
G21001,철물/공구 소매업,11,서울특별시,11710,송파구,117
G21001,철물/공구 소매업,11,서울특별시,11740,강동구,112
G21002,벽지/장판/마루 소매업,11,서울특별시,11110,종로구,17
G21002,벽지/장판/마루 소매업,11,서울특별시,11140,중구,37
G21002,벽지/장판/마루 소매업,11,서울특별시,11170,용산구,19
G21002,벽지/장판/마루 소매업,11,서울특별시,11200,성동구,23
G21002,벽지/장판/마루 소매업,11,서울특별시,11215,광진구,35
G21002,벽지/장판/마루 소매업,11,서울특별시,11230,동대문구,35
G21002,벽지/장판/마루 소매업,11,서울특별시,11260,중랑구,49
G21002,벽지/장판/마루 소매업,11,서울특별시,11290,성북구,41
G21002,벽지/장판/마루 소매업,11,서울특별시,11305,강북구,27
G21002,벽지/장판/마루 소매업,11,서울특별시,11320,도봉구,25
G21002,벽지/장판/마루 소매업,11,서울특별시,11350,노원구,27
G21002,벽지/장판/마루 소매업,11,서울특별시,11380,은평구,44
G21002,벽지/장판/마루 소매업,11,서울특별시,11410,서대문구,28
G21002,벽지/장판/마루 소매업,11,서울특별시,11440,마포구,36
G21002,벽지/장판/마루 소매업,11,서울특별시,11470,양천구,29
G21002,벽지/장판/마루 소매업,11,서울특별시,11500,강서구,48
G21002,벽지/장판/마루 소매업,11,서울특별시,11530,구로구,44
G21002,벽지/장판/마루 소매업,11,서울특별시,11545,금천구,41
G21002,벽지/장판/마루 소매업,11,서울특별시,11560,영등포구,39
G21002,벽지/장판/마루 소매업,11,서울특별시,11590,동작구,22
G21002,벽지/장판/마루 소매업,11,서울특별시,11620,관악구,66
G21002,벽지/장판/마루 소매업,11,서울특별시,11650,서초구,21
G21002,벽지/장판/마루 소매업,11,서울특별시,11680,강남구,23
G21002,벽지/장판/마루 소매업,11,서울특별시,11710,송파구,51
G21002,벽지/장판/마루 소매업,11,서울특별시,11740,강동구,49
G21003,건설/건축자재 소매업,11,서울특별시,11110,종로구,3
G21003,건설/건축자재 소매업,11,서울특별시,11140,중구,4
G21003,건설/건축자재 소매업,11,서울특별시,11170,용산구,4
G21003,건설/건축자재 소매업,11,서울특별시,11200,성동구,5
G21003,건설/건축자재 소매업,11,서울특별시,11215,광진구,5
G21003,건설/건축자재 소매업,11,서울특별시,11230,동대문구,6
G21003,건설/건축자재 소매업,11,서울특별시,11260,중랑구,4
G21003,건설/건축자재 소매업,11,서울특별시,11290,성북구,4
G21003,건설/건축자재 소매업,11,서울특별시,11305,강북구,2
G21003,건설/건축자재 소매업,11,서울특별시,11320,도봉구,3
G21003,건설/건축자재 소매업,11,서울특별시,11350,노원구,3
G21003,건설/건축자재 소매업,11,서울특별시,11380,은평구,5
G21003,건설/건축자재 소매업,11,서울특별시,11410,서대문구,6
G21003,건설/건축자재 소매업,11,서울특별시,11440,마포구,7
G21003,건설/건축자재 소매업,11,서울특별시,11470,양천구,4
G21003,건설/건축자재 소매업,11,서울특별시,11500,강서구,8
G21003,건설/건축자재 소매업,11,서울특별시,11530,구로구,3
G21003,건설/건축자재 소매업,11,서울특별시,11545,금천구,7
G21003,건설/건축자재 소매업,11,서울특별시,11560,영등포구,9
G21003,건설/건축자재 소매업,11,서울특별시,11590,동작구,6
G21003,건설/건축자재 소매업,11,서울특별시,11620,관악구,7
G21003,건설/건축자재 소매업,11,서울특별시,11650,서초구,5
G21003,건설/건축자재 소매업,11,서울특별시,11680,강남구,18
G21003,건설/건축자재 소매업,11,서울특별시,11710,송파구,15
G21003,건설/건축자재 소매업,11,서울특별시,11740,강동구,6
G21099,기타 건설/건축자재 소매업,11,서울특별시,11110,종로구,9
G21099,기타 건설/건축자재 소매업,11,서울특별시,11140,중구,6
G21099,기타 건설/건축자재 소매업,11,서울특별시,11170,용산구,5
G21099,기타 건설/건축자재 소매업,11,서울특별시,11200,성동구,4
G21099,기타 건설/건축자재 소매업,11,서울특별시,11215,광진구,8
G21099,기타 건설/건축자재 소매업,11,서울특별시,11230,동대문구,8
G21099,기타 건설/건축자재 소매업,11,서울특별시,11260,중랑구,12
G21099,기타 건설/건축자재 소매업,11,서울특별시,11290,성북구,12
G21099,기타 건설/건축자재 소매업,11,서울특별시,11305,강북구,9
G21099,기타 건설/건축자재 소매업,11,서울특별시,11320,도봉구,3
G21099,기타 건설/건축자재 소매업,11,서울특별시,11350,노원구,4
G21099,기타 건설/건축자재 소매업,11,서울특별시,11380,은평구,16
G21099,기타 건설/건축자재 소매업,11,서울특별시,11410,서대문구,3
G21099,기타 건설/건축자재 소매업,11,서울특별시,11440,마포구,8
G21099,기타 건설/건축자재 소매업,11,서울특별시,11470,양천구,9
G21099,기타 건설/건축자재 소매업,11,서울특별시,11500,강서구,12
G21099,기타 건설/건축자재 소매업,11,서울특별시,11530,구로구,10
G21099,기타 건설/건축자재 소매업,11,서울특별시,11545,금천구,10
G21099,기타 건설/건축자재 소매업,11,서울특별시,11560,영등포구,9
G21099,기타 건설/건축자재 소매업,11,서울특별시,11590,동작구,1
G21099,기타 건설/건축자재 소매업,11,서울특별시,11620,관악구,6
G21099,기타 건설/건축자재 소매업,11,서울특별시,11650,서초구,16
G21099,기타 건설/건축자재 소매업,11,서울특별시,11680,강남구,18
G21099,기타 건설/건축자재 소매업,11,서울특별시,11710,송파구,17
G21099,기타 건설/건축자재 소매업,11,서울특별시,11740,강동구,10
G21101,가구 소매업,11,서울특별시,11110,종로구,27
G21101,가구 소매업,11,서울특별시,11140,중구,109
G21101,가구 소매업,11,서울특별시,11170,용산구,47
G21101,가구 소매업,11,서울특별시,11200,성동구,41
G21101,가구 소매업,11,서울특별시,11215,광진구,45
G21101,가구 소매업,11,서울특별시,11230,동대문구,36
G21101,가구 소매업,11,서울특별시,11260,중랑구,36
G21101,가구 소매업,11,서울특별시,11290,성북구,35
G21101,가구 소매업,11,서울특별시,11305,강북구,25
G21101,가구 소매업,11,서울특별시,11320,도봉구,20
G21101,가구 소매업,11,서울특별시,11350,노원구,45
G21101,가구 소매업,11,서울특별시,11380,은평구,42
G21101,가구 소매업,11,서울특별시,11410,서대문구,63
G21101,가구 소매업,11,서울특별시,11440,마포구,50
G21101,가구 소매업,11,서울특별시,11470,양천구,36
G21101,가구 소매업,11,서울특별시,11500,강서구,59
G21101,가구 소매업,11,서울특별시,11530,구로구,37
G21101,가구 소매업,11,서울특별시,11545,금천구,27
G21101,가구 소매업,11,서울특별시,11560,영등포구,33
G21101,가구 소매업,11,서울특별시,11590,동작구,29
G21101,가구 소매업,11,서울특별시,11620,관악구,40
G21101,가구 소매업,11,서울특별시,11650,서초구,116
G21101,가구 소매업,11,서울특별시,11680,강남구,160
G21101,가구 소매업,11,서울특별시,11710,송파구,105
G21101,가구 소매업,11,서울특별시,11740,강동구,43
G21201,전기용품/조명장치 소매업,11,서울특별시,11110,종로구,49
G21201,전기용품/조명장치 소매업,11,서울특별시,11140,중구,46
G21201,전기용품/조명장치 소매업,11,서울특별시,11170,용산구,31
G21201,전기용품/조명장치 소매업,11,서울특별시,11200,성동구,42
G21201,전기용품/조명장치 소매업,11,서울특별시,11215,광진구,37
G21201,전기용품/조명장치 소매업,11,서울특별시,11230,동대문구,40
G21201,전기용품/조명장치 소매업,11,서울특별시,11260,중랑구,33
G21201,전기용품/조명장치 소매업,11,서울특별시,11290,성북구,33
G21201,전기용품/조명장치 소매업,11,서울특별시,11305,강북구,29
G21201,전기용품/조명장치 소매업,11,서울특별시,11320,도봉구,32
G21201,전기용품/조명장치 소매업,11,서울특별시,11350,노원구,27
G21201,전기용품/조명장치 소매업,11,서울특별시,11380,은평구,33
G21201,전기용품/조명장치 소매업,11,서울특별시,11410,서대문구,20
G21201,전기용품/조명장치 소매업,11,서울특별시,11440,마포구,33
G21201,전기용품/조명장치 소매업,11,서울특별시,11470,양천구,22
G21201,전기용품/조명장치 소매업,11,서울특별시,11500,강서구,44
G21201,전기용품/조명장치 소매업,11,서울특별시,11530,구로구,56
G21201,전기용품/조명장치 소매업,11,서울특별시,11545,금천구,31
G21201,전기용품/조명장치 소매업,11,서울특별시,11560,영등포구,27
G21201,전기용품/조명장치 소매업,11,서울특별시,11590,동작구,25
G21201,전기용품/조명장치 소매업,11,서울특별시,11620,관악구,37
G21201,전기용품/조명장치 소매업,11,서울특별시,11650,서초구,39
G21201,전기용품/조명장치 소매업,11,서울특별시,11680,강남구,46
G21201,전기용품/조명장치 소매업,11,서울특별시,11710,송파구,53
G21201,전기용품/조명장치 소매업,11,서울특별시,11740,강동구,37
G21202,주방/가정용품 소매업,11,서울특별시,11110,종로구,89
G21202,주방/가정용품 소매업,11,서울특별시,11140,중구,205
G21202,주방/가정용품 소매업,11,서울특별시,11170,용산구,62
G21202,주방/가정용품 소매업,11,서울특별시,11200,성동구,57
G21202,주방/가정용품 소매업,11,서울특별시,11215,광진구,69
G21202,주방/가정용품 소매업,11,서울특별시,11230,동대문구,85
G21202,주방/가정용품 소매업,11,서울특별시,11260,중랑구,53
G21202,주방/가정용품 소매업,11,서울특별시,11290,성북구,48
G21202,주방/가정용품 소매업,11,서울특별시,11305,강북구,46
G21202,주방/가정용품 소매업,11,서울특별시,11320,도봉구,44
G21202,주방/가정용품 소매업,11,서울특별시,11350,노원구,45
G21202,주방/가정용품 소매업,11,서울특별시,11380,은평구,43
G21202,주방/가정용품 소매업,11,서울특별시,11410,서대문구,42
G21202,주방/가정용품 소매업,11,서울특별시,11440,마포구,82
G21202,주방/가정용품 소매업,11,서울특별시,11470,양천구,41
G21202,주방/가정용품 소매업,11,서울특별시,11500,강서구,76
G21202,주방/가정용품 소매업,11,서울특별시,11530,구로구,65
G21202,주방/가정용품 소매업,11,서울특별시,11545,금천구,59
G21202,주방/가정용품 소매업,11,서울특별시,11560,영등포구,81
G21202,주방/가정용품 소매업,11,서울특별시,11590,동작구,45
G21202,주방/가정용품 소매업,11,서울특별시,11620,관악구,51
G21202,주방/가정용품 소매업,11,서울특별시,11650,서초구,102
G21202,주방/가정용품 소매업,11,서울특별시,11680,강남구,166
G21202,주방/가정용품 소매업,11,서울특별시,11710,송파구,106
G21202,주방/가정용품 소매업,11,서울특별시,11740,강동구,57
G21203,악기 소매업,11,서울특별시,11110,종로구,118
G21203,악기 소매업,11,서울특별시,11140,중구,4
G21203,악기 소매업,11,서울특별시,11170,용산구,7
G21203,악기 소매업,11,서울특별시,11200,성동구,1
G21203,악기 소매업,11,서울특별시,11215,광진구,11
G21203,악기 소매업,11,서울특별시,11230,동대문구,4
G21203,악기 소매업,11,서울특별시,11260,중랑구,8
G21203,악기 소매업,11,서울특별시,11290,성북구,3
G21203,악기 소매업,11,서울특별시,11320,도봉구,1
G21203,악기 소매업,11,서울특별시,11350,노원구,10
G21203,악기 소매업,11,서울특별시,11380,은평구,12
G21203,악기 소매업,11,서울특별시,11410,서대문구,3
G21203,악기 소매업,11,서울특별시,11440,마포구,24
G21203,악기 소매업,11,서울특별시,11470,양천구,13
G21203,악기 소매업,11,서울특별시,11500,강서구,4
G21203,악기 소매업,11,서울특별시,11530,구로구,6
G21203,악기 소매업,11,서울특별시,11545,금천구,6
G21203,악기 소매업,11,서울특별시,11560,영등포구,6
G21203,악기 소매업,11,서울특별시,11590,동작구,5
G21203,악기 소매업,11,서울특별시,11620,관악구,9
G21203,악기 소매업,11,서울특별시,11650,서초구,103
G21203,악기 소매업,11,서울특별시,11680,강남구,13
G21203,악기 소매업,11,서울특별시,11710,송파구,11
G21203,악기 소매업,11,서울특별시,11740,강동구,2
G21301,서점,11,서울특별시,11110,종로구,101
G21301,서점,11,서울특별시,11140,중구,87
G21301,서점,11,서울특별시,11170,용산구,61
G21301,서점,11,서울특별시,11200,성동구,25
G21301,서점,11,서울특별시,11215,광진구,54
G21301,서점,11,서울특별시,11230,동대문구,52
G21301,서점,11,서울특별시,11260,중랑구,33
G21301,서점,11,서울특별시,11290,성북구,58
G21301,서점,11,서울특별시,11305,강북구,37
G21301,서점,11,서울특별시,11320,도봉구,31
G21301,서점,11,서울특별시,11350,노원구,58
G21301,서점,11,서울특별시,11380,은평구,34
G21301,서점,11,서울특별시,11410,서대문구,51
G21301,서점,11,서울특별시,11440,마포구,123
G21301,서점,11,서울특별시,11470,양천구,62
G21301,서점,11,서울특별시,11500,강서구,63
G21301,서점,11,서울특별시,11530,구로구,37
G21301,서점,11,서울특별시,11545,금천구,40
G21301,서점,11,서울특별시,11560,영등포구,58
G21301,서점,11,서울특별시,11590,동작구,43
G21301,서점,11,서울특별시,11620,관악구,58
G21301,서점,11,서울특별시,11650,서초구,99
G21301,서점,11,서울특별시,11680,강남구,109
G21301,서점,11,서울특별시,11710,송파구,97
G21301,서점,11,서울특별시,11740,강동구,53
G21302,문구/회화용품 소매업,11,서울특별시,11110,종로구,113
G21302,문구/회화용품 소매업,11,서울특별시,11140,중구,94
G21302,문구/회화용품 소매업,11,서울특별시,11170,용산구,47
G21302,문구/회화용품 소매업,11,서울특별시,11200,성동구,49
G21302,문구/회화용품 소매업,11,서울특별시,11215,광진구,50
G21302,문구/회화용품 소매업,11,서울특별시,11230,동대문구,59
G21302,문구/회화용품 소매업,11,서울특별시,11260,중랑구,41
G21302,문구/회화용품 소매업,11,서울특별시,11290,성북구,65
G21302,문구/회화용품 소매업,11,서울특별시,11305,강북구,34
G21302,문구/회화용품 소매업,11,서울특별시,11320,도봉구,29
G21302,문구/회화용품 소매업,11,서울특별시,11350,노원구,51
G21302,문구/회화용품 소매업,11,서울특별시,11380,은평구,39
G21302,문구/회화용품 소매업,11,서울특별시,11410,서대문구,56
G21302,문구/회화용품 소매업,11,서울특별시,11440,마포구,105
G21302,문구/회화용품 소매업,11,서울특별시,11470,양천구,56
G21302,문구/회화용품 소매업,11,서울특별시,11500,강서구,80
G21302,문구/회화용품 소매업,11,서울특별시,11530,구로구,51
G21302,문구/회화용품 소매업,11,서울특별시,11545,금천구,51
G21302,문구/회화용품 소매업,11,서울특별시,11560,영등포구,68
G21302,문구/회화용품 소매업,11,서울특별시,11590,동작구,48
G21302,문구/회화용품 소매업,11,서울특별시,11620,관악구,55
G21302,문구/회화용품 소매업,11,서울특별시,11650,서초구,101
G21302,문구/회화용품 소매업,11,서울특별시,11680,강남구,144
G21302,문구/회화용품 소매업,11,서울특별시,11710,송파구,122
G21302,문구/회화용품 소매업,11,서울특별시,11740,강동구,49
G21303,음반/비디오물 소매업,11,서울특별시,11110,종로구,13
G21303,음반/비디오물 소매업,11,서울특별시,11140,중구,32
G21303,음반/비디오물 소매업,11,서울특별시,11170,용산구,7
G21303,음반/비디오물 소매업,11,서울특별시,11215,광진구,6
G21303,음반/비디오물 소매업,11,서울특별시,11230,동대문구,4
G21303,음반/비디오물 소매업,11,서울특별시,11260,중랑구,2
G21303,음반/비디오물 소매업,11,서울특별시,11290,성북구,2
G21303,음반/비디오물 소매업,11,서울특별시,11305,강북구,2
G21303,음반/비디오물 소매업,11,서울특별시,11380,은평구,1
G21303,음반/비디오물 소매업,11,서울특별시,11410,서대문구,4
G21303,음반/비디오물 소매업,11,서울특별시,11440,마포구,14
G21303,음반/비디오물 소매업,11,서울특별시,11500,강서구,2
G21303,음반/비디오물 소매업,11,서울특별시,11530,구로구,4
G21303,음반/비디오물 소매업,11,서울특별시,11545,금천구,1
G21303,음반/비디오물 소매업,11,서울특별시,11560,영등포구,3
G21303,음반/비디오물 소매업,11,서울특별시,11590,동작구,1
G21303,음반/비디오물 소매업,11,서울특별시,11620,관악구,4
G21303,음반/비디오물 소매업,11,서울특별시,11650,서초구,7
G21303,음반/비디오물 소매업,11,서울특별시,11680,강남구,14
G21303,음반/비디오물 소매업,11,서울특별시,11710,송파구,8
G21304,운동용품 소매업,11,서울특별시,11110,종로구,57
G21304,운동용품 소매업,11,서울특별시,11140,중구,95
G21304,운동용품 소매업,11,서울특별시,11170,용산구,46
G21304,운동용품 소매업,11,서울특별시,11200,성동구,47
G21304,운동용품 소매업,11,서울특별시,11215,광진구,56
G21304,운동용품 소매업,11,서울특별시,11230,동대문구,43
G21304,운동용품 소매업,11,서울특별시,11260,중랑구,24
G21304,운동용품 소매업,11,서울특별시,11290,성북구,22
G21304,운동용품 소매업,11,서울특별시,11305,강북구,29
G21304,운동용품 소매업,11,서울특별시,11320,도봉구,48
G21304,운동용품 소매업,11,서울특별시,11350,노원구,37
G21304,운동용품 소매업,11,서울특별시,11380,은평구,66
G21304,운동용품 소매업,11,서울특별시,11410,서대문구,21
G21304,운동용품 소매업,11,서울특별시,11440,마포구,56
G21304,운동용품 소매업,11,서울특별시,11470,양천구,51
G21304,운동용품 소매업,11,서울특별시,11500,강서구,75
G21304,운동용품 소매업,11,서울특별시,11530,구로구,51
G21304,운동용품 소매업,11,서울특별시,11545,금천구,76
G21304,운동용품 소매업,11,서울특별시,11560,영등포구,92
G21304,운동용품 소매업,11,서울특별시,11590,동작구,28
G21304,운동용품 소매업,11,서울특별시,11620,관악구,41
G21304,운동용품 소매업,11,서울특별시,11650,서초구,113
G21304,운동용품 소매업,11,서울특별시,11680,강남구,281
G21304,운동용품 소매업,11,서울특별시,11710,송파구,122
G21304,운동용품 소매업,11,서울특별시,11740,강동구,71
G21305,자전거 소매업,11,서울특별시,11110,종로구,3
G21305,자전거 소매업,11,서울특별시,11140,중구,3
G21305,자전거 소매업,11,서울특별시,11170,용산구,10
G21305,자전거 소매업,11,서울특별시,11200,성동구,21
G21305,자전거 소매업,11,서울특별시,11215,광진구,30
G21305,자전거 소매업,11,서울특별시,11230,동대문구,17
G21305,자전거 소매업,11,서울특별시,11260,중랑구,23
G21305,자전거 소매업,11,서울특별시,11290,성북구,12
G21305,자전거 소매업,11,서울특별시,11305,강북구,13
G21305,자전거 소매업,11,서울특별시,11320,도봉구,11
G21305,자전거 소매업,11,서울특별시,11350,노원구,25
G21305,자전거 소매업,11,서울특별시,11380,은평구,15
G21305,자전거 소매업,11,서울특별시,11410,서대문구,9
G21305,자전거 소매업,11,서울특별시,11440,마포구,26
G21305,자전거 소매업,11,서울특별시,11470,양천구,19
G21305,자전거 소매업,11,서울특별시,11500,강서구,23
G21305,자전거 소매업,11,서울특별시,11530,구로구,16
G21305,자전거 소매업,11,서울특별시,11545,금천구,6
G21305,자전거 소매업,11,서울특별시,11560,영등포구,26
G21305,자전거 소매업,11,서울특별시,11590,동작구,12
G21305,자전거 소매업,11,서울특별시,11620,관악구,14
G21305,자전거 소매업,11,서울특별시,11650,서초구,25
G21305,자전거 소매업,11,서울특별시,11680,강남구,21
G21305,자전거 소매업,11,서울특별시,11710,송파구,41
G21305,자전거 소매업,11,서울특별시,11740,강동구,42
G21306,장난감 소매업,11,서울특별시,11110,종로구,26
G21306,장난감 소매업,11,서울특별시,11140,중구,25
G21306,장난감 소매업,11,서울특별시,11170,용산구,43
G21306,장난감 소매업,11,서울특별시,11200,성동구,27
G21306,장난감 소매업,11,서울특별시,11215,광진구,28
G21306,장난감 소매업,11,서울특별시,11230,동대문구,13
G21306,장난감 소매업,11,서울특별시,11260,중랑구,11
G21306,장난감 소매업,11,서울특별시,11290,성북구,16
G21306,장난감 소매업,11,서울특별시,11305,강북구,14
G21306,장난감 소매업,11,서울특별시,11320,도봉구,10
G21306,장난감 소매업,11,서울특별시,11350,노원구,23
G21306,장난감 소매업,11,서울특별시,11380,은평구,17
G21306,장난감 소매업,11,서울특별시,11410,서대문구,16
G21306,장난감 소매업,11,서울특별시,11440,마포구,86
G21306,장난감 소매업,11,서울특별시,11470,양천구,23
G21306,장난감 소매업,11,서울특별시,11500,강서구,33
G21306,장난감 소매업,11,서울특별시,11530,구로구,38
G21306,장난감 소매업,11,서울특별시,11545,금천구,22
G21306,장난감 소매업,11,서울특별시,11560,영등포구,46
G21306,장난감 소매업,11,서울특별시,11590,동작구,22
G21306,장난감 소매업,11,서울특별시,11620,관악구,28
G21306,장난감 소매업,11,서울특별시,11650,서초구,53
G21306,장난감 소매업,11,서울특별시,11680,강남구,44
G21306,장난감 소매업,11,서울특별시,11710,송파구,37
G21306,장난감 소매업,11,서울특별시,11740,강동구,22
G21401,주유소,11,서울특별시,11110,종로구,8
G21401,주유소,11,서울특별시,11140,중구,16
G21401,주유소,11,서울특별시,11170,용산구,15
G21401,주유소,11,서울특별시,11200,성동구,26
G21401,주유소,11,서울특별시,11215,광진구,17
G21401,주유소,11,서울특별시,11230,동대문구,22
G21401,주유소,11,서울특별시,11260,중랑구,17
G21401,주유소,11,서울특별시,11290,성북구,30
G21401,주유소,11,서울특별시,11305,강북구,13
G21401,주유소,11,서울특별시,11320,도봉구,14
G21401,주유소,11,서울특별시,11350,노원구,19
G21401,주유소,11,서울특별시,11380,은평구,21
G21401,주유소,11,서울특별시,11410,서대문구,17
G21401,주유소,11,서울특별시,11440,마포구,25
G21401,주유소,11,서울특별시,11470,양천구,34
G21401,주유소,11,서울특별시,11500,강서구,41
G21401,주유소,11,서울특별시,11530,구로구,30
G21401,주유소,11,서울특별시,11545,금천구,17
G21401,주유소,11,서울특별시,11560,영등포구,39
G21401,주유소,11,서울특별시,11590,동작구,10
G21401,주유소,11,서울특별시,11620,관악구,18
G21401,주유소,11,서울특별시,11650,서초구,43
G21401,주유소,11,서울특별시,11680,강남구,42
G21401,주유소,11,서울특별시,11710,송파구,38
G21401,주유소,11,서울특별시,11740,강동구,21
G21402,가스 충전소,11,서울특별시,11110,종로구,1
G21402,가스 충전소,11,서울특별시,11200,성동구,2
G21402,가스 충전소,11,서울특별시,11215,광진구,3
G21402,가스 충전소,11,서울특별시,11230,동대문구,4
G21402,가스 충전소,11,서울특별시,11260,중랑구,4
G21402,가스 충전소,11,서울특별시,11290,성북구,2
G21402,가스 충전소,11,서울특별시,11305,강북구,4
G21402,가스 충전소,11,서울특별시,11320,도봉구,5
G21402,가스 충전소,11,서울특별시,11350,노원구,7
G21402,가스 충전소,11,서울특별시,11380,은평구,3
G21402,가스 충전소,11,서울특별시,11410,서대문구,1
G21402,가스 충전소,11,서울특별시,11470,양천구,6
G21402,가스 충전소,11,서울특별시,11500,강서구,11
G21402,가스 충전소,11,서울특별시,11530,구로구,4
G21402,가스 충전소,11,서울특별시,11545,금천구,2
G21402,가스 충전소,11,서울특별시,11560,영등포구,4
G21402,가스 충전소,11,서울특별시,11590,동작구,1
G21402,가스 충전소,11,서울특별시,11620,관악구,2
G21402,가스 충전소,11,서울특별시,11650,서초구,5
G21402,가스 충전소,11,서울특별시,11680,강남구,5
G21402,가스 충전소,11,서울특별시,11710,송파구,2
G21402,가스 충전소,11,서울특별시,11740,강동구,1
G21403,가정용 연료 소매업,11,서울특별시,11110,종로구,7
G21403,가정용 연료 소매업,11,서울특별시,11140,중구,4
G21403,가정용 연료 소매업,11,서울특별시,11170,용산구,8
G21403,가정용 연료 소매업,11,서울특별시,11200,성동구,15
G21403,가정용 연료 소매업,11,서울특별시,11215,광진구,4
G21403,가정용 연료 소매업,11,서울특별시,11230,동대문구,20
G21403,가정용 연료 소매업,11,서울특별시,11260,중랑구,14
G21403,가정용 연료 소매업,11,서울특별시,11290,성북구,16
G21403,가정용 연료 소매업,11,서울특별시,11305,강북구,9
G21403,가정용 연료 소매업,11,서울특별시,11320,도봉구,3
G21403,가정용 연료 소매업,11,서울특별시,11350,노원구,8
G21403,가정용 연료 소매업,11,서울특별시,11380,은평구,7
G21403,가정용 연료 소매업,11,서울특별시,11410,서대문구,9
G21403,가정용 연료 소매업,11,서울특별시,11440,마포구,18
G21403,가정용 연료 소매업,11,서울특별시,11470,양천구,14
G21403,가정용 연료 소매업,11,서울특별시,11500,강서구,13
G21403,가정용 연료 소매업,11,서울특별시,11530,구로구,12
G21403,가정용 연료 소매업,11,서울특별시,11545,금천구,5
G21403,가정용 연료 소매업,11,서울특별시,11560,영등포구,14
G21403,가정용 연료 소매업,11,서울특별시,11590,동작구,6
G21403,가정용 연료 소매업,11,서울특별시,11620,관악구,1
G21403,가정용 연료 소매업,11,서울특별시,11650,서초구,8
G21403,가정용 연료 소매업,11,서울특별시,11680,강남구,7
G21403,가정용 연료 소매업,11,서울특별시,11710,송파구,8
G21403,가정용 연료 소매업,11,서울특별시,11740,강동구,7
G21501,약국,11,서울특별시,11110,종로구,183
G21501,약국,11,서울특별시,11140,중구,185
G21501,약국,11,서울특별시,11170,용산구,112
G21501,약국,11,서울특별시,11200,성동구,148
G21501,약국,11,서울특별시,11215,광진구,193
G21501,약국,11,서울특별시,11230,동대문구,294
G21501,약국,11,서울특별시,11260,중랑구,187
G21501,약국,11,서울특별시,11290,성북구,198
G21501,약국,11,서울특별시,11305,강북구,163
G21501,약국,11,서울특별시,11320,도봉구,111
G21501,약국,11,서울특별시,11350,노원구,222
G21501,약국,11,서울특별시,11380,은평구,211
G21501,약국,11,서울특별시,11410,서대문구,163
G21501,약국,11,서울특별시,11440,마포구,210
G21501,약국,11,서울특별시,11470,양천구,183
G21501,약국,11,서울특별시,11500,강서구,291
G21501,약국,11,서울특별시,11530,구로구,193
G21501,약국,11,서울특별시,11545,금천구,131
G21501,약국,11,서울특별시,11560,영등포구,273
G21501,약국,11,서울특별시,11590,동작구,187
G21501,약국,11,서울특별시,11620,관악구,233
G21501,약국,11,서울특별시,11650,서초구,311
G21501,약국,11,서울특별시,11680,강남구,539
G21501,약국,11,서울특별시,11710,송파구,409
G21501,약국,11,서울특별시,11740,강동구,281
G21502,의료기기 소매업,11,서울특별시,11110,종로구,60
G21502,의료기기 소매업,11,서울특별시,11140,중구,26
G21502,의료기기 소매업,11,서울특별시,11170,용산구,23
G21502,의료기기 소매업,11,서울특별시,11200,성동구,48
G21502,의료기기 소매업,11,서울특별시,11215,광진구,54
G21502,의료기기 소매업,11,서울특별시,11230,동대문구,51
G21502,의료기기 소매업,11,서울특별시,11260,중랑구,53
G21502,의료기기 소매업,11,서울특별시,11290,성북구,39
G21502,의료기기 소매업,11,서울특별시,11305,강북구,48
G21502,의료기기 소매업,11,서울특별시,11320,도봉구,35
G21502,의료기기 소매업,11,서울특별시,11350,노원구,63
G21502,의료기기 소매업,11,서울특별시,11380,은평구,51
G21502,의료기기 소매업,11,서울특별시,11410,서대문구,24
G21502,의료기기 소매업,11,서울특별시,11440,마포구,35
G21502,의료기기 소매업,11,서울특별시,11470,양천구,45
G21502,의료기기 소매업,11,서울특별시,11500,강서구,98
G21502,의료기기 소매업,11,서울특별시,11530,구로구,47
G21502,의료기기 소매업,11,서울특별시,11545,금천구,53
G21502,의료기기 소매업,11,서울특별시,11560,영등포구,82
G21502,의료기기 소매업,11,서울특별시,11590,동작구,43
G21502,의료기기 소매업,11,서울특별시,11620,관악구,53
G21502,의료기기 소매업,11,서울특별시,11650,서초구,79
G21502,의료기기 소매업,11,서울특별시,11680,강남구,127
G21502,의료기기 소매업,11,서울특별시,11710,송파구,105
G21502,의료기기 소매업,11,서울특별시,11740,강동구,78
G21503,화장품 소매업,11,서울특별시,11110,종로구,125
G21503,화장품 소매업,11,서울특별시,11140,중구,336
G21503,화장품 소매업,11,서울특별시,11170,용산구,137
G21503,화장품 소매업,11,서울특별시,11200,성동구,173
G21503,화장품 소매업,11,서울특별시,11215,광진구,179
G21503,화장품 소매업,11,서울특별시,11230,동대문구,139
G21503,화장품 소매업,11,서울특별시,11260,중랑구,141
G21503,화장품 소매업,11,서울특별시,11290,성북구,130
G21503,화장품 소매업,11,서울특별시,11305,강북구,119
G21503,화장품 소매업,11,서울특별시,11320,도봉구,107
G21503,화장품 소매업,11,서울특별시,11350,노원구,196
G21503,화장품 소매업,11,서울특별시,11380,은평구,176
G21503,화장품 소매업,11,서울특별시,11410,서대문구,112
G21503,화장품 소매업,11,서울특별시,11440,마포구,289
G21503,화장품 소매업,11,서울특별시,11470,양천구,128
G21503,화장품 소매업,11,서울특별시,11500,강서구,328
G21503,화장품 소매업,11,서울특별시,11530,구로구,198
G21503,화장품 소매업,11,서울특별시,11545,금천구,147
G21503,화장품 소매업,11,서울특별시,11560,영등포구,262
G21503,화장품 소매업,11,서울특별시,11590,동작구,102
G21503,화장품 소매업,11,서울특별시,11620,관악구,181
G21503,화장품 소매업,11,서울특별시,11650,서초구,373
G21503,화장품 소매업,11,서울특별시,11680,강남구,866
G21503,화장품 소매업,11,서울특별시,11710,송파구,378
G21503,화장품 소매업,11,서울특별시,11740,강동구,195
G21601,사무기기 소매업,11,서울특별시,11110,종로구,4
G21601,사무기기 소매업,11,서울특별시,11140,중구,16
G21601,사무기기 소매업,11,서울특별시,11170,용산구,10
G21601,사무기기 소매업,11,서울특별시,11200,성동구,11
G21601,사무기기 소매업,11,서울특별시,11215,광진구,13
G21601,사무기기 소매업,11,서울특별시,11230,동대문구,19
G21601,사무기기 소매업,11,서울특별시,11260,중랑구,6
G21601,사무기기 소매업,11,서울특별시,11290,성북구,8
G21601,사무기기 소매업,11,서울특별시,11305,강북구,5
G21601,사무기기 소매업,11,서울특별시,11320,도봉구,8
G21601,사무기기 소매업,11,서울특별시,11350,노원구,10
G21601,사무기기 소매업,11,서울특별시,11380,은평구,7
G21601,사무기기 소매업,11,서울특별시,11410,서대문구,6
G21601,사무기기 소매업,11,서울특별시,11440,마포구,14
G21601,사무기기 소매업,11,서울특별시,11470,양천구,8
G21601,사무기기 소매업,11,서울특별시,11500,강서구,21
G21601,사무기기 소매업,11,서울특별시,11530,구로구,15
G21601,사무기기 소매업,11,서울특별시,11545,금천구,15
G21601,사무기기 소매업,11,서울특별시,11560,영등포구,25
G21601,사무기기 소매업,11,서울특별시,11590,동작구,5
G21601,사무기기 소매업,11,서울특별시,11620,관악구,4
G21601,사무기기 소매업,11,서울특별시,11650,서초구,31
G21601,사무기기 소매업,11,서울특별시,11680,강남구,31
G21601,사무기기 소매업,11,서울특별시,11710,송파구,36
G21601,사무기기 소매업,11,서울특별시,11740,강동구,14
G21602,안경렌즈 소매업,11,서울특별시,11110,종로구,60
G21602,안경렌즈 소매업,11,서울특별시,11140,중구,183
G21602,안경렌즈 소매업,11,서울특별시,11170,용산구,51
G21602,안경렌즈 소매업,11,서울특별시,11200,성동구,63
G21602,안경렌즈 소매업,11,서울특별시,11215,광진구,76
G21602,안경렌즈 소매업,11,서울특별시,11230,동대문구,68
G21602,안경렌즈 소매업,11,서울특별시,11260,중랑구,71
G21602,안경렌즈 소매업,11,서울특별시,11290,성북구,82
G21602,안경렌즈 소매업,11,서울특별시,11305,강북구,46
G21602,안경렌즈 소매업,11,서울특별시,11320,도봉구,49
G21602,안경렌즈 소매업,11,서울특별시,11350,노원구,84
G21602,안경렌즈 소매업,11,서울특별시,11380,은평구,73
G21602,안경렌즈 소매업,11,서울특별시,11410,서대문구,60
G21602,안경렌즈 소매업,11,서울특별시,11440,마포구,104
G21602,안경렌즈 소매업,11,서울특별시,11470,양천구,85
G21602,안경렌즈 소매업,11,서울특별시,11500,강서구,101
G21602,안경렌즈 소매업,11,서울특별시,11530,구로구,66
G21602,안경렌즈 소매업,11,서울특별시,11545,금천구,40
G21602,안경렌즈 소매업,11,서울특별시,11560,영등포구,103
G21602,안경렌즈 소매업,11,서울특별시,11590,동작구,59
G21602,안경렌즈 소매업,11,서울특별시,11620,관악구,77
G21602,안경렌즈 소매업,11,서울특별시,11650,서초구,115
G21602,안경렌즈 소매업,11,서울특별시,11680,강남구,195
G21602,안경렌즈 소매업,11,서울특별시,11710,송파구,137
G21602,안경렌즈 소매업,11,서울특별시,11740,강동구,88
G21603,사진기/기타 광학기기 소매업,11,서울특별시,11110,종로구,12
G21603,사진기/기타 광학기기 소매업,11,서울특별시,11140,중구,81
G21603,사진기/기타 광학기기 소매업,11,서울특별시,11170,용산구,25
G21603,사진기/기타 광학기기 소매업,11,서울특별시,11200,성동구,3
G21603,사진기/기타 광학기기 소매업,11,서울특별시,11215,광진구,25
G21603,사진기/기타 광학기기 소매업,11,서울특별시,11230,동대문구,6
G21603,사진기/기타 광학기기 소매업,11,서울특별시,11260,중랑구,4
G21603,사진기/기타 광학기기 소매업,11,서울특별시,11290,성북구,1
G21603,사진기/기타 광학기기 소매업,11,서울특별시,11305,강북구,1
G21603,사진기/기타 광학기기 소매업,11,서울특별시,11320,도봉구,2
G21603,사진기/기타 광학기기 소매업,11,서울특별시,11350,노원구,3
G21603,사진기/기타 광학기기 소매업,11,서울특별시,11380,은평구,1
G21603,사진기/기타 광학기기 소매업,11,서울특별시,11410,서대문구,2
G21603,사진기/기타 광학기기 소매업,11,서울특별시,11440,마포구,7
G21603,사진기/기타 광학기기 소매업,11,서울특별시,11470,양천구,1
G21603,사진기/기타 광학기기 소매업,11,서울특별시,11500,강서구,2
G21603,사진기/기타 광학기기 소매업,11,서울특별시,11530,구로구,10
G21603,사진기/기타 광학기기 소매업,11,서울특별시,11545,금천구,6
G21603,사진기/기타 광학기기 소매업,11,서울특별시,11560,영등포구,11
G21603,사진기/기타 광학기기 소매업,11,서울특별시,11590,동작구,1
G21603,사진기/기타 광학기기 소매업,11,서울특별시,11620,관악구,1
G21603,사진기/기타 광학기기 소매업,11,서울특별시,11650,서초구,6
G21603,사진기/기타 광학기기 소매업,11,서울특별시,11680,강남구,11
G21603,사진기/기타 광학기기 소매업,11,서울특별시,11710,송파구,10
G21603,사진기/기타 광학기기 소매업,11,서울특별시,11740,강동구,7
G21701,시계/귀금속 소매업,11,서울특별시,11110,종로구,697
G21701,시계/귀금속 소매업,11,서울특별시,11140,중구,146
G21701,시계/귀금속 소매업,11,서울특별시,11170,용산구,64
G21701,시계/귀금속 소매업,11,서울특별시,11200,성동구,49
G21701,시계/귀금속 소매업,11,서울특별시,11215,광진구,73
G21701,시계/귀금속 소매업,11,서울특별시,11230,동대문구,50
G21701,시계/귀금속 소매업,11,서울특별시,11260,중랑구,53
G21701,시계/귀금속 소매업,11,서울특별시,11290,성북구,52
G21701,시계/귀금속 소매업,11,서울특별시,11305,강북구,45
G21701,시계/귀금속 소매업,11,서울특별시,11320,도봉구,29
G21701,시계/귀금속 소매업,11,서울특별시,11350,노원구,52
G21701,시계/귀금속 소매업,11,서울특별시,11380,은평구,67
G21701,시계/귀금속 소매업,11,서울특별시,11410,서대문구,45
G21701,시계/귀금속 소매업,11,서울특별시,11440,마포구,67
G21701,시계/귀금속 소매업,11,서울특별시,11470,양천구,59
G21701,시계/귀금속 소매업,11,서울특별시,11500,강서구,77
G21701,시계/귀금속 소매업,11,서울특별시,11530,구로구,60
G21701,시계/귀금속 소매업,11,서울특별시,11545,금천구,46
G21701,시계/귀금속 소매업,11,서울특별시,11560,영등포구,88
G21701,시계/귀금속 소매업,11,서울특별시,11590,동작구,40
G21701,시계/귀금속 소매업,11,서울특별시,11620,관악구,66
G21701,시계/귀금속 소매업,11,서울특별시,11650,서초구,122
G21701,시계/귀금속 소매업,11,서울특별시,11680,강남구,271
G21701,시계/귀금속 소매업,11,서울특별시,11710,송파구,120
G21701,시계/귀금속 소매업,11,서울특별시,11740,강동구,68
G21801,예술품 소매업,11,서울특별시,11110,종로구,487
G21801,예술품 소매업,11,서울특별시,11140,중구,89
G21801,예술품 소매업,11,서울특별시,11170,용산구,171
G21801,예술품 소매업,11,서울특별시,11200,성동구,46
G21801,예술품 소매업,11,서울특별시,11215,광진구,33
G21801,예술품 소매업,11,서울특별시,11230,동대문구,89
G21801,예술품 소매업,11,서울특별시,11260,중랑구,12
G21801,예술품 소매업,11,서울특별시,11290,성북구,65
G21801,예술품 소매업,11,서울특별시,11305,강북구,11
G21801,예술품 소매업,11,서울특별시,11320,도봉구,7
G21801,예술품 소매업,11,서울특별시,11350,노원구,12
G21801,예술품 소매업,11,서울특별시,11380,은평구,29
G21801,예술품 소매업,11,서울특별시,11410,서대문구,66
G21801,예술품 소매업,11,서울특별시,11440,마포구,97
G21801,예술품 소매업,11,서울특별시,11470,양천구,12
G21801,예술품 소매업,11,서울특별시,11500,강서구,19
G21801,예술품 소매업,11,서울특별시,11530,구로구,18
G21801,예술품 소매업,11,서울특별시,11545,금천구,13
G21801,예술품 소매업,11,서울특별시,11560,영등포구,55
G21801,예술품 소매업,11,서울특별시,11590,동작구,17
G21801,예술품 소매업,11,서울특별시,11620,관악구,18
G21801,예술품 소매업,11,서울특별시,11650,서초구,137
G21801,예술품 소매업,11,서울특별시,11680,강남구,318
G21801,예술품 소매업,11,서울특별시,11710,송파구,55
G21801,예술품 소매업,11,서울특별시,11740,강동구,16
G21802,기념품점,11,서울특별시,11110,종로구,178
G21802,기념품점,11,서울특별시,11140,중구,120
G21802,기념품점,11,서울특별시,11170,용산구,63
G21802,기념품점,11,서울특별시,11200,성동구,28
G21802,기념품점,11,서울특별시,11215,광진구,25
G21802,기념품점,11,서울특별시,11230,동대문구,33
G21802,기념품점,11,서울특별시,11260,중랑구,10
G21802,기념품점,11,서울특별시,11290,성북구,14
G21802,기념품점,11,서울특별시,11305,강북구,7
G21802,기념품점,11,서울특별시,11320,도봉구,6
G21802,기념품점,11,서울특별시,11350,노원구,15
G21802,기념품점,11,서울특별시,11380,은평구,36
G21802,기념품점,11,서울특별시,11410,서대문구,33
G21802,기념품점,11,서울특별시,11440,마포구,65
G21802,기념품점,11,서울특별시,11470,양천구,18
G21802,기념품점,11,서울특별시,11500,강서구,33
G21802,기념품점,11,서울특별시,11530,구로구,20
G21802,기념품점,11,서울특별시,11545,금천구,9
G21802,기념품점,11,서울특별시,11560,영등포구,26
G21802,기념품점,11,서울특별시,11590,동작구,13
G21802,기념품점,11,서울특별시,11620,관악구,14
G21802,기념품점,11,서울특별시,11650,서초구,92
G21802,기념품점,11,서울특별시,11680,강남구,72
G21802,기념품점,11,서울특별시,11710,송파구,48
G21802,기념품점,11,서울특별시,11740,강동구,20
G21901,꽃집,11,서울특별시,11110,종로구,149
G21901,꽃집,11,서울특별시,11140,중구,206
G21901,꽃집,11,서울특별시,11170,용산구,182
G21901,꽃집,11,서울특별시,11200,성동구,116
G21901,꽃집,11,서울특별시,11215,광진구,130
G21901,꽃집,11,서울특별시,11230,동대문구,79
G21901,꽃집,11,서울특별시,11260,중랑구,78
G21901,꽃집,11,서울특별시,11290,성북구,119
G21901,꽃집,11,서울특별시,11305,강북구,64
G21901,꽃집,11,서울특별시,11320,도봉구,61
G21901,꽃집,11,서울특별시,11350,노원구,97
G21901,꽃집,11,서울특별시,11380,은평구,91
G21901,꽃집,11,서울특별시,11410,서대문구,108
G21901,꽃집,11,서울특별시,11440,마포구,246
G21901,꽃집,11,서울특별시,11470,양천구,112
G21901,꽃집,11,서울특별시,11500,강서구,149
G21901,꽃집,11,서울특별시,11530,구로구,84
G21901,꽃집,11,서울특별시,11545,금천구,52
G21901,꽃집,11,서울특별시,11560,영등포구,193
G21901,꽃집,11,서울특별시,11590,동작구,104
G21901,꽃집,11,서울특별시,11620,관악구,116
G21901,꽃집,11,서울특별시,11650,서초구,608
G21901,꽃집,11,서울특별시,11680,강남구,493
G21901,꽃집,11,서울특별시,11710,송파구,215
G21901,꽃집,11,서울특별시,11740,강동구,164
G22001,애완동물/애완용품 소매업,11,서울특별시,11110,종로구,38
G22001,애완동물/애완용품 소매업,11,서울특별시,11140,중구,34
G22001,애완동물/애완용품 소매업,11,서울특별시,11170,용산구,39
G22001,애완동물/애완용품 소매업,11,서울특별시,11200,성동구,60
G22001,애완동물/애완용품 소매업,11,서울특별시,11215,광진구,65
G22001,애완동물/애완용품 소매업,11,서울특별시,11230,동대문구,43
G22001,애완동물/애완용품 소매업,11,서울특별시,11260,중랑구,76
G22001,애완동물/애완용품 소매업,11,서울특별시,11290,성북구,52
G22001,애완동물/애완용품 소매업,11,서울특별시,11305,강북구,56
G22001,애완동물/애완용품 소매업,11,서울특별시,11320,도봉구,49
G22001,애완동물/애완용품 소매업,11,서울특별시,11350,노원구,56
G22001,애완동물/애완용품 소매업,11,서울특별시,11380,은평구,68
G22001,애완동물/애완용품 소매업,11,서울특별시,11410,서대문구,47
G22001,애완동물/애완용품 소매업,11,서울특별시,11440,마포구,81
G22001,애완동물/애완용품 소매업,11,서울특별시,11470,양천구,58
G22001,애완동물/애완용품 소매업,11,서울특별시,11500,강서구,118
G22001,애완동물/애완용품 소매업,11,서울특별시,11530,구로구,46
G22001,애완동물/애완용품 소매업,11,서울특별시,11545,금천구,39
G22001,애완동물/애완용품 소매업,11,서울특별시,11560,영등포구,56
G22001,애완동물/애완용품 소매업,11,서울특별시,11590,동작구,24
G22001,애완동물/애완용품 소매업,11,서울특별시,11620,관악구,63
G22001,애완동물/애완용품 소매업,11,서울특별시,11650,서초구,81
G22001,애완동물/애완용품 소매업,11,서울특별시,11680,강남구,149
G22001,애완동물/애완용품 소매업,11,서울특별시,11710,송파구,116
G22001,애완동물/애완용품 소매업,11,서울특별시,11740,강동구,60
G22199,그 외 기타 상품 전문 소매업,11,서울특별시,11110,종로구,112
G22199,그 외 기타 상품 전문 소매업,11,서울특별시,11140,중구,137
G22199,그 외 기타 상품 전문 소매업,11,서울특별시,11170,용산구,53
G22199,그 외 기타 상품 전문 소매업,11,서울특별시,11200,성동구,53
G22199,그 외 기타 상품 전문 소매업,11,서울특별시,11215,광진구,55
G22199,그 외 기타 상품 전문 소매업,11,서울특별시,11230,동대문구,218
G22199,그 외 기타 상품 전문 소매업,11,서울특별시,11260,중랑구,53
G22199,그 외 기타 상품 전문 소매업,11,서울특별시,11290,성북구,52
G22199,그 외 기타 상품 전문 소매업,11,서울특별시,11305,강북구,48
G22199,그 외 기타 상품 전문 소매업,11,서울특별시,11320,도봉구,37
G22199,그 외 기타 상품 전문 소매업,11,서울특별시,11350,노원구,55
G22199,그 외 기타 상품 전문 소매업,11,서울특별시,11380,은평구,65
G22199,그 외 기타 상품 전문 소매업,11,서울특별시,11410,서대문구,54
G22199,그 외 기타 상품 전문 소매업,11,서울특별시,11440,마포구,109
G22199,그 외 기타 상품 전문 소매업,11,서울특별시,11470,양천구,48
G22199,그 외 기타 상품 전문 소매업,11,서울특별시,11500,강서구,88
G22199,그 외 기타 상품 전문 소매업,11,서울특별시,11530,구로구,70
G22199,그 외 기타 상품 전문 소매업,11,서울특별시,11545,금천구,57
G22199,그 외 기타 상품 전문 소매업,11,서울특별시,11560,영등포구,103
G22199,그 외 기타 상품 전문 소매업,11,서울특별시,11590,동작구,41
G22199,그 외 기타 상품 전문 소매업,11,서울특별시,11620,관악구,62
G22199,그 외 기타 상품 전문 소매업,11,서울특별시,11650,서초구,117
G22199,그 외 기타 상품 전문 소매업,11,서울특별시,11680,강남구,199
G22199,그 외 기타 상품 전문 소매업,11,서울특별시,11710,송파구,118
G22199,그 외 기타 상품 전문 소매업,11,서울특별시,11740,강동구,69
G22201,중고 상품 소매업,11,서울특별시,11110,종로구,140
G22201,중고 상품 소매업,11,서울특별시,11140,중구,130
G22201,중고 상품 소매업,11,서울특별시,11170,용산구,75
G22201,중고 상품 소매업,11,서울특별시,11200,성동구,28
G22201,중고 상품 소매업,11,서울특별시,11215,광진구,46
G22201,중고 상품 소매업,11,서울특별시,11230,동대문구,82
G22201,중고 상품 소매업,11,서울특별시,11260,중랑구,53
G22201,중고 상품 소매업,11,서울특별시,11290,성북구,44
G22201,중고 상품 소매업,11,서울특별시,11305,강북구,51
G22201,중고 상품 소매업,11,서울특별시,11320,도봉구,33
G22201,중고 상품 소매업,11,서울특별시,11350,노원구,36
G22201,중고 상품 소매업,11,서울특별시,11380,은평구,50
G22201,중고 상품 소매업,11,서울특별시,11410,서대문구,38
G22201,중고 상품 소매업,11,서울특별시,11440,마포구,72
G22201,중고 상품 소매업,11,서울특별시,11470,양천구,49
G22201,중고 상품 소매업,11,서울특별시,11500,강서구,66
G22201,중고 상품 소매업,11,서울특별시,11530,구로구,65
G22201,중고 상품 소매업,11,서울특별시,11545,금천구,40
G22201,중고 상품 소매업,11,서울특별시,11560,영등포구,56
G22201,중고 상품 소매업,11,서울특별시,11590,동작구,26
G22201,중고 상품 소매업,11,서울특별시,11620,관악구,65
G22201,중고 상품 소매업,11,서울특별시,11650,서초구,52
G22201,중고 상품 소매업,11,서울특별시,11680,강남구,92
G22201,중고 상품 소매업,11,서울특별시,11710,송파구,61
G22201,중고 상품 소매업,11,서울특별시,11740,강동구,52
I10101,호텔/리조트,11,서울특별시,11110,종로구,55
I10101,호텔/리조트,11,서울특별시,11140,중구,109
I10101,호텔/리조트,11,서울특별시,11170,용산구,17
I10101,호텔/리조트,11,서울특별시,11200,성동구,5
I10101,호텔/리조트,11,서울특별시,11215,광진구,7
I10101,호텔/리조트,11,서울특별시,11230,동대문구,12
I10101,호텔/리조트,11,서울특별시,11260,중랑구,3
I10101,호텔/리조트,11,서울특별시,11290,성북구,4
I10101,호텔/리조트,11,서울특별시,11305,강북구,3
I10101,호텔/리조트,11,서울특별시,11320,도봉구,2
I10101,호텔/리조트,11,서울특별시,11350,노원구,2
I10101,호텔/리조트,11,서울특별시,11380,은평구,5
I10101,호텔/리조트,11,서울특별시,11410,서대문구,12
I10101,호텔/리조트,11,서울특별시,11440,마포구,13
I10101,호텔/리조트,11,서울특별시,11500,강서구,15
I10101,호텔/리조트,11,서울특별시,11530,구로구,11
I10101,호텔/리조트,11,서울특별시,11545,금천구,8
I10101,호텔/리조트,11,서울특별시,11560,영등포구,28
I10101,호텔/리조트,11,서울특별시,11590,동작구,3
I10101,호텔/리조트,11,서울특별시,11620,관악구,9
I10101,호텔/리조트,11,서울특별시,11650,서초구,15
I10101,호텔/리조트,11,서울특별시,11680,강남구,57
I10101,호텔/리조트,11,서울특별시,11710,송파구,16
I10101,호텔/리조트,11,서울특별시,11740,강동구,4
I10102,여관/모텔,11,서울특별시,11110,종로구,177
I10102,여관/모텔,11,서울특별시,11140,중구,187
I10102,여관/모텔,11,서울특별시,11170,용산구,71
I10102,여관/모텔,11,서울특별시,11200,성동구,62
I10102,여관/모텔,11,서울특별시,11215,광진구,61
I10102,여관/모텔,11,서울특별시,11230,동대문구,128
I10102,여관/모텔,11,서울특별시,11260,중랑구,89
I10102,여관/모텔,11,서울특별시,11290,성북구,61
I10102,여관/모텔,11,서울특별시,11305,강북구,120
I10102,여관/모텔,11,서울특별시,11320,도봉구,24
I10102,여관/모텔,11,서울특별시,11350,노원구,25
I10102,여관/모텔,11,서울특별시,11380,은평구,63
I10102,여관/모텔,11,서울특별시,11410,서대문구,80
I10102,여관/모텔,11,서울특별시,11440,마포구,59
I10102,여관/모텔,11,서울특별시,11470,양천구,17
I10102,여관/모텔,11,서울특별시,11500,강서구,95
I10102,여관/모텔,11,서울특별시,11530,구로구,115
I10102,여관/모텔,11,서울특별시,11545,금천구,73
I10102,여관/모텔,11,서울특별시,11560,영등포구,169
I10102,여관/모텔,11,서울특별시,11590,동작구,25
I10102,여관/모텔,11,서울특별시,11620,관악구,97
I10102,여관/모텔,11,서울특별시,11650,서초구,39
I10102,여관/모텔,11,서울특별시,11680,강남구,99
I10102,여관/모텔,11,서울특별시,11710,송파구,75
I10102,여관/모텔,11,서울특별시,11740,강동구,67
I10103,펜션,11,서울특별시,11110,종로구,674
I10103,펜션,11,서울특별시,11140,중구,473
I10103,펜션,11,서울특별시,11170,용산구,616
I10103,펜션,11,서울특별시,11200,성동구,234
I10103,펜션,11,서울특별시,11215,광진구,333
I10103,펜션,11,서울특별시,11230,동대문구,178
I10103,펜션,11,서울특별시,11260,중랑구,29
I10103,펜션,11,서울특별시,11290,성북구,178
I10103,펜션,11,서울특별시,11305,강북구,42
I10103,펜션,11,서울특별시,11320,도봉구,22
I10103,펜션,11,서울특별시,11350,노원구,18
I10103,펜션,11,서울특별시,11380,은평구,101
I10103,펜션,11,서울특별시,11410,서대문구,285
I10103,펜션,11,서울특별시,11440,마포구,1615
I10103,펜션,11,서울특별시,11470,양천구,74
I10103,펜션,11,서울특별시,11500,강서구,126
I10103,펜션,11,서울특별시,11530,구로구,59
I10103,펜션,11,서울특별시,11545,금천구,10
I10103,펜션,11,서울특별시,11560,영등포구,127
I10103,펜션,11,서울특별시,11590,동작구,93
I10103,펜션,11,서울특별시,11620,관악구,406
I10103,펜션,11,서울특별시,11650,서초구,175
I10103,펜션,11,서울특별시,11680,강남구,379
I10103,펜션,11,서울특별시,11710,송파구,262
I10103,펜션,11,서울특별시,11740,강동구,196
I10104,캠핑/글램핑,11,서울특별시,11110,종로구,1
I10104,캠핑/글램핑,11,서울특별시,11140,중구,3
I10104,캠핑/글램핑,11,서울특별시,11200,성동구,2
I10104,캠핑/글램핑,11,서울특별시,11215,광진구,1
I10104,캠핑/글램핑,11,서울특별시,11260,중랑구,1
I10104,캠핑/글램핑,11,서울특별시,11380,은평구,4
I10104,캠핑/글램핑,11,서울특별시,11440,마포구,1
I10104,캠핑/글램핑,11,서울특별시,11545,금천구,1
I10104,캠핑/글램핑,11,서울특별시,11560,영등포구,1
I10104,캠핑/글램핑,11,서울특별시,11680,강남구,2
I10104,캠핑/글램핑,11,서울특별시,11710,송파구,1
I10201,기숙사/고시원,11,서울특별시,11110,종로구,126
I10201,기숙사/고시원,11,서울특별시,11140,중구,114
I10201,기숙사/고시원,11,서울특별시,11170,용산구,28
I10201,기숙사/고시원,11,서울특별시,11200,성동구,72
I10201,기숙사/고시원,11,서울특별시,11215,광진구,134
I10201,기숙사/고시원,11,서울특별시,11230,동대문구,161
I10201,기숙사/고시원,11,서울특별시,11260,중랑구,64
I10201,기숙사/고시원,11,서울특별시,11290,성북구,107
I10201,기숙사/고시원,11,서울특별시,11305,강북구,55
I10201,기숙사/고시원,11,서울특별시,11320,도봉구,25
I10201,기숙사/고시원,11,서울특별시,11350,노원구,79
I10201,기숙사/고시원,11,서울특별시,11380,은평구,53
I10201,기숙사/고시원,11,서울특별시,11410,서대문구,138
I10201,기숙사/고시원,11,서울특별시,11440,마포구,106
I10201,기숙사/고시원,11,서울특별시,11470,양천구,62
I10201,기숙사/고시원,11,서울특별시,11500,강서구,84
I10201,기숙사/고시원,11,서울특별시,11530,구로구,88
I10201,기숙사/고시원,11,서울특별시,11545,금천구,49
I10201,기숙사/고시원,11,서울특별시,11560,영등포구,139
I10201,기숙사/고시원,11,서울특별시,11590,동작구,342
I10201,기숙사/고시원,11,서울특별시,11620,관악구,332
I10201,기숙사/고시원,11,서울특별시,11650,서초구,153
I10201,기숙사/고시원,11,서울특별시,11680,강남구,246
I10201,기숙사/고시원,11,서울특별시,11710,송파구,181
I10201,기숙사/고시원,11,서울특별시,11740,강동구,123
I10299,그 외 기타 숙박업,11,서울특별시,11110,종로구,7
I10299,그 외 기타 숙박업,11,서울특별시,11140,중구,11
I10299,그 외 기타 숙박업,11,서울특별시,11170,용산구,9
I10299,그 외 기타 숙박업,11,서울특별시,11200,성동구,5
I10299,그 외 기타 숙박업,11,서울특별시,11215,광진구,3
I10299,그 외 기타 숙박업,11,서울특별시,11230,동대문구,12
I10299,그 외 기타 숙박업,11,서울특별시,11260,중랑구,5
I10299,그 외 기타 숙박업,11,서울특별시,11290,성북구,11
I10299,그 외 기타 숙박업,11,서울특별시,11305,강북구,2
I10299,그 외 기타 숙박업,11,서울특별시,11320,도봉구,2
I10299,그 외 기타 숙박업,11,서울특별시,11350,노원구,1
I10299,그 외 기타 숙박업,11,서울특별시,11380,은평구,3
I10299,그 외 기타 숙박업,11,서울특별시,11410,서대문구,7
I10299,그 외 기타 숙박업,11,서울특별시,11440,마포구,7
I10299,그 외 기타 숙박업,11,서울특별시,11500,강서구,2
I10299,그 외 기타 숙박업,11,서울특별시,11560,영등포구,11
I10299,그 외 기타 숙박업,11,서울특별시,11590,동작구,7
I10299,그 외 기타 숙박업,11,서울특별시,11620,관악구,6
I10299,그 외 기타 숙박업,11,서울특별시,11650,서초구,9
I10299,그 외 기타 숙박업,11,서울특별시,11680,강남구,7
I10299,그 외 기타 숙박업,11,서울특별시,11710,송파구,1
I10299,그 외 기타 숙박업,11,서울특별시,11740,강동구,4
I20101,백반/한정식,11,서울특별시,11110,종로구,1450
I20101,백반/한정식,11,서울특별시,11140,중구,1435
I20101,백반/한정식,11,서울특별시,11170,용산구,909
I20101,백반/한정식,11,서울특별시,11200,성동구,892
I20101,백반/한정식,11,서울특별시,11215,광진구,864
I20101,백반/한정식,11,서울특별시,11230,동대문구,1024
I20101,백반/한정식,11,서울특별시,11260,중랑구,797
I20101,백반/한정식,11,서울특별시,11290,성북구,782
I20101,백반/한정식,11,서울특별시,11305,강북구,765
I20101,백반/한정식,11,서울특별시,11320,도봉구,494
I20101,백반/한정식,11,서울특별시,11350,노원구,704
I20101,백반/한정식,11,서울특별시,11380,은평구,801
I20101,백반/한정식,11,서울특별시,11410,서대문구,791
I20101,백반/한정식,11,서울특별시,11440,마포구,1564
I20101,백반/한정식,11,서울특별시,11470,양천구,615
I20101,백반/한정식,11,서울특별시,11500,강서구,1280
I20101,백반/한정식,11,서울특별시,11530,구로구,835
I20101,백반/한정식,11,서울특별시,11545,금천구,718
I20101,백반/한정식,11,서울특별시,11560,영등포구,1596
I20101,백반/한정식,11,서울특별시,11590,동작구,657
I20101,백반/한정식,11,서울특별시,11620,관악구,1050
I20101,백반/한정식,11,서울특별시,11650,서초구,1407
I20101,백반/한정식,11,서울특별시,11680,강남구,2699
I20101,백반/한정식,11,서울특별시,11710,송파구,1465
I20101,백반/한정식,11,서울특별시,11740,강동구,852
I20102,국/탕/찌개류,11,서울특별시,11110,종로구,209
I20102,국/탕/찌개류,11,서울특별시,11140,중구,212
I20102,국/탕/찌개류,11,서울특별시,11170,용산구,103
I20102,국/탕/찌개류,11,서울특별시,11200,성동구,133
I20102,국/탕/찌개류,11,서울특별시,11215,광진구,170
I20102,국/탕/찌개류,11,서울특별시,11230,동대문구,190
I20102,국/탕/찌개류,11,서울특별시,11260,중랑구,190
I20102,국/탕/찌개류,11,서울특별시,11290,성북구,145
I20102,국/탕/찌개류,11,서울특별시,11305,강북구,168
I20102,국/탕/찌개류,11,서울특별시,11320,도봉구,138
I20102,국/탕/찌개류,11,서울특별시,11350,노원구,154
I20102,국/탕/찌개류,11,서울특별시,11380,은평구,155
I20102,국/탕/찌개류,11,서울특별시,11410,서대문구,117
I20102,국/탕/찌개류,11,서울특별시,11440,마포구,211
I20102,국/탕/찌개류,11,서울특별시,11470,양천구,147
I20102,국/탕/찌개류,11,서울특별시,11500,강서구,282
I20102,국/탕/찌개류,11,서울특별시,11530,구로구,203
I20102,국/탕/찌개류,11,서울특별시,11545,금천구,193
I20102,국/탕/찌개류,11,서울특별시,11560,영등포구,324
I20102,국/탕/찌개류,11,서울특별시,11590,동작구,123
I20102,국/탕/찌개류,11,서울특별시,11620,관악구,221
I20102,국/탕/찌개류,11,서울특별시,11650,서초구,206
I20102,국/탕/찌개류,11,서울특별시,11680,강남구,320
I20102,국/탕/찌개류,11,서울특별시,11710,송파구,284
I20102,국/탕/찌개류,11,서울특별시,11740,강동구,190
I20103,족발/보쌈,11,서울특별시,11110,종로구,35
I20103,족발/보쌈,11,서울특별시,11140,중구,38
I20103,족발/보쌈,11,서울특별시,11170,용산구,27
I20103,족발/보쌈,11,서울특별시,11200,성동구,43
I20103,족발/보쌈,11,서울특별시,11215,광진구,49
I20103,족발/보쌈,11,서울특별시,11230,동대문구,49
I20103,족발/보쌈,11,서울특별시,11260,중랑구,45
I20103,족발/보쌈,11,서울특별시,11290,성북구,46
I20103,족발/보쌈,11,서울특별시,11305,강북구,56
I20103,족발/보쌈,11,서울특별시,11320,도봉구,36
I20103,족발/보쌈,11,서울특별시,11350,노원구,47
I20103,족발/보쌈,11,서울특별시,11380,은평구,47
I20103,족발/보쌈,11,서울특별시,11410,서대문구,41
I20103,족발/보쌈,11,서울특별시,11440,마포구,53
I20103,족발/보쌈,11,서울특별시,11470,양천구,47
I20103,족발/보쌈,11,서울특별시,11500,강서구,61
I20103,족발/보쌈,11,서울특별시,11530,구로구,38
I20103,족발/보쌈,11,서울특별시,11545,금천구,34
I20103,족발/보쌈,11,서울특별시,11560,영등포구,62
I20103,족발/보쌈,11,서울특별시,11590,동작구,49
I20103,족발/보쌈,11,서울특별시,11620,관악구,57
I20103,족발/보쌈,11,서울특별시,11650,서초구,53
I20103,족발/보쌈,11,서울특별시,11680,강남구,63
I20103,족발/보쌈,11,서울특별시,11710,송파구,72
I20103,족발/보쌈,11,서울특별시,11740,강동구,48
I20104,전/부침개,11,서울특별시,11110,종로구,13
I20104,전/부침개,11,서울특별시,11140,중구,8
I20104,전/부침개,11,서울특별시,11170,용산구,6
I20104,전/부침개,11,서울특별시,11200,성동구,7
I20104,전/부침개,11,서울특별시,11215,광진구,10
I20104,전/부침개,11,서울특별시,11230,동대문구,13
I20104,전/부침개,11,서울특별시,11260,중랑구,9
I20104,전/부침개,11,서울특별시,11290,성북구,2
I20104,전/부침개,11,서울특별시,11305,강북구,7
I20104,전/부침개,11,서울특별시,11320,도봉구,3
I20104,전/부침개,11,서울특별시,11350,노원구,2
I20104,전/부침개,11,서울특별시,11380,은평구,10
I20104,전/부침개,11,서울특별시,11410,서대문구,6
I20104,전/부침개,11,서울특별시,11440,마포구,9
I20104,전/부침개,11,서울특별시,11470,양천구,9
I20104,전/부침개,11,서울특별시,11500,강서구,7
I20104,전/부침개,11,서울특별시,11530,구로구,6
I20104,전/부침개,11,서울특별시,11545,금천구,3
I20104,전/부침개,11,서울특별시,11560,영등포구,10
I20104,전/부침개,11,서울특별시,11590,동작구,4
I20104,전/부침개,11,서울특별시,11620,관악구,7
I20104,전/부침개,11,서울특별시,11650,서초구,8
I20104,전/부침개,11,서울특별시,11680,강남구,13
I20104,전/부침개,11,서울특별시,11710,송파구,9
I20104,전/부침개,11,서울특별시,11740,강동구,7
I20105,국수/칼국수,11,서울특별시,11110,종로구,158
I20105,국수/칼국수,11,서울특별시,11140,중구,148
I20105,국수/칼국수,11,서울특별시,11170,용산구,63
I20105,국수/칼국수,11,서울특별시,11200,성동구,77
I20105,국수/칼국수,11,서울특별시,11215,광진구,94
I20105,국수/칼국수,11,서울특별시,11230,동대문구,106
I20105,국수/칼국수,11,서울특별시,11260,중랑구,105
I20105,국수/칼국수,11,서울특별시,11290,성북구,100
I20105,국수/칼국수,11,서울특별시,11305,강북구,88
I20105,국수/칼국수,11,서울특별시,11320,도봉구,67
I20105,국수/칼국수,11,서울특별시,11350,노원구,97
I20105,국수/칼국수,11,서울특별시,11380,은평구,116
I20105,국수/칼국수,11,서울특별시,11410,서대문구,79
I20105,국수/칼국수,11,서울특별시,11440,마포구,134
I20105,국수/칼국수,11,서울특별시,11470,양천구,100
I20105,국수/칼국수,11,서울특별시,11500,강서구,154
I20105,국수/칼국수,11,서울특별시,11530,구로구,124
I20105,국수/칼국수,11,서울특별시,11545,금천구,80
I20105,국수/칼국수,11,서울특별시,11560,영등포구,184
I20105,국수/칼국수,11,서울특별시,11590,동작구,79
I20105,국수/칼국수,11,서울특별시,11620,관악구,108
I20105,국수/칼국수,11,서울특별시,11650,서초구,126
I20105,국수/칼국수,11,서울특별시,11680,강남구,228
I20105,국수/칼국수,11,서울특별시,11710,송파구,184
I20105,국수/칼국수,11,서울특별시,11740,강동구,135
I20106,냉면/밀면,11,서울특별시,11110,종로구,28
I20106,냉면/밀면,11,서울특별시,11140,중구,29
I20106,냉면/밀면,11,서울특별시,11170,용산구,13
I20106,냉면/밀면,11,서울특별시,11200,성동구,22
I20106,냉면/밀면,11,서울특별시,11215,광진구,33
I20106,냉면/밀면,11,서울특별시,11230,동대문구,33
I20106,냉면/밀면,11,서울특별시,11260,중랑구,26
I20106,냉면/밀면,11,서울특별시,11290,성북구,26
I20106,냉면/밀면,11,서울특별시,11305,강북구,23
I20106,냉면/밀면,11,서울특별시,11320,도봉구,13
I20106,냉면/밀면,11,서울특별시,11350,노원구,14
I20106,냉면/밀면,11,서울특별시,11380,은평구,20
I20106,냉면/밀면,11,서울특별시,11410,서대문구,22
I20106,냉면/밀면,11,서울특별시,11440,마포구,20
I20106,냉면/밀면,11,서울특별시,11470,양천구,13
I20106,냉면/밀면,11,서울특별시,11500,강서구,35
I20106,냉면/밀면,11,서울특별시,11530,구로구,27
I20106,냉면/밀면,11,서울특별시,11545,금천구,20
I20106,냉면/밀면,11,서울특별시,11560,영등포구,31
I20106,냉면/밀면,11,서울특별시,11590,동작구,19
I20106,냉면/밀면,11,서울특별시,11620,관악구,32
I20106,냉면/밀면,11,서울특별시,11650,서초구,21
I20106,냉면/밀면,11,서울특별시,11680,강남구,43
I20106,냉면/밀면,11,서울특별시,11710,송파구,45
I20106,냉면/밀면,11,서울특별시,11740,강동구,29
I20107,돼지고기 구이/찜,11,서울특별시,11110,종로구,298
I20107,돼지고기 구이/찜,11,서울특별시,11140,중구,290
I20107,돼지고기 구이/찜,11,서울특별시,11170,용산구,236
I20107,돼지고기 구이/찜,11,서울특별시,11200,성동구,277
I20107,돼지고기 구이/찜,11,서울특별시,11215,광진구,309
I20107,돼지고기 구이/찜,11,서울특별시,11230,동대문구,267
I20107,돼지고기 구이/찜,11,서울특별시,11260,중랑구,326
I20107,돼지고기 구이/찜,11,서울특별시,11290,성북구,264
I20107,돼지고기 구이/찜,11,서울특별시,11305,강북구,257
I20107,돼지고기 구이/찜,11,서울특별시,11320,도봉구,183
I20107,돼지고기 구이/찜,11,서울특별시,11350,노원구,276
I20107,돼지고기 구이/찜,11,서울특별시,11380,은평구,302
I20107,돼지고기 구이/찜,11,서울특별시,11410,서대문구,232
I20107,돼지고기 구이/찜,11,서울특별시,11440,마포구,457
I20107,돼지고기 구이/찜,11,서울특별시,11470,양천구,212
I20107,돼지고기 구이/찜,11,서울특별시,11500,강서구,438
I20107,돼지고기 구이/찜,11,서울특별시,11530,구로구,303
I20107,돼지고기 구이/찜,11,서울특별시,11545,금천구,242
I20107,돼지고기 구이/찜,11,서울특별시,11560,영등포구,432
I20107,돼지고기 구이/찜,11,서울특별시,11590,동작구,217
I20107,돼지고기 구이/찜,11,서울특별시,11620,관악구,341
I20107,돼지고기 구이/찜,11,서울특별시,11650,서초구,318
I20107,돼지고기 구이/찜,11,서울특별시,11680,강남구,604
I20107,돼지고기 구이/찜,11,서울특별시,11710,송파구,460
I20107,돼지고기 구이/찜,11,서울특별시,11740,강동구,293
I20108,소고기 구이/찜,11,서울특별시,11110,종로구,41
I20108,소고기 구이/찜,11,서울특별시,11140,중구,31
I20108,소고기 구이/찜,11,서울특별시,11170,용산구,23
I20108,소고기 구이/찜,11,서울특별시,11200,성동구,27
I20108,소고기 구이/찜,11,서울특별시,11215,광진구,37
I20108,소고기 구이/찜,11,서울특별시,11230,동대문구,30
I20108,소고기 구이/찜,11,서울특별시,11260,중랑구,37
I20108,소고기 구이/찜,11,서울특별시,11290,성북구,30
I20108,소고기 구이/찜,11,서울특별시,11305,강북구,19
I20108,소고기 구이/찜,11,서울특별시,11320,도봉구,18
I20108,소고기 구이/찜,11,서울특별시,11350,노원구,38
I20108,소고기 구이/찜,11,서울특별시,11380,은평구,33
I20108,소고기 구이/찜,11,서울특별시,11410,서대문구,16
I20108,소고기 구이/찜,11,서울특별시,11440,마포구,38
I20108,소고기 구이/찜,11,서울특별시,11470,양천구,27
I20108,소고기 구이/찜,11,서울특별시,11500,강서구,56
I20108,소고기 구이/찜,11,서울특별시,11530,구로구,39
I20108,소고기 구이/찜,11,서울특별시,11545,금천구,20
I20108,소고기 구이/찜,11,서울특별시,11560,영등포구,60
I20108,소고기 구이/찜,11,서울특별시,11590,동작구,21
I20108,소고기 구이/찜,11,서울특별시,11620,관악구,34
I20108,소고기 구이/찜,11,서울특별시,11650,서초구,52
I20108,소고기 구이/찜,11,서울특별시,11680,강남구,85
I20108,소고기 구이/찜,11,서울특별시,11710,송파구,62
I20108,소고기 구이/찜,11,서울특별시,11740,강동구,37
I20109,곱창 전골/구이,11,서울특별시,11110,종로구,43
I20109,곱창 전골/구이,11,서울특별시,11140,중구,60
I20109,곱창 전골/구이,11,서울특별시,11170,용산구,24
I20109,곱창 전골/구이,11,서울특별시,11200,성동구,53
I20109,곱창 전골/구이,11,서울특별시,11215,광진구,67
I20109,곱창 전골/구이,11,서울특별시,11230,동대문구,61
I20109,곱창 전골/구이,11,서울특별시,11260,중랑구,77
I20109,곱창 전골/구이,11,서울특별시,11290,성북구,60
I20109,곱창 전골/구이,11,서울특별시,11305,강북구,54
I20109,곱창 전골/구이,11,서울특별시,11320,도봉구,36
I20109,곱창 전골/구이,11,서울특별시,11350,노원구,67
I20109,곱창 전골/구이,11,서울특별시,11380,은평구,54
I20109,곱창 전골/구이,11,서울특별시,11410,서대문구,50
I20109,곱창 전골/구이,11,서울특별시,11440,마포구,60
I20109,곱창 전골/구이,11,서울특별시,11470,양천구,31
I20109,곱창 전골/구이,11,서울특별시,11500,강서구,53
I20109,곱창 전골/구이,11,서울특별시,11530,구로구,53
I20109,곱창 전골/구이,11,서울특별시,11545,금천구,33
I20109,곱창 전골/구이,11,서울특별시,11560,영등포구,53
I20109,곱창 전골/구이,11,서울특별시,11590,동작구,44
I20109,곱창 전골/구이,11,서울특별시,11620,관악구,62
I20109,곱창 전골/구이,11,서울특별시,11650,서초구,48
I20109,곱창 전골/구이,11,서울특별시,11680,강남구,61
I20109,곱창 전골/구이,11,서울특별시,11710,송파구,71
I20109,곱창 전골/구이,11,서울특별시,11740,강동구,60
I20110,닭/오리고기 구이/찜,11,서울특별시,11110,종로구,35
I20110,닭/오리고기 구이/찜,11,서울특별시,11140,중구,54
I20110,닭/오리고기 구이/찜,11,서울특별시,11170,용산구,22
I20110,닭/오리고기 구이/찜,11,서울특별시,11200,성동구,31
I20110,닭/오리고기 구이/찜,11,서울특별시,11215,광진구,55
I20110,닭/오리고기 구이/찜,11,서울특별시,11230,동대문구,61
I20110,닭/오리고기 구이/찜,11,서울특별시,11260,중랑구,50
I20110,닭/오리고기 구이/찜,11,서울특별시,11290,성북구,53
I20110,닭/오리고기 구이/찜,11,서울특별시,11305,강북구,47
I20110,닭/오리고기 구이/찜,11,서울특별시,11320,도봉구,36
I20110,닭/오리고기 구이/찜,11,서울특별시,11350,노원구,65
I20110,닭/오리고기 구이/찜,11,서울특별시,11380,은평구,42
I20110,닭/오리고기 구이/찜,11,서울특별시,11410,서대문구,42
I20110,닭/오리고기 구이/찜,11,서울특별시,11440,마포구,64
I20110,닭/오리고기 구이/찜,11,서울특별시,11470,양천구,33
I20110,닭/오리고기 구이/찜,11,서울특별시,11500,강서구,72
I20110,닭/오리고기 구이/찜,11,서울특별시,11530,구로구,54
I20110,닭/오리고기 구이/찜,11,서울특별시,11545,금천구,28
I20110,닭/오리고기 구이/찜,11,서울특별시,11560,영등포구,60
I20110,닭/오리고기 구이/찜,11,서울특별시,11590,동작구,46
I20110,닭/오리고기 구이/찜,11,서울특별시,11620,관악구,64
I20110,닭/오리고기 구이/찜,11,서울특별시,11650,서초구,31
I20110,닭/오리고기 구이/찜,11,서울특별시,11680,강남구,65
I20110,닭/오리고기 구이/찜,11,서울특별시,11710,송파구,76
I20110,닭/오리고기 구이/찜,11,서울특별시,11740,강동구,63
I20111,횟집,11,서울특별시,11110,종로구,90
I20111,횟집,11,서울특별시,11140,중구,83
I20111,횟집,11,서울특별시,11170,용산구,63
I20111,횟집,11,서울특별시,11200,성동구,65
I20111,횟집,11,서울특별시,11215,광진구,69
I20111,횟집,11,서울특별시,11230,동대문구,69
I20111,횟집,11,서울특별시,11260,중랑구,80
I20111,횟집,11,서울특별시,11290,성북구,51
I20111,횟집,11,서울특별시,11305,강북구,52
I20111,횟집,11,서울특별시,11320,도봉구,47
I20111,횟집,11,서울특별시,11350,노원구,66
I20111,횟집,11,서울특별시,11380,은평구,76
I20111,횟집,11,서울특별시,11410,서대문구,48
I20111,횟집,11,서울특별시,11440,마포구,100
I20111,횟집,11,서울특별시,11470,양천구,56
I20111,횟집,11,서울특별시,11500,강서구,99
I20111,횟집,11,서울특별시,11530,구로구,70
I20111,횟집,11,서울특별시,11545,금천구,43
I20111,횟집,11,서울특별시,11560,영등포구,106
I20111,횟집,11,서울특별시,11590,동작구,87
I20111,횟집,11,서울특별시,11620,관악구,86
I20111,횟집,11,서울특별시,11650,서초구,93
I20111,횟집,11,서울특별시,11680,강남구,162
I20111,횟집,11,서울특별시,11710,송파구,134
I20111,횟집,11,서울특별시,11740,강동구,90
I20112,해산물 구이/찜,11,서울특별시,11110,종로구,68
I20112,해산물 구이/찜,11,서울특별시,11140,중구,59
I20112,해산물 구이/찜,11,서울특별시,11170,용산구,30
I20112,해산물 구이/찜,11,서울특별시,11200,성동구,50
I20112,해산물 구이/찜,11,서울특별시,11215,광진구,61
I20112,해산물 구이/찜,11,서울특별시,11230,동대문구,87
I20112,해산물 구이/찜,11,서울특별시,11260,중랑구,81
I20112,해산물 구이/찜,11,서울특별시,11290,성북구,70
I20112,해산물 구이/찜,11,서울특별시,11305,강북구,58
I20112,해산물 구이/찜,11,서울특별시,11320,도봉구,53
I20112,해산물 구이/찜,11,서울특별시,11350,노원구,61
I20112,해산물 구이/찜,11,서울특별시,11380,은평구,80
I20112,해산물 구이/찜,11,서울특별시,11410,서대문구,52
I20112,해산물 구이/찜,11,서울특별시,11440,마포구,87
I20112,해산물 구이/찜,11,서울특별시,11470,양천구,53
I20112,해산물 구이/찜,11,서울특별시,11500,강서구,105
I20112,해산물 구이/찜,11,서울특별시,11530,구로구,63
I20112,해산물 구이/찜,11,서울특별시,11545,금천구,42
I20112,해산물 구이/찜,11,서울특별시,11560,영등포구,89
I20112,해산물 구이/찜,11,서울특별시,11590,동작구,56
I20112,해산물 구이/찜,11,서울특별시,11620,관악구,88
I20112,해산물 구이/찜,11,서울특별시,11650,서초구,79
I20112,해산물 구이/찜,11,서울특별시,11680,강남구,102
I20112,해산물 구이/찜,11,서울특별시,11710,송파구,108
I20112,해산물 구이/찜,11,서울특별시,11740,강동구,81
I20113,복 요리 전문,11,서울특별시,11110,종로구,10
I20113,복 요리 전문,11,서울특별시,11140,중구,11
I20113,복 요리 전문,11,서울특별시,11170,용산구,1
I20113,복 요리 전문,11,서울특별시,11200,성동구,1
I20113,복 요리 전문,11,서울특별시,11215,광진구,1
I20113,복 요리 전문,11,서울특별시,11230,동대문구,2
I20113,복 요리 전문,11,서울특별시,11260,중랑구,2
I20113,복 요리 전문,11,서울특별시,11290,성북구,2
I20113,복 요리 전문,11,서울특별시,11305,강북구,2
I20113,복 요리 전문,11,서울특별시,11350,노원구,3
I20113,복 요리 전문,11,서울특별시,11410,서대문구,1
I20113,복 요리 전문,11,서울특별시,11500,강서구,5
I20113,복 요리 전문,11,서울특별시,11530,구로구,5
I20113,복 요리 전문,11,서울특별시,11545,금천구,2
I20113,복 요리 전문,11,서울특별시,11560,영등포구,5
I20113,복 요리 전문,11,서울특별시,11590,동작구,1
I20113,복 요리 전문,11,서울특별시,11620,관악구,1
I20113,복 요리 전문,11,서울특별시,11650,서초구,5
I20113,복 요리 전문,11,서울특별시,11680,강남구,12
I20113,복 요리 전문,11,서울특별시,11710,송파구,4
I20113,복 요리 전문,11,서울특별시,11740,강동구,2
I20199,기타 한식 음식점,11,서울특별시,11110,종로구,9
I20199,기타 한식 음식점,11,서울특별시,11140,중구,8
I20199,기타 한식 음식점,11,서울특별시,11170,용산구,5
I20199,기타 한식 음식점,11,서울특별시,11200,성동구,7
I20199,기타 한식 음식점,11,서울특별시,11215,광진구,8
I20199,기타 한식 음식점,11,서울특별시,11230,동대문구,19
I20199,기타 한식 음식점,11,서울특별시,11260,중랑구,14
I20199,기타 한식 음식점,11,서울특별시,11290,성북구,8
I20199,기타 한식 음식점,11,서울특별시,11305,강북구,5
I20199,기타 한식 음식점,11,서울특별시,11320,도봉구,6
I20199,기타 한식 음식점,11,서울특별시,11350,노원구,14
I20199,기타 한식 음식점,11,서울특별시,11380,은평구,10
I20199,기타 한식 음식점,11,서울특별시,11410,서대문구,13
I20199,기타 한식 음식점,11,서울특별시,11440,마포구,10
I20199,기타 한식 음식점,11,서울특별시,11470,양천구,11
I20199,기타 한식 음식점,11,서울특별시,11500,강서구,21
I20199,기타 한식 음식점,11,서울특별시,11530,구로구,10
I20199,기타 한식 음식점,11,서울특별시,11545,금천구,11
I20199,기타 한식 음식점,11,서울특별시,11560,영등포구,13
I20199,기타 한식 음식점,11,서울특별시,11590,동작구,7
I20199,기타 한식 음식점,11,서울특별시,11620,관악구,14
I20199,기타 한식 음식점,11,서울특별시,11650,서초구,6
I20199,기타 한식 음식점,11,서울특별시,11680,강남구,17
I20199,기타 한식 음식점,11,서울특별시,11710,송파구,20
I20199,기타 한식 음식점,11,서울특별시,11740,강동구,12
I20201,중국집,11,서울특별시,11110,종로구,178
I20201,중국집,11,서울특별시,11140,중구,198
I20201,중국집,11,서울특별시,11170,용산구,123
I20201,중국집,11,서울특별시,11200,성동구,116
I20201,중국집,11,서울특별시,11215,광진구,221
I20201,중국집,11,서울특별시,11230,동대문구,177
I20201,중국집,11,서울특별시,11260,중랑구,94
I20201,중국집,11,서울특별시,11290,성북구,133
I20201,중국집,11,서울특별시,11305,강북구,102
I20201,중국집,11,서울특별시,11320,도봉구,80
I20201,중국집,11,서울특별시,11350,노원구,131
I20201,중국집,11,서울특별시,11380,은평구,125
I20201,중국집,11,서울특별시,11410,서대문구,139
I20201,중국집,11,서울특별시,11440,마포구,283
I20201,중국집,11,서울특별시,11470,양천구,115
I20201,중국집,11,서울특별시,11500,강서구,237
I20201,중국집,11,서울특별시,11530,구로구,300
I20201,중국집,11,서울특별시,11545,금천구,173
I20201,중국집,11,서울특별시,11560,영등포구,482
I20201,중국집,11,서울특별시,11590,동작구,124
I20201,중국집,11,서울특별시,11620,관악구,191
I20201,중국집,11,서울특별시,11650,서초구,227
I20201,중국집,11,서울특별시,11680,강남구,387
I20201,중국집,11,서울특별시,11710,송파구,241
I20201,중국집,11,서울특별시,11740,강동구,139
I20202,마라탕/훠궈,11,서울특별시,11110,종로구,17
I20202,마라탕/훠궈,11,서울특별시,11140,중구,28
I20202,마라탕/훠궈,11,서울특별시,11170,용산구,19
I20202,마라탕/훠궈,11,서울특별시,11200,성동구,23
I20202,마라탕/훠궈,11,서울특별시,11215,광진구,33
I20202,마라탕/훠궈,11,서울특별시,11230,동대문구,35
I20202,마라탕/훠궈,11,서울특별시,11260,중랑구,16
I20202,마라탕/훠궈,11,서울특별시,11290,성북구,29
I20202,마라탕/훠궈,11,서울특별시,11305,강북구,19
I20202,마라탕/훠궈,11,서울특별시,11320,도봉구,10
I20202,마라탕/훠궈,11,서울특별시,11350,노원구,24
I20202,마라탕/훠궈,11,서울특별시,11380,은평구,21
I20202,마라탕/훠궈,11,서울특별시,11410,서대문구,38
I20202,마라탕/훠궈,11,서울특별시,11440,마포구,50
I20202,마라탕/훠궈,11,서울특별시,11470,양천구,29
I20202,마라탕/훠궈,11,서울특별시,11500,강서구,50
I20202,마라탕/훠궈,11,서울특별시,11530,구로구,50
I20202,마라탕/훠궈,11,서울특별시,11545,금천구,32
I20202,마라탕/훠궈,11,서울특별시,11560,영등포구,53
I20202,마라탕/훠궈,11,서울특별시,11590,동작구,27
I20202,마라탕/훠궈,11,서울특별시,11620,관악구,40
I20202,마라탕/훠궈,11,서울특별시,11650,서초구,22
I20202,마라탕/훠궈,11,서울특별시,11680,강남구,60
I20202,마라탕/훠궈,11,서울특별시,11710,송파구,46
I20202,마라탕/훠궈,11,서울특별시,11740,강동구,30
I20301,일식 회/초밥,11,서울특별시,11110,종로구,262
I20301,일식 회/초밥,11,서울특별시,11140,중구,275
I20301,일식 회/초밥,11,서울특별시,11170,용산구,241
I20301,일식 회/초밥,11,서울특별시,11200,성동구,217
I20301,일식 회/초밥,11,서울특별시,11215,광진구,229
I20301,일식 회/초밥,11,서울특별시,11230,동대문구,149
I20301,일식 회/초밥,11,서울특별시,11260,중랑구,112
I20301,일식 회/초밥,11,서울특별시,11290,성북구,137
I20301,일식 회/초밥,11,서울특별시,11305,강북구,97
I20301,일식 회/초밥,11,서울특별시,11320,도봉구,75
I20301,일식 회/초밥,11,서울특별시,11350,노원구,173
I20301,일식 회/초밥,11,서울특별시,11380,은평구,126
I20301,일식 회/초밥,11,서울특별시,11410,서대문구,160
I20301,일식 회/초밥,11,서울특별시,11440,마포구,599
I20301,일식 회/초밥,11,서울특별시,11470,양천구,128
I20301,일식 회/초밥,11,서울특별시,11500,강서구,266
I20301,일식 회/초밥,11,서울특별시,11530,구로구,136
I20301,일식 회/초밥,11,서울특별시,11545,금천구,104
I20301,일식 회/초밥,11,서울특별시,11560,영등포구,353
I20301,일식 회/초밥,11,서울특별시,11590,동작구,149
I20301,일식 회/초밥,11,서울특별시,11620,관악구,224
I20301,일식 회/초밥,11,서울특별시,11650,서초구,350
I20301,일식 회/초밥,11,서울특별시,11680,강남구,840
I20301,일식 회/초밥,11,서울특별시,11710,송파구,399
I20301,일식 회/초밥,11,서울특별시,11740,강동구,188
I20302,일식 카레/돈가스/덮밥,11,서울특별시,11110,종로구,20
I20302,일식 카레/돈가스/덮밥,11,서울특별시,11140,중구,21
I20302,일식 카레/돈가스/덮밥,11,서울특별시,11170,용산구,17
I20302,일식 카레/돈가스/덮밥,11,서울특별시,11200,성동구,22
I20302,일식 카레/돈가스/덮밥,11,서울특별시,11215,광진구,16
I20302,일식 카레/돈가스/덮밥,11,서울특별시,11230,동대문구,16
I20302,일식 카레/돈가스/덮밥,11,서울특별시,11260,중랑구,7
I20302,일식 카레/돈가스/덮밥,11,서울특별시,11290,성북구,17
I20302,일식 카레/돈가스/덮밥,11,서울특별시,11305,강북구,7
I20302,일식 카레/돈가스/덮밥,11,서울특별시,11320,도봉구,9
I20302,일식 카레/돈가스/덮밥,11,서울특별시,11350,노원구,21
I20302,일식 카레/돈가스/덮밥,11,서울특별시,11380,은평구,13
I20302,일식 카레/돈가스/덮밥,11,서울특별시,11410,서대문구,15
I20302,일식 카레/돈가스/덮밥,11,서울특별시,11440,마포구,43
I20302,일식 카레/돈가스/덮밥,11,서울특별시,11470,양천구,13
I20302,일식 카레/돈가스/덮밥,11,서울특별시,11500,강서구,34
I20302,일식 카레/돈가스/덮밥,11,서울특별시,11530,구로구,17
I20302,일식 카레/돈가스/덮밥,11,서울특별시,11545,금천구,14
I20302,일식 카레/돈가스/덮밥,11,서울특별시,11560,영등포구,28
I20302,일식 카레/돈가스/덮밥,11,서울특별시,11590,동작구,23
I20302,일식 카레/돈가스/덮밥,11,서울특별시,11620,관악구,16
I20302,일식 카레/돈가스/덮밥,11,서울특별시,11650,서초구,32
I20302,일식 카레/돈가스/덮밥,11,서울특별시,11680,강남구,60
I20302,일식 카레/돈가스/덮밥,11,서울특별시,11710,송파구,54
I20302,일식 카레/돈가스/덮밥,11,서울특별시,11740,강동구,17
I20303,일식 면 요리,11,서울특별시,11110,종로구,31
I20303,일식 면 요리,11,서울특별시,11140,중구,30
I20303,일식 면 요리,11,서울특별시,11170,용산구,20
I20303,일식 면 요리,11,서울특별시,11200,성동구,21
I20303,일식 면 요리,11,서울특별시,11215,광진구,29
I20303,일식 면 요리,11,서울특별시,11230,동대문구,21
I20303,일식 면 요리,11,서울특별시,11260,중랑구,16
I20303,일식 면 요리,11,서울특별시,11290,성북구,18
I20303,일식 면 요리,11,서울특별시,11305,강북구,15
I20303,일식 면 요리,11,서울특별시,11320,도봉구,10
I20303,일식 면 요리,11,서울특별시,11350,노원구,16
I20303,일식 면 요리,11,서울특별시,11380,은평구,22
I20303,일식 면 요리,11,서울특별시,11410,서대문구,26
I20303,일식 면 요리,11,서울특별시,11440,마포구,56
I20303,일식 면 요리,11,서울특별시,11470,양천구,19
I20303,일식 면 요리,11,서울특별시,11500,강서구,25
I20303,일식 면 요리,11,서울특별시,11530,구로구,25
I20303,일식 면 요리,11,서울특별시,11545,금천구,10
I20303,일식 면 요리,11,서울특별시,11560,영등포구,33
I20303,일식 면 요리,11,서울특별시,11590,동작구,14
I20303,일식 면 요리,11,서울특별시,11620,관악구,26
I20303,일식 면 요리,11,서울특별시,11650,서초구,29
I20303,일식 면 요리,11,서울특별시,11680,강남구,42
I20303,일식 면 요리,11,서울특별시,11710,송파구,33
I20303,일식 면 요리,11,서울특별시,11740,강동구,16
I20399,기타 일식 음식점,11,서울특별시,11110,종로구,6
I20399,기타 일식 음식점,11,서울특별시,11140,중구,4
I20399,기타 일식 음식점,11,서울특별시,11170,용산구,8
I20399,기타 일식 음식점,11,서울특별시,11200,성동구,5
I20399,기타 일식 음식점,11,서울특별시,11215,광진구,6
I20399,기타 일식 음식점,11,서울특별시,11230,동대문구,3
I20399,기타 일식 음식점,11,서울특별시,11260,중랑구,3
I20399,기타 일식 음식점,11,서울특별시,11290,성북구,2
I20399,기타 일식 음식점,11,서울특별시,11320,도봉구,4
I20399,기타 일식 음식점,11,서울특별시,11350,노원구,7
I20399,기타 일식 음식점,11,서울특별시,11380,은평구,1
I20399,기타 일식 음식점,11,서울특별시,11410,서대문구,4
I20399,기타 일식 음식점,11,서울특별시,11440,마포구,18
I20399,기타 일식 음식점,11,서울특별시,11470,양천구,1
I20399,기타 일식 음식점,11,서울특별시,11500,강서구,4
I20399,기타 일식 음식점,11,서울특별시,11530,구로구,7
I20399,기타 일식 음식점,11,서울특별시,11545,금천구,1
I20399,기타 일식 음식점,11,서울특별시,11560,영등포구,7
I20399,기타 일식 음식점,11,서울특별시,11590,동작구,2
I20399,기타 일식 음식점,11,서울특별시,11620,관악구,5
I20399,기타 일식 음식점,11,서울특별시,11650,서초구,4
I20399,기타 일식 음식점,11,서울특별시,11680,강남구,14
I20399,기타 일식 음식점,11,서울특별시,11710,송파구,12
I20399,기타 일식 음식점,11,서울특별시,11740,강동구,5
I20401,경양식,11,서울특별시,11110,종로구,400
I20401,경양식,11,서울특별시,11140,중구,317
I20401,경양식,11,서울특별시,11170,용산구,673
I20401,경양식,11,서울특별시,11200,성동구,283
I20401,경양식,11,서울특별시,11215,광진구,179
I20401,경양식,11,서울특별시,11230,동대문구,131
I20401,경양식,11,서울특별시,11260,중랑구,64
I20401,경양식,11,서울특별시,11290,성북구,133
I20401,경양식,11,서울특별시,11305,강북구,81
I20401,경양식,11,서울특별시,11320,도봉구,45
I20401,경양식,11,서울특별시,11350,노원구,112
I20401,경양식,11,서울특별시,11380,은평구,102
I20401,경양식,11,서울특별시,11410,서대문구,148
I20401,경양식,11,서울특별시,11440,마포구,616
I20401,경양식,11,서울특별시,11470,양천구,96
I20401,경양식,11,서울특별시,11500,강서구,170
I20401,경양식,11,서울특별시,11530,구로구,67
I20401,경양식,11,서울특별시,11545,금천구,48
I20401,경양식,11,서울특별시,11560,영등포구,230
I20401,경양식,11,서울특별시,11590,동작구,100
I20401,경양식,11,서울특별시,11620,관악구,150
I20401,경양식,11,서울특별시,11650,서초구,363
I20401,경양식,11,서울특별시,11680,강남구,966
I20401,경양식,11,서울특별시,11710,송파구,340
I20401,경양식,11,서울특별시,11740,강동구,127
I20402,파스타/스테이크,11,서울특별시,11110,종로구,17
I20402,파스타/스테이크,11,서울특별시,11140,중구,13
I20402,파스타/스테이크,11,서울특별시,11170,용산구,12
I20402,파스타/스테이크,11,서울특별시,11200,성동구,12
I20402,파스타/스테이크,11,서울특별시,11215,광진구,20
I20402,파스타/스테이크,11,서울특별시,11230,동대문구,20
I20402,파스타/스테이크,11,서울특별시,11260,중랑구,15
I20402,파스타/스테이크,11,서울특별시,11290,성북구,23
I20402,파스타/스테이크,11,서울특별시,11305,강북구,18
I20402,파스타/스테이크,11,서울특별시,11320,도봉구,4
I20402,파스타/스테이크,11,서울특별시,11350,노원구,27
I20402,파스타/스테이크,11,서울특별시,11380,은평구,15
I20402,파스타/스테이크,11,서울특별시,11410,서대문구,22
I20402,파스타/스테이크,11,서울특별시,11440,마포구,41
I20402,파스타/스테이크,11,서울특별시,11470,양천구,14
I20402,파스타/스테이크,11,서울특별시,11500,강서구,35
I20402,파스타/스테이크,11,서울특별시,11530,구로구,12
I20402,파스타/스테이크,11,서울특별시,11545,금천구,8
I20402,파스타/스테이크,11,서울특별시,11560,영등포구,25
I20402,파스타/스테이크,11,서울특별시,11590,동작구,14
I20402,파스타/스테이크,11,서울특별시,11620,관악구,31
I20402,파스타/스테이크,11,서울특별시,11650,서초구,20
I20402,파스타/스테이크,11,서울특별시,11680,강남구,56
I20402,파스타/스테이크,11,서울특별시,11710,송파구,26
I20402,파스타/스테이크,11,서울특별시,11740,강동구,23
I20403,패밀리레스토랑,11,서울특별시,11110,종로구,4
I20403,패밀리레스토랑,11,서울특별시,11140,중구,3
I20403,패밀리레스토랑,11,서울특별시,11170,용산구,1
I20403,패밀리레스토랑,11,서울특별시,11200,성동구,1
I20403,패밀리레스토랑,11,서울특별시,11215,광진구,2
I20403,패밀리레스토랑,11,서울특별시,11230,동대문구,2
I20403,패밀리레스토랑,11,서울특별시,11260,중랑구,2
I20403,패밀리레스토랑,11,서울특별시,11290,성북구,1
I20403,패밀리레스토랑,11,서울특별시,11305,강북구,1
I20403,패밀리레스토랑,11,서울특별시,11320,도봉구,2
I20403,패밀리레스토랑,11,서울특별시,11350,노원구,4
I20403,패밀리레스토랑,11,서울특별시,11380,은평구,4
I20403,패밀리레스토랑,11,서울특별시,11410,서대문구,4
I20403,패밀리레스토랑,11,서울특별시,11440,마포구,5
I20403,패밀리레스토랑,11,서울특별시,11470,양천구,5
I20403,패밀리레스토랑,11,서울특별시,11500,강서구,7
I20403,패밀리레스토랑,11,서울특별시,11530,구로구,2
I20403,패밀리레스토랑,11,서울특별시,11545,금천구,1
I20403,패밀리레스토랑,11,서울특별시,11560,영등포구,8
I20403,패밀리레스토랑,11,서울특별시,11590,동작구,1
I20403,패밀리레스토랑,11,서울특별시,11620,관악구,3
I20403,패밀리레스토랑,11,서울특별시,11650,서초구,6
I20403,패밀리레스토랑,11,서울특별시,11680,강남구,9
I20403,패밀리레스토랑,11,서울특별시,11710,송파구,9
I20403,패밀리레스토랑,11,서울특별시,11740,강동구,2
I20499,기타 서양식 음식점,11,서울특별시,11110,종로구,11
I20499,기타 서양식 음식점,11,서울특별시,11140,중구,12
I20499,기타 서양식 음식점,11,서울특별시,11170,용산구,20
I20499,기타 서양식 음식점,11,서울특별시,11200,성동구,13
I20499,기타 서양식 음식점,11,서울특별시,11215,광진구,14
I20499,기타 서양식 음식점,11,서울특별시,11230,동대문구,9
I20499,기타 서양식 음식점,11,서울특별시,11260,중랑구,3
I20499,기타 서양식 음식점,11,서울특별시,11290,성북구,15
I20499,기타 서양식 음식점,11,서울특별시,11305,강북구,9
I20499,기타 서양식 음식점,11,서울특별시,11320,도봉구,11
I20499,기타 서양식 음식점,11,서울특별시,11350,노원구,12
I20499,기타 서양식 음식점,11,서울특별시,11380,은평구,8
I20499,기타 서양식 음식점,11,서울특별시,11410,서대문구,16
I20499,기타 서양식 음식점,11,서울특별시,11440,마포구,28
I20499,기타 서양식 음식점,11,서울특별시,11470,양천구,9
I20499,기타 서양식 음식점,11,서울특별시,11500,강서구,20
I20499,기타 서양식 음식점,11,서울특별시,11530,구로구,7
I20499,기타 서양식 음식점,11,서울특별시,11545,금천구,5
I20499,기타 서양식 음식점,11,서울특별시,11560,영등포구,6
I20499,기타 서양식 음식점,11,서울특별시,11590,동작구,8
I20499,기타 서양식 음식점,11,서울특별시,11620,관악구,17
I20499,기타 서양식 음식점,11,서울특별시,11650,서초구,16
I20499,기타 서양식 음식점,11,서울특별시,11680,강남구,43
I20499,기타 서양식 음식점,11,서울특별시,11710,송파구,22
I20499,기타 서양식 음식점,11,서울특별시,11740,강동구,13
I20501,베트남식 전문,11,서울특별시,11110,종로구,113
I20501,베트남식 전문,11,서울특별시,11140,중구,114
I20501,베트남식 전문,11,서울특별시,11170,용산구,110
I20501,베트남식 전문,11,서울특별시,11200,성동구,54
I20501,베트남식 전문,11,서울특별시,11215,광진구,63
I20501,베트남식 전문,11,서울특별시,11230,동대문구,50
I20501,베트남식 전문,11,서울특별시,11260,중랑구,28
I20501,베트남식 전문,11,서울특별시,11290,성북구,51
I20501,베트남식 전문,11,서울특별시,11305,강북구,21
I20501,베트남식 전문,11,서울특별시,11320,도봉구,19
I20501,베트남식 전문,11,서울특별시,11350,노원구,36
I20501,베트남식 전문,11,서울특별시,11380,은평구,40
I20501,베트남식 전문,11,서울특별시,11410,서대문구,43
I20501,베트남식 전문,11,서울특별시,11440,마포구,130
I20501,베트남식 전문,11,서울특별시,11470,양천구,35
I20501,베트남식 전문,11,서울특별시,11500,강서구,52
I20501,베트남식 전문,11,서울특별시,11530,구로구,40
I20501,베트남식 전문,11,서울특별시,11545,금천구,37
I20501,베트남식 전문,11,서울특별시,11560,영등포구,83
I20501,베트남식 전문,11,서울특별시,11590,동작구,40
I20501,베트남식 전문,11,서울특별시,11620,관악구,48
I20501,베트남식 전문,11,서울특별시,11650,서초구,92
I20501,베트남식 전문,11,서울특별시,11680,강남구,171
I20501,베트남식 전문,11,서울특별시,11710,송파구,100
I20501,베트남식 전문,11,서울특별시,11740,강동구,51
I20599,기타 동남아식 전문,11,서울특별시,11110,종로구,8
I20599,기타 동남아식 전문,11,서울특별시,11140,중구,9
I20599,기타 동남아식 전문,11,서울특별시,11170,용산구,2
I20599,기타 동남아식 전문,11,서울특별시,11200,성동구,3
I20599,기타 동남아식 전문,11,서울특별시,11215,광진구,2
I20599,기타 동남아식 전문,11,서울특별시,11230,동대문구,5
I20599,기타 동남아식 전문,11,서울특별시,11260,중랑구,2
I20599,기타 동남아식 전문,11,서울특별시,11290,성북구,1
I20599,기타 동남아식 전문,11,서울특별시,11305,강북구,3
I20599,기타 동남아식 전문,11,서울특별시,11320,도봉구,1
I20599,기타 동남아식 전문,11,서울특별시,11350,노원구,2
I20599,기타 동남아식 전문,11,서울특별시,11380,은평구,4
I20599,기타 동남아식 전문,11,서울특별시,11410,서대문구,3
I20599,기타 동남아식 전문,11,서울특별시,11440,마포구,14
I20599,기타 동남아식 전문,11,서울특별시,11470,양천구,4
I20599,기타 동남아식 전문,11,서울특별시,11500,강서구,7
I20599,기타 동남아식 전문,11,서울특별시,11530,구로구,4
I20599,기타 동남아식 전문,11,서울특별시,11560,영등포구,7
I20599,기타 동남아식 전문,11,서울특별시,11590,동작구,4
I20599,기타 동남아식 전문,11,서울특별시,11620,관악구,6
I20599,기타 동남아식 전문,11,서울특별시,11650,서초구,8
I20599,기타 동남아식 전문,11,서울특별시,11680,강남구,15
I20599,기타 동남아식 전문,11,서울특별시,11710,송파구,12
I20599,기타 동남아식 전문,11,서울특별시,11740,강동구,4
I20601,분류 안된 외국식 음식점,11,서울특별시,11110,종로구,6
I20601,분류 안된 외국식 음식점,11,서울특별시,11140,중구,3
I20601,분류 안된 외국식 음식점,11,서울특별시,11170,용산구,1
I20601,분류 안된 외국식 음식점,11,서울특별시,11200,성동구,1
I20601,분류 안된 외국식 음식점,11,서울특별시,11440,마포구,3
I20601,분류 안된 외국식 음식점,11,서울특별시,11470,양천구,1
I20601,분류 안된 외국식 음식점,11,서울특별시,11500,강서구,2
I20601,분류 안된 외국식 음식점,11,서울특별시,11530,구로구,3
I20601,분류 안된 외국식 음식점,11,서울특별시,11545,금천구,4
I20601,분류 안된 외국식 음식점,11,서울특별시,11560,영등포구,6
I20601,분류 안된 외국식 음식점,11,서울특별시,11650,서초구,1
I20601,분류 안된 외국식 음식점,11,서울특별시,11680,강남구,2
I20601,분류 안된 외국식 음식점,11,서울특별시,11710,송파구,2
I20601,분류 안된 외국식 음식점,11,서울특별시,11740,강동구,1
I20701,구내식당,11,서울특별시,11110,종로구,43
I20701,구내식당,11,서울특별시,11140,중구,71
I20701,구내식당,11,서울특별시,11170,용산구,45
I20701,구내식당,11,서울특별시,11200,성동구,23
I20701,구내식당,11,서울특별시,11215,광진구,19
I20701,구내식당,11,서울특별시,11230,동대문구,15
I20701,구내식당,11,서울특별시,11260,중랑구,16
I20701,구내식당,11,서울특별시,11290,성북구,34
I20701,구내식당,11,서울특별시,11305,강북구,15
I20701,구내식당,11,서울특별시,11320,도봉구,11
I20701,구내식당,11,서울특별시,11350,노원구,24
I20701,구내식당,11,서울특별시,11380,은평구,22
I20701,구내식당,11,서울특별시,11410,서대문구,27
I20701,구내식당,11,서울특별시,11440,마포구,38
I20701,구내식당,11,서울특별시,11470,양천구,31
I20701,구내식당,11,서울특별시,11500,강서구,52
I20701,구내식당,11,서울특별시,11530,구로구,32
I20701,구내식당,11,서울특별시,11545,금천구,47
I20701,구내식당,11,서울특별시,11560,영등포구,53
I20701,구내식당,11,서울특별시,11590,동작구,17
I20701,구내식당,11,서울특별시,11620,관악구,17
I20701,구내식당,11,서울특별시,11650,서초구,69
I20701,구내식당,11,서울특별시,11680,강남구,105
I20701,구내식당,11,서울특별시,11710,송파구,47
I20701,구내식당,11,서울특별시,11740,강동구,26
I20702,뷔페,11,서울특별시,11110,종로구,4
I20702,뷔페,11,서울특별시,11140,중구,5
I20702,뷔페,11,서울특별시,11170,용산구,2
I20702,뷔페,11,서울특별시,11200,성동구,4
I20702,뷔페,11,서울특별시,11215,광진구,8
I20702,뷔페,11,서울특별시,11230,동대문구,11
I20702,뷔페,11,서울특별시,11260,중랑구,6
I20702,뷔페,11,서울특별시,11290,성북구,1
I20702,뷔페,11,서울특별시,11305,강북구,2
I20702,뷔페,11,서울특별시,11320,도봉구,2
I20702,뷔페,11,서울특별시,11350,노원구,6
I20702,뷔페,11,서울특별시,11380,은평구,10
I20702,뷔페,11,서울특별시,11410,서대문구,4
I20702,뷔페,11,서울특별시,11440,마포구,4
I20702,뷔페,11,서울특별시,11470,양천구,1
I20702,뷔페,11,서울특별시,11500,강서구,12
I20702,뷔페,11,서울특별시,11530,구로구,11
I20702,뷔페,11,서울특별시,11545,금천구,16
I20702,뷔페,11,서울특별시,11560,영등포구,10
I20702,뷔페,11,서울특별시,11590,동작구,8
I20702,뷔페,11,서울특별시,11620,관악구,3
I20702,뷔페,11,서울특별시,11650,서초구,11
I20702,뷔페,11,서울특별시,11680,강남구,12
I20702,뷔페,11,서울특별시,11710,송파구,6
I20702,뷔페,11,서울특별시,11740,강동구,9
I21001,빵/도넛,11,서울특별시,11110,종로구,236
I21001,빵/도넛,11,서울특별시,11140,중구,202
I21001,빵/도넛,11,서울특별시,11170,용산구,245
I21001,빵/도넛,11,서울특별시,11200,성동구,240
I21001,빵/도넛,11,서울특별시,11215,광진구,210
I21001,빵/도넛,11,서울특별시,11230,동대문구,190
I21001,빵/도넛,11,서울특별시,11260,중랑구,168
I21001,빵/도넛,11,서울특별시,11290,성북구,214
I21001,빵/도넛,11,서울특별시,11305,강북구,118
I21001,빵/도넛,11,서울특별시,11320,도봉구,138
I21001,빵/도넛,11,서울특별시,11350,노원구,233
I21001,빵/도넛,11,서울특별시,11380,은평구,222
I21001,빵/도넛,11,서울특별시,11410,서대문구,206
I21001,빵/도넛,11,서울특별시,11440,마포구,488
I21001,빵/도넛,11,서울특별시,11470,양천구,222
I21001,빵/도넛,11,서울특별시,11500,강서구,339
I21001,빵/도넛,11,서울특별시,11530,구로구,186
I21001,빵/도넛,11,서울특별시,11545,금천구,132
I21001,빵/도넛,11,서울특별시,11560,영등포구,275
I21001,빵/도넛,11,서울특별시,11590,동작구,179
I21001,빵/도넛,11,서울특별시,11620,관악구,228
I21001,빵/도넛,11,서울특별시,11650,서초구,310
I21001,빵/도넛,11,서울특별시,11680,강남구,470
I21001,빵/도넛,11,서울특별시,11710,송파구,386
I21001,빵/도넛,11,서울특별시,11740,강동구,282
I21002,떡/한과,11,서울특별시,11110,종로구,25
I21002,떡/한과,11,서울특별시,11140,중구,26
I21002,떡/한과,11,서울특별시,11170,용산구,18
I21002,떡/한과,11,서울특별시,11200,성동구,31
I21002,떡/한과,11,서울특별시,11215,광진구,41
I21002,떡/한과,11,서울특별시,11230,동대문구,37
I21002,떡/한과,11,서울특별시,11260,중랑구,50
I21002,떡/한과,11,서울특별시,11290,성북구,58
I21002,떡/한과,11,서울특별시,11305,강북구,45
I21002,떡/한과,11,서울특별시,11320,도봉구,42
I21002,떡/한과,11,서울특별시,11350,노원구,47
I21002,떡/한과,11,서울특별시,11380,은평구,39
I21002,떡/한과,11,서울특별시,11410,서대문구,36
I21002,떡/한과,11,서울특별시,11440,마포구,35
I21002,떡/한과,11,서울특별시,11470,양천구,57
I21002,떡/한과,11,서울특별시,11500,강서구,63
I21002,떡/한과,11,서울특별시,11530,구로구,39
I21002,떡/한과,11,서울특별시,11545,금천구,26
I21002,떡/한과,11,서울특별시,11560,영등포구,41
I21002,떡/한과,11,서울특별시,11590,동작구,49
I21002,떡/한과,11,서울특별시,11620,관악구,54
I21002,떡/한과,11,서울특별시,11650,서초구,34
I21002,떡/한과,11,서울특별시,11680,강남구,46
I21002,떡/한과,11,서울특별시,11710,송파구,75
I21002,떡/한과,11,서울특별시,11740,강동구,49
I21003,피자,11,서울특별시,11110,종로구,133
I21003,피자,11,서울특별시,11140,중구,102
I21003,피자,11,서울특별시,11170,용산구,127
I21003,피자,11,서울특별시,11200,성동구,129
I21003,피자,11,서울특별시,11215,광진구,126
I21003,피자,11,서울특별시,11230,동대문구,112
I21003,피자,11,서울특별시,11260,중랑구,80
I21003,피자,11,서울특별시,11290,성북구,114
I21003,피자,11,서울특별시,11305,강북구,74
I21003,피자,11,서울특별시,11320,도봉구,55
I21003,피자,11,서울특별시,11350,노원구,120
I21003,피자,11,서울특별시,11380,은평구,125
I21003,피자,11,서울특별시,11410,서대문구,119
I21003,피자,11,서울특별시,11440,마포구,218
I21003,피자,11,서울특별시,11470,양천구,106
I21003,피자,11,서울특별시,11500,강서구,183
I21003,피자,11,서울특별시,11530,구로구,101
I21003,피자,11,서울특별시,11545,금천구,76
I21003,피자,11,서울특별시,11560,영등포구,165
I21003,피자,11,서울특별시,11590,동작구,121
I21003,피자,11,서울특별시,11620,관악구,154
I21003,피자,11,서울특별시,11650,서초구,173
I21003,피자,11,서울특별시,11680,강남구,328
I21003,피자,11,서울특별시,11710,송파구,246
I21003,피자,11,서울특별시,11740,강동구,149
I21004,버거,11,서울특별시,11110,종로구,30
I21004,버거,11,서울특별시,11140,중구,33
I21004,버거,11,서울특별시,11170,용산구,34
I21004,버거,11,서울특별시,11200,성동구,32
I21004,버거,11,서울특별시,11215,광진구,44
I21004,버거,11,서울특별시,11230,동대문구,31
I21004,버거,11,서울특별시,11260,중랑구,31
I21004,버거,11,서울특별시,11290,성북구,42
I21004,버거,11,서울특별시,11305,강북구,19
I21004,버거,11,서울특별시,11320,도봉구,23
I21004,버거,11,서울특별시,11350,노원구,47
I21004,버거,11,서울특별시,11380,은평구,43
I21004,버거,11,서울특별시,11410,서대문구,41
I21004,버거,11,서울특별시,11440,마포구,54
I21004,버거,11,서울특별시,11470,양천구,38
I21004,버거,11,서울특별시,11500,강서구,59
I21004,버거,11,서울특별시,11530,구로구,34
I21004,버거,11,서울특별시,11545,금천구,29
I21004,버거,11,서울특별시,11560,영등포구,49
I21004,버거,11,서울특별시,11590,동작구,37
I21004,버거,11,서울특별시,11620,관악구,48
I21004,버거,11,서울특별시,11650,서초구,62
I21004,버거,11,서울특별시,11680,강남구,81
I21004,버거,11,서울특별시,11710,송파구,68
I21004,버거,11,서울특별시,11740,강동구,42
I21005,토스트/샌드위치/샐러드,11,서울특별시,11110,종로구,43
I21005,토스트/샌드위치/샐러드,11,서울특별시,11140,중구,40
I21005,토스트/샌드위치/샐러드,11,서울특별시,11170,용산구,21
I21005,토스트/샌드위치/샐러드,11,서울특별시,11200,성동구,27
I21005,토스트/샌드위치/샐러드,11,서울특별시,11215,광진구,24
I21005,토스트/샌드위치/샐러드,11,서울특별시,11230,동대문구,21
I21005,토스트/샌드위치/샐러드,11,서울특별시,11260,중랑구,23
I21005,토스트/샌드위치/샐러드,11,서울특별시,11290,성북구,30
I21005,토스트/샌드위치/샐러드,11,서울특별시,11305,강북구,11
I21005,토스트/샌드위치/샐러드,11,서울특별시,11320,도봉구,12
I21005,토스트/샌드위치/샐러드,11,서울특별시,11350,노원구,29
I21005,토스트/샌드위치/샐러드,11,서울특별시,11380,은평구,26
I21005,토스트/샌드위치/샐러드,11,서울특별시,11410,서대문구,29
I21005,토스트/샌드위치/샐러드,11,서울특별시,11440,마포구,42
I21005,토스트/샌드위치/샐러드,11,서울특별시,11470,양천구,20
I21005,토스트/샌드위치/샐러드,11,서울특별시,11500,강서구,48
I21005,토스트/샌드위치/샐러드,11,서울특별시,11530,구로구,20
I21005,토스트/샌드위치/샐러드,11,서울특별시,11545,금천구,19
I21005,토스트/샌드위치/샐러드,11,서울특별시,11560,영등포구,54
I21005,토스트/샌드위치/샐러드,11,서울특별시,11590,동작구,24
I21005,토스트/샌드위치/샐러드,11,서울특별시,11620,관악구,32
I21005,토스트/샌드위치/샐러드,11,서울특별시,11650,서초구,46
I21005,토스트/샌드위치/샐러드,11,서울특별시,11680,강남구,78
I21005,토스트/샌드위치/샐러드,11,서울특별시,11710,송파구,54
I21005,토스트/샌드위치/샐러드,11,서울특별시,11740,강동구,38
I21006,치킨,11,서울특별시,11110,종로구,142
I21006,치킨,11,서울특별시,11140,중구,138
I21006,치킨,11,서울특별시,11170,용산구,116
I21006,치킨,11,서울특별시,11200,성동구,170
I21006,치킨,11,서울특별시,11215,광진구,221
I21006,치킨,11,서울특별시,11230,동대문구,216
I21006,치킨,11,서울특별시,11260,중랑구,210
I21006,치킨,11,서울특별시,11290,성북구,241
I21006,치킨,11,서울특별시,11305,강북구,170
I21006,치킨,11,서울특별시,11320,도봉구,186
I21006,치킨,11,서울특별시,11350,노원구,271
I21006,치킨,11,서울특별시,11380,은평구,249
I21006,치킨,11,서울특별시,11410,서대문구,189
I21006,치킨,11,서울특별시,11440,마포구,265
I21006,치킨,11,서울특별시,11470,양천구,227
I21006,치킨,11,서울특별시,11500,강서구,317
I21006,치킨,11,서울특별시,11530,구로구,243
I21006,치킨,11,서울특별시,11545,금천구,159
I21006,치킨,11,서울특별시,11560,영등포구,264
I21006,치킨,11,서울특별시,11590,동작구,197
I21006,치킨,11,서울특별시,11620,관악구,275
I21006,치킨,11,서울특별시,11650,서초구,181
I21006,치킨,11,서울특별시,11680,강남구,312
I21006,치킨,11,서울특별시,11710,송파구,355
I21006,치킨,11,서울특별시,11740,강동구,246
I21007,김밥/만두/분식,11,서울특별시,11110,종로구,311
I21007,김밥/만두/분식,11,서울특별시,11140,중구,318
I21007,김밥/만두/분식,11,서울특별시,11170,용산구,240
I21007,김밥/만두/분식,11,서울특별시,11200,성동구,228
I21007,김밥/만두/분식,11,서울특별시,11215,광진구,287
I21007,김밥/만두/분식,11,서울특별시,11230,동대문구,311
I21007,김밥/만두/분식,11,서울특별시,11260,중랑구,264
I21007,김밥/만두/분식,11,서울특별시,11290,성북구,309
I21007,김밥/만두/분식,11,서울특별시,11305,강북구,234
I21007,김밥/만두/분식,11,서울특별시,11320,도봉구,188
I21007,김밥/만두/분식,11,서울특별시,11350,노원구,310
I21007,김밥/만두/분식,11,서울특별시,11380,은평구,314
I21007,김밥/만두/분식,11,서울특별시,11410,서대문구,299
I21007,김밥/만두/분식,11,서울특별시,11440,마포구,424
I21007,김밥/만두/분식,11,서울특별시,11470,양천구,258
I21007,김밥/만두/분식,11,서울특별시,11500,강서구,434
I21007,김밥/만두/분식,11,서울특별시,11530,구로구,309
I21007,김밥/만두/분식,11,서울특별시,11545,금천구,244
I21007,김밥/만두/분식,11,서울특별시,11560,영등포구,404
I21007,김밥/만두/분식,11,서울특별시,11590,동작구,267
I21007,김밥/만두/분식,11,서울특별시,11620,관악구,368
I21007,김밥/만두/분식,11,서울특별시,11650,서초구,388
I21007,김밥/만두/분식,11,서울특별시,11680,강남구,561
I21007,김밥/만두/분식,11,서울특별시,11710,송파구,491
I21007,김밥/만두/분식,11,서울특별시,11740,강동구,336
I21008,아이스크림/빙수,11,서울특별시,11110,종로구,16
I21008,아이스크림/빙수,11,서울특별시,11140,중구,11
I21008,아이스크림/빙수,11,서울특별시,11170,용산구,11
I21008,아이스크림/빙수,11,서울특별시,11200,성동구,15
I21008,아이스크림/빙수,11,서울특별시,11215,광진구,26
I21008,아이스크림/빙수,11,서울특별시,11230,동대문구,22
I21008,아이스크림/빙수,11,서울특별시,11260,중랑구,18
I21008,아이스크림/빙수,11,서울특별시,11290,성북구,27
I21008,아이스크림/빙수,11,서울특별시,11305,강북구,13
I21008,아이스크림/빙수,11,서울특별시,11320,도봉구,12
I21008,아이스크림/빙수,11,서울특별시,11350,노원구,24
I21008,아이스크림/빙수,11,서울특별시,11380,은평구,24
I21008,아이스크림/빙수,11,서울특별시,11410,서대문구,19
I21008,아이스크림/빙수,11,서울특별시,11440,마포구,24
I21008,아이스크림/빙수,11,서울특별시,11470,양천구,21
I21008,아이스크림/빙수,11,서울특별시,11500,강서구,32
I21008,아이스크림/빙수,11,서울특별시,11530,구로구,18
I21008,아이스크림/빙수,11,서울특별시,11545,금천구,15
I21008,아이스크림/빙수,11,서울특별시,11560,영등포구,27
I21008,아이스크림/빙수,11,서울특별시,11590,동작구,18
I21008,아이스크림/빙수,11,서울특별시,11620,관악구,24
I21008,아이스크림/빙수,11,서울특별시,11650,서초구,22
I21008,아이스크림/빙수,11,서울특별시,11680,강남구,32
I21008,아이스크림/빙수,11,서울특별시,11710,송파구,38
I21008,아이스크림/빙수,11,서울특별시,11740,강동구,22
I21099,그 외 기타 간이 음식점,11,서울특별시,11110,종로구,60
I21099,그 외 기타 간이 음식점,11,서울특별시,11140,중구,56
I21099,그 외 기타 간이 음식점,11,서울특별시,11170,용산구,48
I21099,그 외 기타 간이 음식점,11,서울특별시,11200,성동구,64
I21099,그 외 기타 간이 음식점,11,서울특별시,11215,광진구,53
I21099,그 외 기타 간이 음식점,11,서울특별시,11230,동대문구,38
I21099,그 외 기타 간이 음식점,11,서울특별시,11260,중랑구,49
I21099,그 외 기타 간이 음식점,11,서울특별시,11290,성북구,66
I21099,그 외 기타 간이 음식점,11,서울특별시,11305,강북구,32
I21099,그 외 기타 간이 음식점,11,서울특별시,11320,도봉구,37
I21099,그 외 기타 간이 음식점,11,서울특별시,11350,노원구,52
I21099,그 외 기타 간이 음식점,11,서울특별시,11380,은평구,61
I21099,그 외 기타 간이 음식점,11,서울특별시,11410,서대문구,52
I21099,그 외 기타 간이 음식점,11,서울특별시,11440,마포구,94
I21099,그 외 기타 간이 음식점,11,서울특별시,11470,양천구,27
I21099,그 외 기타 간이 음식점,11,서울특별시,11500,강서구,63
I21099,그 외 기타 간이 음식점,11,서울특별시,11530,구로구,41
I21099,그 외 기타 간이 음식점,11,서울특별시,11545,금천구,17
I21099,그 외 기타 간이 음식점,11,서울특별시,11560,영등포구,63
I21099,그 외 기타 간이 음식점,11,서울특별시,11590,동작구,50
I21099,그 외 기타 간이 음식점,11,서울특별시,11620,관악구,59
I21099,그 외 기타 간이 음식점,11,서울특별시,11650,서초구,59
I21099,그 외 기타 간이 음식점,11,서울특별시,11680,강남구,114
I21099,그 외 기타 간이 음식점,11,서울특별시,11710,송파구,111
I21099,그 외 기타 간이 음식점,11,서울특별시,11740,강동구,60
I21101,일반 유흥 주점,11,서울특별시,11110,종로구,170
I21101,일반 유흥 주점,11,서울특별시,11140,중구,152
I21101,일반 유흥 주점,11,서울특별시,11170,용산구,76
I21101,일반 유흥 주점,11,서울특별시,11200,성동구,48
I21101,일반 유흥 주점,11,서울특별시,11215,광진구,40
I21101,일반 유흥 주점,11,서울특별시,11230,동대문구,86
I21101,일반 유흥 주점,11,서울특별시,11260,중랑구,71
I21101,일반 유흥 주점,11,서울특별시,11290,성북구,31
I21101,일반 유흥 주점,11,서울특별시,11305,강북구,81
I21101,일반 유흥 주점,11,서울특별시,11320,도봉구,47
I21101,일반 유흥 주점,11,서울특별시,11350,노원구,60
I21101,일반 유흥 주점,11,서울특별시,11380,은평구,89
I21101,일반 유흥 주점,11,서울특별시,11410,서대문구,51
I21101,일반 유흥 주점,11,서울특별시,11440,마포구,97
I21101,일반 유흥 주점,11,서울특별시,11470,양천구,28
I21101,일반 유흥 주점,11,서울특별시,11500,강서구,157
I21101,일반 유흥 주점,11,서울특별시,11530,구로구,42
I21101,일반 유흥 주점,11,서울특별시,11545,금천구,65
I21101,일반 유흥 주점,11,서울특별시,11560,영등포구,174
I21101,일반 유흥 주점,11,서울특별시,11590,동작구,39
I21101,일반 유흥 주점,11,서울특별시,11620,관악구,208
I21101,일반 유흥 주점,11,서울특별시,11650,서초구,85
I21101,일반 유흥 주점,11,서울특별시,11680,강남구,245
I21101,일반 유흥 주점,11,서울특별시,11710,송파구,145
I21101,일반 유흥 주점,11,서울특별시,11740,강동구,99
I21102,무도 유흥 주점,11,서울특별시,11110,종로구,3
I21102,무도 유흥 주점,11,서울특별시,11140,중구,5
I21102,무도 유흥 주점,11,서울특별시,11170,용산구,3
I21102,무도 유흥 주점,11,서울특별시,11200,성동구,1
I21102,무도 유흥 주점,11,서울특별시,11215,광진구,1
I21102,무도 유흥 주점,11,서울특별시,11230,동대문구,2
I21102,무도 유흥 주점,11,서울특별시,11260,중랑구,2
I21102,무도 유흥 주점,11,서울특별시,11290,성북구,1
I21102,무도 유흥 주점,11,서울특별시,11305,강북구,6
I21102,무도 유흥 주점,11,서울특별시,11320,도봉구,1
I21102,무도 유흥 주점,11,서울특별시,11350,노원구,7
I21102,무도 유흥 주점,11,서울특별시,11380,은평구,5
I21102,무도 유흥 주점,11,서울특별시,11410,서대문구,4
I21102,무도 유흥 주점,11,서울특별시,11440,마포구,8
I21102,무도 유흥 주점,11,서울특별시,11470,양천구,3
I21102,무도 유흥 주점,11,서울특별시,11500,강서구,3
I21102,무도 유흥 주점,11,서울특별시,11530,구로구,1
I21102,무도 유흥 주점,11,서울특별시,11545,금천구,6
I21102,무도 유흥 주점,11,서울특별시,11560,영등포구,4
I21102,무도 유흥 주점,11,서울특별시,11590,동작구,4
I21102,무도 유흥 주점,11,서울특별시,11620,관악구,7
I21102,무도 유흥 주점,11,서울특별시,11650,서초구,5
I21102,무도 유흥 주점,11,서울특별시,11680,강남구,6
I21102,무도 유흥 주점,11,서울특별시,11710,송파구,1
I21102,무도 유흥 주점,11,서울특별시,11740,강동구,9
I21103,생맥주 전문,11,서울특별시,11110,종로구,126
I21103,생맥주 전문,11,서울특별시,11140,중구,114
I21103,생맥주 전문,11,서울특별시,11170,용산구,74
I21103,생맥주 전문,11,서울특별시,11200,성동구,65
I21103,생맥주 전문,11,서울특별시,11215,광진구,123
I21103,생맥주 전문,11,서울특별시,11230,동대문구,89
I21103,생맥주 전문,11,서울특별시,11260,중랑구,152
I21103,생맥주 전문,11,서울특별시,11290,성북구,83
I21103,생맥주 전문,11,서울특별시,11305,강북구,101
I21103,생맥주 전문,11,서울특별시,11320,도봉구,93
I21103,생맥주 전문,11,서울특별시,11350,노원구,111
I21103,생맥주 전문,11,서울특별시,11380,은평구,109
I21103,생맥주 전문,11,서울특별시,11410,서대문구,61
I21103,생맥주 전문,11,서울특별시,11440,마포구,152
I21103,생맥주 전문,11,서울특별시,11470,양천구,82
I21103,생맥주 전문,11,서울특별시,11500,강서구,133
I21103,생맥주 전문,11,서울특별시,11530,구로구,170
I21103,생맥주 전문,11,서울특별시,11545,금천구,95
I21103,생맥주 전문,11,서울특별시,11560,영등포구,215
I21103,생맥주 전문,11,서울특별시,11590,동작구,96
I21103,생맥주 전문,11,서울특별시,11620,관악구,148
I21103,생맥주 전문,11,서울특별시,11650,서초구,97
I21103,생맥주 전문,11,서울특별시,11680,강남구,173
I21103,생맥주 전문,11,서울특별시,11710,송파구,154
I21103,생맥주 전문,11,서울특별시,11740,강동구,92
I21104,요리 주점,11,서울특별시,11110,종로구,563
I21104,요리 주점,11,서울특별시,11140,중구,357
I21104,요리 주점,11,서울특별시,11170,용산구,478
I21104,요리 주점,11,서울특별시,11200,성동구,297
I21104,요리 주점,11,서울특별시,11215,광진구,453
I21104,요리 주점,11,서울특별시,11230,동대문구,327
I21104,요리 주점,11,서울특별시,11260,중랑구,401
I21104,요리 주점,11,서울특별시,11290,성북구,349
I21104,요리 주점,11,서울특별시,11305,강북구,414
I21104,요리 주점,11,서울특별시,11320,도봉구,210
I21104,요리 주점,11,서울특별시,11350,노원구,270
I21104,요리 주점,11,서울특별시,11380,은평구,384
I21104,요리 주점,11,서울특별시,11410,서대문구,347
I21104,요리 주점,11,서울특별시,11440,마포구,849
I21104,요리 주점,11,서울특별시,11470,양천구,299
I21104,요리 주점,11,서울특별시,11500,강서구,589
I21104,요리 주점,11,서울특별시,11530,구로구,426
I21104,요리 주점,11,서울특별시,11545,금천구,285
I21104,요리 주점,11,서울특별시,11560,영등포구,529
I21104,요리 주점,11,서울특별시,11590,동작구,283
I21104,요리 주점,11,서울특별시,11620,관악구,515
I21104,요리 주점,11,서울특별시,11650,서초구,355
I21104,요리 주점,11,서울특별시,11680,강남구,803
I21104,요리 주점,11,서울특별시,11710,송파구,550
I21104,요리 주점,11,서울특별시,11740,강동구,398
I21201,카페,11,서울특별시,11110,종로구,1248
I21201,카페,11,서울특별시,11140,중구,1133
I21201,카페,11,서울특별시,11170,용산구,863
I21201,카페,11,서울특별시,11200,성동구,770
I21201,카페,11,서울특별시,11215,광진구,826
I21201,카페,11,서울특별시,11230,동대문구,710
I21201,카페,11,서울특별시,11260,중랑구,540
I21201,카페,11,서울특별시,11290,성북구,847
I21201,카페,11,서울특별시,11305,강북구,481
I21201,카페,11,서울특별시,11320,도봉구,389
I21201,카페,11,서울특별시,11350,노원구,683
I21201,카페,11,서울특별시,11380,은평구,638
I21201,카페,11,서울특별시,11410,서대문구,683
I21201,카페,11,서울특별시,11440,마포구,1852
I21201,카페,11,서울특별시,11470,양천구,611
I21201,카페,11,서울특별시,11500,강서구,1112
I21201,카페,11,서울특별시,11530,구로구,634
I21201,카페,11,서울특별시,11545,금천구,570
I21201,카페,11,서울특별시,11560,영등포구,1188
I21201,카페,11,서울특별시,11590,동작구,626
I21201,카페,11,서울특별시,11620,관악구,763
I21201,카페,11,서울특별시,11650,서초구,1288
I21201,카페,11,서울특별시,11680,강남구,2123
I21201,카페,11,서울특별시,11710,송파구,1347
I21201,카페,11,서울특별시,11740,강동구,814
L10203,부동산 중개/대리업,11,서울특별시,11110,종로구,542
L10203,부동산 중개/대리업,11,서울특별시,11140,중구,624
L10203,부동산 중개/대리업,11,서울특별시,11170,용산구,790
L10203,부동산 중개/대리업,11,서울특별시,11200,성동구,781
L10203,부동산 중개/대리업,11,서울특별시,11215,광진구,855
L10203,부동산 중개/대리업,11,서울특별시,11230,동대문구,798
L10203,부동산 중개/대리업,11,서울특별시,11260,중랑구,670
L10203,부동산 중개/대리업,11,서울특별시,11290,성북구,745
L10203,부동산 중개/대리업,11,서울특별시,11305,강북구,521
L10203,부동산 중개/대리업,11,서울특별시,11320,도봉구,433
L10203,부동산 중개/대리업,11,서울특별시,11350,노원구,572
L10203,부동산 중개/대리업,11,서울특별시,11380,은평구,945
L10203,부동산 중개/대리업,11,서울특별시,11410,서대문구,610
L10203,부동산 중개/대리업,11,서울특별시,11440,마포구,1139
L10203,부동산 중개/대리업,11,서울특별시,11470,양천구,743
L10203,부동산 중개/대리업,11,서울특별시,11500,강서구,1259
L10203,부동산 중개/대리업,11,서울특별시,11530,구로구,687
L10203,부동산 중개/대리업,11,서울특별시,11545,금천구,739
L10203,부동산 중개/대리업,11,서울특별시,11560,영등포구,1146
L10203,부동산 중개/대리업,11,서울특별시,11590,동작구,752
L10203,부동산 중개/대리업,11,서울특별시,11620,관악구,885
L10203,부동산 중개/대리업,11,서울특별시,11650,서초구,2071
L10203,부동산 중개/대리업,11,서울특별시,11680,강남구,3623
L10203,부동산 중개/대리업,11,서울특별시,11710,송파구,1689
L10203,부동산 중개/대리업,11,서울특별시,11740,강동구,1095
M10301,변호사,11,서울특별시,11110,종로구,139
M10301,변호사,11,서울특별시,11140,중구,121
M10301,변호사,11,서울특별시,11170,용산구,25
M10301,변호사,11,서울특별시,11200,성동구,22
M10301,변호사,11,서울특별시,11215,광진구,32
M10301,변호사,11,서울특별시,11230,동대문구,17
M10301,변호사,11,서울특별시,11260,중랑구,10
M10301,변호사,11,서울특별시,11290,성북구,17
M10301,변호사,11,서울특별시,11305,강북구,11
M10301,변호사,11,서울특별시,11320,도봉구,68
M10301,변호사,11,서울특별시,11350,노원구,16
M10301,변호사,11,서울특별시,11380,은평구,11
M10301,변호사,11,서울특별시,11410,서대문구,22
M10301,변호사,11,서울특별시,11440,마포구,96
M10301,변호사,11,서울특별시,11470,양천구,100
M10301,변호사,11,서울특별시,11500,강서구,42
M10301,변호사,11,서울특별시,11530,구로구,37
M10301,변호사,11,서울특별시,11545,금천구,27
M10301,변호사,11,서울특별시,11560,영등포구,115
M10301,변호사,11,서울특별시,11590,동작구,10
M10301,변호사,11,서울특별시,11620,관악구,34
M10301,변호사,11,서울특별시,11650,서초구,2810
M10301,변호사,11,서울특별시,11680,강남구,717
M10301,변호사,11,서울특별시,11710,송파구,224
M10301,변호사,11,서울특별시,11740,강동구,14
M10302,변리사,11,서울특별시,11110,종로구,14
M10302,변리사,11,서울특별시,11140,중구,17
M10302,변리사,11,서울특별시,11170,용산구,5
M10302,변리사,11,서울특별시,11200,성동구,18
M10302,변리사,11,서울특별시,11215,광진구,5
M10302,변리사,11,서울특별시,11230,동대문구,4
M10302,변리사,11,서울특별시,11290,성북구,1
M10302,변리사,11,서울특별시,11320,도봉구,1
M10302,변리사,11,서울특별시,11350,노원구,1
M10302,변리사,11,서울특별시,11380,은평구,1
M10302,변리사,11,서울특별시,11410,서대문구,3
M10302,변리사,11,서울특별시,11440,마포구,17
M10302,변리사,11,서울특별시,11470,양천구,2
M10302,변리사,11,서울특별시,11500,강서구,17
M10302,변리사,11,서울특별시,11530,구로구,17
M10302,변리사,11,서울특별시,11545,금천구,51
M10302,변리사,11,서울특별시,11560,영등포구,19
M10302,변리사,11,서울특별시,11590,동작구,2
M10302,변리사,11,서울특별시,11620,관악구,8
M10302,변리사,11,서울특별시,11650,서초구,171
M10302,변리사,11,서울특별시,11680,강남구,419
M10302,변리사,11,서울특별시,11710,송파구,56
M10302,변리사,11,서울특별시,11740,강동구,1
M10303,법무사,11,서울특별시,11110,종로구,29
M10303,법무사,11,서울특별시,11140,중구,226
M10303,법무사,11,서울특별시,11170,용산구,8
M10303,법무사,11,서울특별시,11200,성동구,33
M10303,법무사,11,서울특별시,11215,광진구,45
M10303,법무사,11,서울특별시,11230,동대문구,16
M10303,법무사,11,서울특별시,11260,중랑구,18
M10303,법무사,11,서울특별시,11290,성북구,15
M10303,법무사,11,서울특별시,11305,강북구,17
M10303,법무사,11,서울특별시,11320,도봉구,71
M10303,법무사,11,서울특별시,11350,노원구,46
M10303,법무사,11,서울특별시,11380,은평구,24
M10303,법무사,11,서울특별시,11410,서대문구,16
M10303,법무사,11,서울특별시,11440,마포구,62
M10303,법무사,11,서울특별시,11470,양천구,107
M10303,법무사,11,서울특별시,11500,강서구,57
M10303,법무사,11,서울특별시,11530,구로구,47
M10303,법무사,11,서울특별시,11545,금천구,42
M10303,법무사,11,서울특별시,11560,영등포구,65
M10303,법무사,11,서울특별시,11590,동작구,38
M10303,법무사,11,서울특별시,11620,관악구,59
M10303,법무사,11,서울특별시,11650,서초구,752
M10303,법무사,11,서울특별시,11680,강남구,217
M10303,법무사,11,서울특별시,11710,송파구,127
M10303,법무사,11,서울특별시,11740,강동구,35
M10306,행정사,11,서울특별시,11110,종로구,54
M10306,행정사,11,서울특별시,11140,중구,102
M10306,행정사,11,서울특별시,11170,용산구,25
M10306,행정사,11,서울특별시,11200,성동구,26
M10306,행정사,11,서울특별시,11215,광진구,33
M10306,행정사,11,서울특별시,11230,동대문구,10
M10306,행정사,11,서울특별시,11260,중랑구,9
M10306,행정사,11,서울특별시,11290,성북구,13
M10306,행정사,11,서울특별시,11305,강북구,14
M10306,행정사,11,서울특별시,11320,도봉구,4
M10306,행정사,11,서울특별시,11350,노원구,14
M10306,행정사,11,서울특별시,11380,은평구,21
M10306,행정사,11,서울특별시,11410,서대문구,8
M10306,행정사,11,서울특별시,11440,마포구,66
M10306,행정사,11,서울특별시,11470,양천구,40
M10306,행정사,11,서울특별시,11500,강서구,61
M10306,행정사,11,서울특별시,11530,구로구,56
M10306,행정사,11,서울특별시,11545,금천구,63
M10306,행정사,11,서울특별시,11560,영등포구,154
M10306,행정사,11,서울특별시,11590,동작구,10
M10306,행정사,11,서울특별시,11620,관악구,28
M10306,행정사,11,서울특별시,11650,서초구,195
M10306,행정사,11,서울특별시,11680,강남구,162
M10306,행정사,11,서울특별시,11710,송파구,79
M10306,행정사,11,서울특별시,11740,강동구,20
M10307,공인노무사,11,서울특별시,11110,종로구,14
M10307,공인노무사,11,서울특별시,11140,중구,34
M10307,공인노무사,11,서울특별시,11170,용산구,4
M10307,공인노무사,11,서울특별시,11200,성동구,21
M10307,공인노무사,11,서울특별시,11215,광진구,8
M10307,공인노무사,11,서울특별시,11230,동대문구,6
M10307,공인노무사,11,서울특별시,11260,중랑구,8
M10307,공인노무사,11,서울특별시,11290,성북구,2
M10307,공인노무사,11,서울특별시,11305,강북구,5
M10307,공인노무사,11,서울특별시,11320,도봉구,5
M10307,공인노무사,11,서울특별시,11350,노원구,8
M10307,공인노무사,11,서울특별시,11380,은평구,2
M10307,공인노무사,11,서울특별시,11410,서대문구,2
M10307,공인노무사,11,서울특별시,11440,마포구,43
M10307,공인노무사,11,서울특별시,11470,양천구,3
M10307,공인노무사,11,서울특별시,11500,강서구,55
M10307,공인노무사,11,서울특별시,11530,구로구,49
M10307,공인노무사,11,서울특별시,11545,금천구,50
M10307,공인노무사,11,서울특별시,11560,영등포구,95
M10307,공인노무사,11,서울특별시,11590,동작구,5
M10307,공인노무사,11,서울특별시,11620,관악구,8
M10307,공인노무사,11,서울특별시,11650,서초구,95
M10307,공인노무사,11,서울특별시,11680,강남구,134
M10307,공인노무사,11,서울특별시,11710,송파구,52
M10307,공인노무사,11,서울특별시,11740,강동구,15
M10399,기타 법무관련 서비스업,11,서울특별시,11110,종로구,8
M10399,기타 법무관련 서비스업,11,서울특별시,11140,중구,11
M10399,기타 법무관련 서비스업,11,서울특별시,11170,용산구,3
M10399,기타 법무관련 서비스업,11,서울특별시,11200,성동구,3
M10399,기타 법무관련 서비스업,11,서울특별시,11215,광진구,5
M10399,기타 법무관련 서비스업,11,서울특별시,11230,동대문구,1
M10399,기타 법무관련 서비스업,11,서울특별시,11260,중랑구,1
M10399,기타 법무관련 서비스업,11,서울특별시,11290,성북구,2
M10399,기타 법무관련 서비스업,11,서울특별시,11320,도봉구,2
M10399,기타 법무관련 서비스업,11,서울특별시,11350,노원구,3
M10399,기타 법무관련 서비스업,11,서울특별시,11380,은평구,1
M10399,기타 법무관련 서비스업,11,서울특별시,11410,서대문구,1
M10399,기타 법무관련 서비스업,11,서울특별시,11440,마포구,10
M10399,기타 법무관련 서비스업,11,서울특별시,11470,양천구,7
M10399,기타 법무관련 서비스업,11,서울특별시,11500,강서구,9
M10399,기타 법무관련 서비스업,11,서울특별시,11530,구로구,4
M10399,기타 법무관련 서비스업,11,서울특별시,11545,금천구,5
M10399,기타 법무관련 서비스업,11,서울특별시,11560,영등포구,10
M10399,기타 법무관련 서비스업,11,서울특별시,11590,동작구,2
M10399,기타 법무관련 서비스업,11,서울특별시,11620,관악구,1
M10399,기타 법무관련 서비스업,11,서울특별시,11650,서초구,20
M10399,기타 법무관련 서비스업,11,서울특별시,11680,강남구,21
M10399,기타 법무관련 서비스업,11,서울특별시,11710,송파구,5
M10399,기타 법무관련 서비스업,11,서울특별시,11740,강동구,2
M10401,공인회계사,11,서울특별시,11110,종로구,21
M10401,공인회계사,11,서울특별시,11140,중구,26
M10401,공인회계사,11,서울특별시,11170,용산구,13
M10401,공인회계사,11,서울특별시,11200,성동구,18
M10401,공인회계사,11,서울특별시,11215,광진구,11
M10401,공인회계사,11,서울특별시,11230,동대문구,7
M10401,공인회계사,11,서울특별시,11260,중랑구,5
M10401,공인회계사,11,서울특별시,11290,성북구,3
M10401,공인회계사,11,서울특별시,11305,강북구,7
M10401,공인회계사,11,서울특별시,11350,노원구,6
M10401,공인회계사,11,서울특별시,11380,은평구,4
M10401,공인회계사,11,서울특별시,11410,서대문구,3
M10401,공인회계사,11,서울특별시,11440,마포구,22
M10401,공인회계사,11,서울특별시,11470,양천구,7
M10401,공인회계사,11,서울특별시,11500,강서구,29
M10401,공인회계사,11,서울특별시,11530,구로구,43
M10401,공인회계사,11,서울특별시,11545,금천구,36
M10401,공인회계사,11,서울특별시,11560,영등포구,91
M10401,공인회계사,11,서울특별시,11590,동작구,7
M10401,공인회계사,11,서울특별시,11620,관악구,11
M10401,공인회계사,11,서울특별시,11650,서초구,117
M10401,공인회계사,11,서울특별시,11680,강남구,261
M10401,공인회계사,11,서울특별시,11710,송파구,60
M10401,공인회계사,11,서울특별시,11740,강동구,10
M10402,세무사,11,서울특별시,11110,종로구,189
M10402,세무사,11,서울특별시,11140,중구,307
M10402,세무사,11,서울특별시,11170,용산구,102
M10402,세무사,11,서울특별시,11200,성동구,248
M10402,세무사,11,서울특별시,11215,광진구,99
M10402,세무사,11,서울특별시,11230,동대문구,124
M10402,세무사,11,서울특별시,11260,중랑구,45
M10402,세무사,11,서울특별시,11290,성북구,51
M10402,세무사,11,서울특별시,11305,강북구,60
M10402,세무사,11,서울특별시,11320,도봉구,49
M10402,세무사,11,서울특별시,11350,노원구,34
M10402,세무사,11,서울특별시,11380,은평구,49
M10402,세무사,11,서울특별시,11410,서대문구,49
M10402,세무사,11,서울특별시,11440,마포구,266
M10402,세무사,11,서울특별시,11470,양천구,98
M10402,세무사,11,서울특별시,11500,강서구,310
M10402,세무사,11,서울특별시,11530,구로구,165
M10402,세무사,11,서울특별시,11545,금천구,308
M10402,세무사,11,서울특별시,11560,영등포구,474
M10402,세무사,11,서울특별시,11590,동작구,63
M10402,세무사,11,서울특별시,11620,관악구,97
M10402,세무사,11,서울특별시,11650,서초구,857
M10402,세무사,11,서울특별시,11680,강남구,1548
M10402,세무사,11,서울특별시,11710,송파구,571
M10402,세무사,11,서울특별시,11740,강동구,114
M10499,기타 회계 관련 서비스업,11,서울특별시,11110,종로구,1
M10499,기타 회계 관련 서비스업,11,서울특별시,11140,중구,2
M10499,기타 회계 관련 서비스업,11,서울특별시,11170,용산구,3
M10499,기타 회계 관련 서비스업,11,서울특별시,11200,성동구,2
M10499,기타 회계 관련 서비스업,11,서울특별시,11215,광진구,1
M10499,기타 회계 관련 서비스업,11,서울특별시,11305,강북구,1
M10499,기타 회계 관련 서비스업,11,서울특별시,11380,은평구,1
M10499,기타 회계 관련 서비스업,11,서울특별시,11410,서대문구,1
M10499,기타 회계 관련 서비스업,11,서울특별시,11440,마포구,1
M10499,기타 회계 관련 서비스업,11,서울특별시,11500,강서구,1
M10499,기타 회계 관련 서비스업,11,서울특별시,11545,금천구,1
M10499,기타 회계 관련 서비스업,11,서울특별시,11560,영등포구,2
M10499,기타 회계 관련 서비스업,11,서울특별시,11650,서초구,3
M10499,기타 회계 관련 서비스업,11,서울특별시,11680,강남구,7
M10499,기타 회계 관련 서비스업,11,서울특별시,11710,송파구,1
M10499,기타 회계 관련 서비스업,11,서울특별시,11740,강동구,2
M10501,광고 대행업,11,서울특별시,11110,종로구,327
M10501,광고 대행업,11,서울특별시,11140,중구,496
M10501,광고 대행업,11,서울특별시,11170,용산구,353
M10501,광고 대행업,11,서울특별시,11200,성동구,637
M10501,광고 대행업,11,서울특별시,11215,광진구,303
M10501,광고 대행업,11,서울특별시,11230,동대문구,154
M10501,광고 대행업,11,서울특별시,11260,중랑구,167
M10501,광고 대행업,11,서울특별시,11290,성북구,170
M10501,광고 대행업,11,서울특별시,11305,강북구,179
M10501,광고 대행업,11,서울특별시,11320,도봉구,104
M10501,광고 대행업,11,서울특별시,11350,노원구,156
M10501,광고 대행업,11,서울특별시,11380,은평구,161
M10501,광고 대행업,11,서울특별시,11410,서대문구,207
M10501,광고 대행업,11,서울특별시,11440,마포구,1060
M10501,광고 대행업,11,서울특별시,11470,양천구,148
M10501,광고 대행업,11,서울특별시,11500,강서구,748
M10501,광고 대행업,11,서울특별시,11530,구로구,539
M10501,광고 대행업,11,서울특별시,11545,금천구,1118
M10501,광고 대행업,11,서울특별시,11560,영등포구,838
M10501,광고 대행업,11,서울특별시,11590,동작구,178
M10501,광고 대행업,11,서울특별시,11620,관악구,331
M10501,광고 대행업,11,서울특별시,11650,서초구,1572
M10501,광고 대행업,11,서울특별시,11680,강남구,3690
M10501,광고 대행업,11,서울특별시,11710,송파구,720
M10501,광고 대행업,11,서울특별시,11740,강동구,261
M10502,옥외/전시 광고 대행업,11,서울특별시,11110,종로구,8
M10502,옥외/전시 광고 대행업,11,서울특별시,11140,중구,23
M10502,옥외/전시 광고 대행업,11,서울특별시,11170,용산구,8
M10502,옥외/전시 광고 대행업,11,서울특별시,11200,성동구,14
M10502,옥외/전시 광고 대행업,11,서울특별시,11215,광진구,10
M10502,옥외/전시 광고 대행업,11,서울특별시,11230,동대문구,6
M10502,옥외/전시 광고 대행업,11,서울특별시,11260,중랑구,2
M10502,옥외/전시 광고 대행업,11,서울특별시,11290,성북구,7
M10502,옥외/전시 광고 대행업,11,서울특별시,11305,강북구,5
M10502,옥외/전시 광고 대행업,11,서울특별시,11320,도봉구,3
M10502,옥외/전시 광고 대행업,11,서울특별시,11350,노원구,8
M10502,옥외/전시 광고 대행업,11,서울특별시,11380,은평구,7
M10502,옥외/전시 광고 대행업,11,서울특별시,11410,서대문구,6
M10502,옥외/전시 광고 대행업,11,서울특별시,11440,마포구,24
M10502,옥외/전시 광고 대행업,11,서울특별시,11470,양천구,8
M10502,옥외/전시 광고 대행업,11,서울특별시,11500,강서구,25
M10502,옥외/전시 광고 대행업,11,서울특별시,11530,구로구,15
M10502,옥외/전시 광고 대행업,11,서울특별시,11545,금천구,15
M10502,옥외/전시 광고 대행업,11,서울특별시,11560,영등포구,34
M10502,옥외/전시 광고 대행업,11,서울특별시,11590,동작구,6
M10502,옥외/전시 광고 대행업,11,서울특별시,11620,관악구,7
M10502,옥외/전시 광고 대행업,11,서울특별시,11650,서초구,50
M10502,옥외/전시 광고 대행업,11,서울특별시,11680,강남구,80
M10502,옥외/전시 광고 대행업,11,서울특별시,11710,송파구,32
M10502,옥외/전시 광고 대행업,11,서울특별시,11740,강동구,13
M10503,광고 매체 판매업,11,서울특별시,11110,종로구,9
M10503,광고 매체 판매업,11,서울특별시,11140,중구,11
M10503,광고 매체 판매업,11,서울특별시,11170,용산구,6
M10503,광고 매체 판매업,11,서울특별시,11200,성동구,11
M10503,광고 매체 판매업,11,서울특별시,11215,광진구,8
M10503,광고 매체 판매업,11,서울특별시,11230,동대문구,1
M10503,광고 매체 판매업,11,서울특별시,11290,성북구,1
M10503,광고 매체 판매업,11,서울특별시,11305,강북구,1
M10503,광고 매체 판매업,11,서울특별시,11350,노원구,1
M10503,광고 매체 판매업,11,서울특별시,11380,은평구,1
M10503,광고 매체 판매업,11,서울특별시,11410,서대문구,10
M10503,광고 매체 판매업,11,서울특별시,11440,마포구,15
M10503,광고 매체 판매업,11,서울특별시,11470,양천구,1
M10503,광고 매체 판매업,11,서울특별시,11500,강서구,10
M10503,광고 매체 판매업,11,서울특별시,11530,구로구,7
M10503,광고 매체 판매업,11,서울특별시,11545,금천구,10
M10503,광고 매체 판매업,11,서울특별시,11560,영등포구,13
M10503,광고 매체 판매업,11,서울특별시,11590,동작구,2
M10503,광고 매체 판매업,11,서울특별시,11620,관악구,3
M10503,광고 매체 판매업,11,서울특별시,11650,서초구,19
M10503,광고 매체 판매업,11,서울특별시,11680,강남구,46
M10503,광고 매체 판매업,11,서울특별시,11710,송파구,6
M10503,광고 매체 판매업,11,서울특별시,11740,강동구,5
M10504,광고물 설계/제작업,11,서울특별시,11110,종로구,72
M10504,광고물 설계/제작업,11,서울특별시,11140,중구,526
M10504,광고물 설계/제작업,11,서울특별시,11170,용산구,64
M10504,광고물 설계/제작업,11,서울특별시,11200,성동구,108
M10504,광고물 설계/제작업,11,서울특별시,11215,광진구,50
M10504,광고물 설계/제작업,11,서울특별시,11230,동대문구,29
M10504,광고물 설계/제작업,11,서울특별시,11260,중랑구,32
M10504,광고물 설계/제작업,11,서울특별시,11290,성북구,34
M10504,광고물 설계/제작업,11,서울특별시,11305,강북구,33
M10504,광고물 설계/제작업,11,서울특별시,11320,도봉구,23
M10504,광고물 설계/제작업,11,서울특별시,11350,노원구,31
M10504,광고물 설계/제작업,11,서울특별시,11380,은평구,44
M10504,광고물 설계/제작업,11,서울특별시,11410,서대문구,48
M10504,광고물 설계/제작업,11,서울특별시,11440,마포구,194
M10504,광고물 설계/제작업,11,서울특별시,11470,양천구,41
M10504,광고물 설계/제작업,11,서울특별시,11500,강서구,96
M10504,광고물 설계/제작업,11,서울특별시,11530,구로구,82
M10504,광고물 설계/제작업,11,서울특별시,11545,금천구,135
M10504,광고물 설계/제작업,11,서울특별시,11560,영등포구,103
M10504,광고물 설계/제작업,11,서울특별시,11590,동작구,33
M10504,광고물 설계/제작업,11,서울특별시,11620,관악구,33
M10504,광고물 설계/제작업,11,서울특별시,11650,서초구,201
M10504,광고물 설계/제작업,11,서울특별시,11680,강남구,459
M10504,광고물 설계/제작업,11,서울특별시,11710,송파구,105
M10504,광고물 설계/제작업,11,서울특별시,11740,강동구,49
M10599,기타 광고 관련 서비스업,11,서울특별시,11110,종로구,14
M10599,기타 광고 관련 서비스업,11,서울특별시,11140,중구,33
M10599,기타 광고 관련 서비스업,11,서울특별시,11170,용산구,13
M10599,기타 광고 관련 서비스업,11,서울특별시,11200,성동구,22
M10599,기타 광고 관련 서비스업,11,서울특별시,11215,광진구,13
M10599,기타 광고 관련 서비스업,11,서울특별시,11230,동대문구,13
M10599,기타 광고 관련 서비스업,11,서울특별시,11260,중랑구,14
M10599,기타 광고 관련 서비스업,11,서울특별시,11290,성북구,5
M10599,기타 광고 관련 서비스업,11,서울특별시,11305,강북구,6
M10599,기타 광고 관련 서비스업,11,서울특별시,11320,도봉구,8
M10599,기타 광고 관련 서비스업,11,서울특별시,11350,노원구,5
M10599,기타 광고 관련 서비스업,11,서울특별시,11380,은평구,15
M10599,기타 광고 관련 서비스업,11,서울특별시,11410,서대문구,8
M10599,기타 광고 관련 서비스업,11,서울특별시,11440,마포구,41
M10599,기타 광고 관련 서비스업,11,서울특별시,11470,양천구,15
M10599,기타 광고 관련 서비스업,11,서울특별시,11500,강서구,34
M10599,기타 광고 관련 서비스업,11,서울특별시,11530,구로구,19
M10599,기타 광고 관련 서비스업,11,서울특별시,11545,금천구,37
M10599,기타 광고 관련 서비스업,11,서울특별시,11560,영등포구,33
M10599,기타 광고 관련 서비스업,11,서울특별시,11590,동작구,11
M10599,기타 광고 관련 서비스업,11,서울특별시,11620,관악구,14
M10599,기타 광고 관련 서비스업,11,서울특별시,11650,서초구,51
M10599,기타 광고 관련 서비스업,11,서울특별시,11680,강남구,119
M10599,기타 광고 관련 서비스업,11,서울특별시,11710,송파구,35
M10599,기타 광고 관련 서비스업,11,서울특별시,11740,강동구,11
M10601,시장 조사 및 여론 조사업,11,서울특별시,11110,종로구,37
M10601,시장 조사 및 여론 조사업,11,서울특별시,11140,중구,52
M10601,시장 조사 및 여론 조사업,11,서울특별시,11170,용산구,13
M10601,시장 조사 및 여론 조사업,11,서울특별시,11200,성동구,26
M10601,시장 조사 및 여론 조사업,11,서울특별시,11215,광진구,15
M10601,시장 조사 및 여론 조사업,11,서울특별시,11230,동대문구,9
M10601,시장 조사 및 여론 조사업,11,서울특별시,11260,중랑구,3
M10601,시장 조사 및 여론 조사업,11,서울특별시,11290,성북구,9
M10601,시장 조사 및 여론 조사업,11,서울특별시,11305,강북구,5
M10601,시장 조사 및 여론 조사업,11,서울특별시,11320,도봉구,2
M10601,시장 조사 및 여론 조사업,11,서울특별시,11350,노원구,5
M10601,시장 조사 및 여론 조사업,11,서울특별시,11380,은평구,8
M10601,시장 조사 및 여론 조사업,11,서울특별시,11410,서대문구,9
M10601,시장 조사 및 여론 조사업,11,서울특별시,11440,마포구,56
M10601,시장 조사 및 여론 조사업,11,서울특별시,11470,양천구,6
M10601,시장 조사 및 여론 조사업,11,서울특별시,11500,강서구,23
M10601,시장 조사 및 여론 조사업,11,서울특별시,11530,구로구,12
M10601,시장 조사 및 여론 조사업,11,서울특별시,11545,금천구,25
M10601,시장 조사 및 여론 조사업,11,서울특별시,11560,영등포구,111
M10601,시장 조사 및 여론 조사업,11,서울특별시,11590,동작구,10
M10601,시장 조사 및 여론 조사업,11,서울특별시,11620,관악구,9
M10601,시장 조사 및 여론 조사업,11,서울특별시,11650,서초구,98
M10601,시장 조사 및 여론 조사업,11,서울특별시,11680,강남구,159
M10601,시장 조사 및 여론 조사업,11,서울특별시,11710,송파구,26
M10601,시장 조사 및 여론 조사업,11,서울특별시,11740,강동구,11
M10703,경영 컨설팅업,11,서울특별시,11110,종로구,731
M10703,경영 컨설팅업,11,서울특별시,11140,중구,770
M10703,경영 컨설팅업,11,서울특별시,11170,용산구,599
M10703,경영 컨설팅업,11,서울특별시,11200,성동구,827
M10703,경영 컨설팅업,11,서울특별시,11215,광진구,392
M10703,경영 컨설팅업,11,서울특별시,11230,동대문구,241
M10703,경영 컨설팅업,11,서울특별시,11260,중랑구,189
M10703,경영 컨설팅업,11,서울특별시,11290,성북구,185
M10703,경영 컨설팅업,11,서울특별시,11305,강북구,147
M10703,경영 컨설팅업,11,서울특별시,11320,도봉구,97
M10703,경영 컨설팅업,11,서울특별시,11350,노원구,132
M10703,경영 컨설팅업,11,서울특별시,11380,은평구,217
M10703,경영 컨설팅업,11,서울특별시,11410,서대문구,320
M10703,경영 컨설팅업,11,서울특별시,11440,마포구,1147
M10703,경영 컨설팅업,11,서울특별시,11470,양천구,229
M10703,경영 컨설팅업,11,서울특별시,11500,강서구,890
M10703,경영 컨설팅업,11,서울특별시,11530,구로구,814
M10703,경영 컨설팅업,11,서울특별시,11545,금천구,1722
M10703,경영 컨설팅업,11,서울특별시,11560,영등포구,2351
M10703,경영 컨설팅업,11,서울특별시,11590,동작구,233
M10703,경영 컨설팅업,11,서울특별시,11620,관악구,365
M10703,경영 컨설팅업,11,서울특별시,11650,서초구,3110
M10703,경영 컨설팅업,11,서울특별시,11680,강남구,6592
M10703,경영 컨설팅업,11,서울특별시,11710,송파구,1444
M10703,경영 컨설팅업,11,서울특별시,11740,강동구,329
M10901,건축 설계 및 관련 서비스업,11,서울특별시,11110,종로구,318
M10901,건축 설계 및 관련 서비스업,11,서울특별시,11140,중구,179
M10901,건축 설계 및 관련 서비스업,11,서울특별시,11170,용산구,180
M10901,건축 설계 및 관련 서비스업,11,서울특별시,11200,성동구,391
M10901,건축 설계 및 관련 서비스업,11,서울특별시,11215,광진구,220
M10901,건축 설계 및 관련 서비스업,11,서울특별시,11230,동대문구,102
M10901,건축 설계 및 관련 서비스업,11,서울특별시,11260,중랑구,86
M10901,건축 설계 및 관련 서비스업,11,서울특별시,11290,성북구,112
M10901,건축 설계 및 관련 서비스업,11,서울특별시,11305,강북구,79
M10901,건축 설계 및 관련 서비스업,11,서울특별시,11320,도봉구,53
M10901,건축 설계 및 관련 서비스업,11,서울특별시,11350,노원구,74
M10901,건축 설계 및 관련 서비스업,11,서울특별시,11380,은평구,109
M10901,건축 설계 및 관련 서비스업,11,서울특별시,11410,서대문구,110
M10901,건축 설계 및 관련 서비스업,11,서울특별시,11440,마포구,406
M10901,건축 설계 및 관련 서비스업,11,서울특별시,11470,양천구,78
M10901,건축 설계 및 관련 서비스업,11,서울특별시,11500,강서구,276
M10901,건축 설계 및 관련 서비스업,11,서울특별시,11530,구로구,148
M10901,건축 설계 및 관련 서비스업,11,서울특별시,11545,금천구,247
M10901,건축 설계 및 관련 서비스업,11,서울특별시,11560,영등포구,252
M10901,건축 설계 및 관련 서비스업,11,서울특별시,11590,동작구,65
M10901,건축 설계 및 관련 서비스업,11,서울특별시,11620,관악구,135
M10901,건축 설계 및 관련 서비스업,11,서울특별시,11650,서초구,1026
M10901,건축 설계 및 관련 서비스업,11,서울특별시,11680,강남구,1262
M10901,건축 설계 및 관련 서비스업,11,서울특별시,11710,송파구,805
M10901,건축 설계 및 관련 서비스업,11,서울특별시,11740,강동구,129
M10902,도시 계획 및 조경 설계 서비스업,11,서울특별시,11110,종로구,17
M10902,도시 계획 및 조경 설계 서비스업,11,서울특별시,11140,중구,11
M10902,도시 계획 및 조경 설계 서비스업,11,서울특별시,11170,용산구,5
M10902,도시 계획 및 조경 설계 서비스업,11,서울특별시,11200,성동구,31
M10902,도시 계획 및 조경 설계 서비스업,11,서울특별시,11215,광진구,12
M10902,도시 계획 및 조경 설계 서비스업,11,서울특별시,11230,동대문구,4
M10902,도시 계획 및 조경 설계 서비스업,11,서울특별시,11260,중랑구,2
M10902,도시 계획 및 조경 설계 서비스업,11,서울특별시,11290,성북구,9
M10902,도시 계획 및 조경 설계 서비스업,11,서울특별시,11305,강북구,7
M10902,도시 계획 및 조경 설계 서비스업,11,서울특별시,11320,도봉구,1
M10902,도시 계획 및 조경 설계 서비스업,11,서울특별시,11350,노원구,7
M10902,도시 계획 및 조경 설계 서비스업,11,서울특별시,11380,은평구,4
M10902,도시 계획 및 조경 설계 서비스업,11,서울특별시,11410,서대문구,8
M10902,도시 계획 및 조경 설계 서비스업,11,서울특별시,11440,마포구,24
M10902,도시 계획 및 조경 설계 서비스업,11,서울특별시,11470,양천구,1
M10902,도시 계획 및 조경 설계 서비스업,11,서울특별시,11500,강서구,14
M10902,도시 계획 및 조경 설계 서비스업,11,서울특별시,11530,구로구,14
M10902,도시 계획 및 조경 설계 서비스업,11,서울특별시,11545,금천구,25
M10902,도시 계획 및 조경 설계 서비스업,11,서울특별시,11560,영등포구,20
M10902,도시 계획 및 조경 설계 서비스업,11,서울특별시,11590,동작구,6
M10902,도시 계획 및 조경 설계 서비스업,11,서울특별시,11620,관악구,5
M10902,도시 계획 및 조경 설계 서비스업,11,서울특별시,11650,서초구,78
M10902,도시 계획 및 조경 설계 서비스업,11,서울특별시,11680,강남구,115
M10902,도시 계획 및 조경 설계 서비스업,11,서울특별시,11710,송파구,92
M10902,도시 계획 및 조경 설계 서비스업,11,서울특별시,11740,강동구,15
M10903,건물 및 토목 엔지니어링 서비스업,11,서울특별시,11110,종로구,16
M10903,건물 및 토목 엔지니어링 서비스업,11,서울특별시,11140,중구,21
M10903,건물 및 토목 엔지니어링 서비스업,11,서울특별시,11170,용산구,16
M10903,건물 및 토목 엔지니어링 서비스업,11,서울특별시,11200,성동구,92
M10903,건물 및 토목 엔지니어링 서비스업,11,서울특별시,11215,광진구,38
M10903,건물 및 토목 엔지니어링 서비스업,11,서울특별시,11230,동대문구,22
M10903,건물 및 토목 엔지니어링 서비스업,11,서울특별시,11260,중랑구,33
M10903,건물 및 토목 엔지니어링 서비스업,11,서울특별시,11290,성북구,21
M10903,건물 및 토목 엔지니어링 서비스업,11,서울특별시,11305,강북구,6
M10903,건물 및 토목 엔지니어링 서비스업,11,서울특별시,11320,도봉구,14
M10903,건물 및 토목 엔지니어링 서비스업,11,서울특별시,11350,노원구,25
M10903,건물 및 토목 엔지니어링 서비스업,11,서울특별시,11380,은평구,22
M10903,건물 및 토목 엔지니어링 서비스업,11,서울특별시,11410,서대문구,6
M10903,건물 및 토목 엔지니어링 서비스업,11,서울특별시,11440,마포구,63
M10903,건물 및 토목 엔지니어링 서비스업,11,서울특별시,11470,양천구,14
M10903,건물 및 토목 엔지니어링 서비스업,11,서울특별시,11500,강서구,76
M10903,건물 및 토목 엔지니어링 서비스업,11,서울특별시,11530,구로구,95
M10903,건물 및 토목 엔지니어링 서비스업,11,서울특별시,11545,금천구,198
M10903,건물 및 토목 엔지니어링 서비스업,11,서울특별시,11560,영등포구,96
M10903,건물 및 토목 엔지니어링 서비스업,11,서울특별시,11590,동작구,23
M10903,건물 및 토목 엔지니어링 서비스업,11,서울특별시,11620,관악구,33
M10903,건물 및 토목 엔지니어링 서비스업,11,서울특별시,11650,서초구,169
M10903,건물 및 토목 엔지니어링 서비스업,11,서울특별시,11680,강남구,189
M10903,건물 및 토목 엔지니어링 서비스업,11,서울특별시,11710,송파구,280
M10903,건물 및 토목 엔지니어링 서비스업,11,서울특별시,11740,강동구,43
M10904,환경 관련 엔지니어링 서비스업,11,서울특별시,11110,종로구,6
M10904,환경 관련 엔지니어링 서비스업,11,서울특별시,11140,중구,12
M10904,환경 관련 엔지니어링 서비스업,11,서울특별시,11170,용산구,5
M10904,환경 관련 엔지니어링 서비스업,11,서울특별시,11200,성동구,31
M10904,환경 관련 엔지니어링 서비스업,11,서울특별시,11215,광진구,10
M10904,환경 관련 엔지니어링 서비스업,11,서울특별시,11230,동대문구,4
M10904,환경 관련 엔지니어링 서비스업,11,서울특별시,11260,중랑구,8
M10904,환경 관련 엔지니어링 서비스업,11,서울특별시,11290,성북구,4
M10904,환경 관련 엔지니어링 서비스업,11,서울특별시,11305,강북구,3
M10904,환경 관련 엔지니어링 서비스업,11,서울특별시,11320,도봉구,1
M10904,환경 관련 엔지니어링 서비스업,11,서울특별시,11350,노원구,10
M10904,환경 관련 엔지니어링 서비스업,11,서울특별시,11380,은평구,5
M10904,환경 관련 엔지니어링 서비스업,11,서울특별시,11410,서대문구,4
M10904,환경 관련 엔지니어링 서비스업,11,서울특별시,11440,마포구,49
M10904,환경 관련 엔지니어링 서비스업,11,서울특별시,11470,양천구,4
M10904,환경 관련 엔지니어링 서비스업,11,서울특별시,11500,강서구,40
M10904,환경 관련 엔지니어링 서비스업,11,서울특별시,11530,구로구,35
M10904,환경 관련 엔지니어링 서비스업,11,서울특별시,11545,금천구,77
M10904,환경 관련 엔지니어링 서비스업,11,서울특별시,11560,영등포구,37
M10904,환경 관련 엔지니어링 서비스업,11,서울특별시,11590,동작구,2
M10904,환경 관련 엔지니어링 서비스업,11,서울특별시,11620,관악구,8
M10904,환경 관련 엔지니어링 서비스업,11,서울특별시,11650,서초구,33
M10904,환경 관련 엔지니어링 서비스업,11,서울특별시,11680,강남구,77
M10904,환경 관련 엔지니어링 서비스업,11,서울특별시,11710,송파구,49
M10904,환경 관련 엔지니어링 서비스업,11,서울특별시,11740,강동구,16
M10999,기타 엔지니어링 서비스업,11,서울특별시,11110,종로구,55
M10999,기타 엔지니어링 서비스업,11,서울특별시,11140,중구,31
M10999,기타 엔지니어링 서비스업,11,서울특별시,11170,용산구,25
M10999,기타 엔지니어링 서비스업,11,서울특별시,11200,성동구,110
M10999,기타 엔지니어링 서비스업,11,서울특별시,11215,광진구,40
M10999,기타 엔지니어링 서비스업,11,서울특별시,11230,동대문구,44
M10999,기타 엔지니어링 서비스업,11,서울특별시,11260,중랑구,24
M10999,기타 엔지니어링 서비스업,11,서울특별시,11290,성북구,25
M10999,기타 엔지니어링 서비스업,11,서울특별시,11305,강북구,11
M10999,기타 엔지니어링 서비스업,11,서울특별시,11320,도봉구,12
M10999,기타 엔지니어링 서비스업,11,서울특별시,11350,노원구,28
M10999,기타 엔지니어링 서비스업,11,서울특별시,11380,은평구,23
M10999,기타 엔지니어링 서비스업,11,서울특별시,11410,서대문구,34
M10999,기타 엔지니어링 서비스업,11,서울특별시,11440,마포구,71
M10999,기타 엔지니어링 서비스업,11,서울특별시,11470,양천구,25
M10999,기타 엔지니어링 서비스업,11,서울특별시,11500,강서구,93
M10999,기타 엔지니어링 서비스업,11,서울특별시,11530,구로구,154
M10999,기타 엔지니어링 서비스업,11,서울특별시,11545,금천구,424
M10999,기타 엔지니어링 서비스업,11,서울특별시,11560,영등포구,134
M10999,기타 엔지니어링 서비스업,11,서울특별시,11590,동작구,33
M10999,기타 엔지니어링 서비스업,11,서울특별시,11620,관악구,52
M10999,기타 엔지니어링 서비스업,11,서울특별시,11650,서초구,210
M10999,기타 엔지니어링 서비스업,11,서울특별시,11680,강남구,266
M10999,기타 엔지니어링 서비스업,11,서울특별시,11710,송파구,238
M10999,기타 엔지니어링 서비스업,11,서울특별시,11740,강동구,42
M11101,동물병원,11,서울특별시,11110,종로구,11
M11101,동물병원,11,서울특별시,11140,중구,14
M11101,동물병원,11,서울특별시,11170,용산구,25
M11101,동물병원,11,서울특별시,11200,성동구,24
M11101,동물병원,11,서울특별시,11215,광진구,30
M11101,동물병원,11,서울특별시,11230,동대문구,29
M11101,동물병원,11,서울특별시,11260,중랑구,31
M11101,동물병원,11,서울특별시,11290,성북구,30
M11101,동물병원,11,서울특별시,11305,강북구,25
M11101,동물병원,11,서울특별시,11320,도봉구,24
M11101,동물병원,11,서울특별시,11350,노원구,42
M11101,동물병원,11,서울특별시,11380,은평구,36
M11101,동물병원,11,서울특별시,11410,서대문구,26
M11101,동물병원,11,서울특별시,11440,마포구,44
M11101,동물병원,11,서울특별시,11470,양천구,49
M11101,동물병원,11,서울특별시,11500,강서구,48
M11101,동물병원,11,서울특별시,11530,구로구,27
M11101,동물병원,11,서울특별시,11545,금천구,14
M11101,동물병원,11,서울특별시,11560,영등포구,33
M11101,동물병원,11,서울특별시,11590,동작구,23
M11101,동물병원,11,서울특별시,11620,관악구,27
M11101,동물병원,11,서울특별시,11650,서초구,58
M11101,동물병원,11,서울특별시,11680,강남구,92
M11101,동물병원,11,서울특별시,11710,송파구,85
M11101,동물병원,11,서울특별시,11740,강동구,58
M11201,인테리어 디자인업,11,서울특별시,11110,종로구,153
M11201,인테리어 디자인업,11,서울특별시,11140,중구,89
M11201,인테리어 디자인업,11,서울특별시,11170,용산구,180
M11201,인테리어 디자인업,11,서울특별시,11200,성동구,226
M11201,인테리어 디자인업,11,서울특별시,11215,광진구,187
M11201,인테리어 디자인업,11,서울특별시,11230,동대문구,145
M11201,인테리어 디자인업,11,서울특별시,11260,중랑구,203
M11201,인테리어 디자인업,11,서울특별시,11290,성북구,188
M11201,인테리어 디자인업,11,서울특별시,11305,강북구,154
M11201,인테리어 디자인업,11,서울특별시,11320,도봉구,170
M11201,인테리어 디자인업,11,서울특별시,11350,노원구,184
M11201,인테리어 디자인업,11,서울특별시,11380,은평구,203
M11201,인테리어 디자인업,11,서울특별시,11410,서대문구,170
M11201,인테리어 디자인업,11,서울특별시,11440,마포구,346
M11201,인테리어 디자인업,11,서울특별시,11470,양천구,160
M11201,인테리어 디자인업,11,서울특별시,11500,강서구,289
M11201,인테리어 디자인업,11,서울특별시,11530,구로구,191
M11201,인테리어 디자인업,11,서울특별시,11545,금천구,324
M11201,인테리어 디자인업,11,서울특별시,11560,영등포구,247
M11201,인테리어 디자인업,11,서울특별시,11590,동작구,155
M11201,인테리어 디자인업,11,서울특별시,11620,관악구,217
M11201,인테리어 디자인업,11,서울특별시,11650,서초구,361
M11201,인테리어 디자인업,11,서울특별시,11680,강남구,588
M11201,인테리어 디자인업,11,서울특별시,11710,송파구,378
M11201,인테리어 디자인업,11,서울특별시,11740,강동구,221
M11202,제품 디자인업,11,서울특별시,11110,종로구,65
M11202,제품 디자인업,11,서울특별시,11140,중구,74
M11202,제품 디자인업,11,서울특별시,11170,용산구,55
M11202,제품 디자인업,11,서울특별시,11200,성동구,115
M11202,제품 디자인업,11,서울특별시,11215,광진구,29
M11202,제품 디자인업,11,서울특별시,11230,동대문구,20
M11202,제품 디자인업,11,서울특별시,11260,중랑구,14
M11202,제품 디자인업,11,서울특별시,11290,성북구,27
M11202,제품 디자인업,11,서울특별시,11305,강북구,12
M11202,제품 디자인업,11,서울특별시,11320,도봉구,10
M11202,제품 디자인업,11,서울특별시,11350,노원구,22
M11202,제품 디자인업,11,서울특별시,11380,은평구,20
M11202,제품 디자인업,11,서울특별시,11410,서대문구,32
M11202,제품 디자인업,11,서울특별시,11440,마포구,159
M11202,제품 디자인업,11,서울특별시,11470,양천구,24
M11202,제품 디자인업,11,서울특별시,11500,강서구,68
M11202,제품 디자인업,11,서울특별시,11530,구로구,67
M11202,제품 디자인업,11,서울특별시,11545,금천구,268
M11202,제품 디자인업,11,서울특별시,11560,영등포구,120
M11202,제품 디자인업,11,서울특별시,11590,동작구,14
M11202,제품 디자인업,11,서울특별시,11620,관악구,33
M11202,제품 디자인업,11,서울특별시,11650,서초구,132
M11202,제품 디자인업,11,서울특별시,11680,강남구,189
M11202,제품 디자인업,11,서울특별시,11710,송파구,112
M11202,제품 디자인업,11,서울특별시,11740,강동구,22
M11203,시각 디자인업,11,서울특별시,11110,종로구,236
M11203,시각 디자인업,11,서울특별시,11140,중구,323
M11203,시각 디자인업,11,서울특별시,11170,용산구,237
M11203,시각 디자인업,11,서울특별시,11200,성동구,301
M11203,시각 디자인업,11,서울특별시,11215,광진구,224
M11203,시각 디자인업,11,서울특별시,11230,동대문구,99
M11203,시각 디자인업,11,서울특별시,11260,중랑구,108
M11203,시각 디자인업,11,서울특별시,11290,성북구,153
M11203,시각 디자인업,11,서울특별시,11305,강북구,80
M11203,시각 디자인업,11,서울특별시,11320,도봉구,60
M11203,시각 디자인업,11,서울특별시,11350,노원구,49
M11203,시각 디자인업,11,서울특별시,11380,은평구,164
M11203,시각 디자인업,11,서울특별시,11410,서대문구,205
M11203,시각 디자인업,11,서울특별시,11440,마포구,770
M11203,시각 디자인업,11,서울특별시,11470,양천구,71
M11203,시각 디자인업,11,서울특별시,11500,강서구,234
M11203,시각 디자인업,11,서울특별시,11530,구로구,144
M11203,시각 디자인업,11,서울특별시,11545,금천구,385
M11203,시각 디자인업,11,서울특별시,11560,영등포구,317
M11203,시각 디자인업,11,서울특별시,11590,동작구,127
M11203,시각 디자인업,11,서울특별시,11620,관악구,244
M11203,시각 디자인업,11,서울특별시,11650,서초구,400
M11203,시각 디자인업,11,서울특별시,11680,강남구,756
M11203,시각 디자인업,11,서울특별시,11710,송파구,331
M11203,시각 디자인업,11,서울특별시,11740,강동구,113
M11204,패션/섬유/기타 전문 디자인업,11,서울특별시,11110,종로구,93
M11204,패션/섬유/기타 전문 디자인업,11,서울특별시,11140,중구,111
M11204,패션/섬유/기타 전문 디자인업,11,서울특별시,11170,용산구,57
M11204,패션/섬유/기타 전문 디자인업,11,서울특별시,11200,성동구,132
M11204,패션/섬유/기타 전문 디자인업,11,서울특별시,11215,광진구,31
M11204,패션/섬유/기타 전문 디자인업,11,서울특별시,11230,동대문구,47
M11204,패션/섬유/기타 전문 디자인업,11,서울특별시,11260,중랑구,26
M11204,패션/섬유/기타 전문 디자인업,11,서울특별시,11290,성북구,32
M11204,패션/섬유/기타 전문 디자인업,11,서울특별시,11305,강북구,13
M11204,패션/섬유/기타 전문 디자인업,11,서울특별시,11320,도봉구,10
M11204,패션/섬유/기타 전문 디자인업,11,서울특별시,11350,노원구,7
M11204,패션/섬유/기타 전문 디자인업,11,서울특별시,11380,은평구,14
M11204,패션/섬유/기타 전문 디자인업,11,서울특별시,11410,서대문구,23
M11204,패션/섬유/기타 전문 디자인업,11,서울특별시,11440,마포구,110
M11204,패션/섬유/기타 전문 디자인업,11,서울특별시,11470,양천구,11
M11204,패션/섬유/기타 전문 디자인업,11,서울특별시,11500,강서구,42
M11204,패션/섬유/기타 전문 디자인업,11,서울특별시,11530,구로구,49
M11204,패션/섬유/기타 전문 디자인업,11,서울특별시,11545,금천구,173
M11204,패션/섬유/기타 전문 디자인업,11,서울특별시,11560,영등포구,67
M11204,패션/섬유/기타 전문 디자인업,11,서울특별시,11590,동작구,18
M11204,패션/섬유/기타 전문 디자인업,11,서울특별시,11620,관악구,20
M11204,패션/섬유/기타 전문 디자인업,11,서울특별시,11650,서초구,56
M11204,패션/섬유/기타 전문 디자인업,11,서울특별시,11680,강남구,217
M11204,패션/섬유/기타 전문 디자인업,11,서울특별시,11710,송파구,62
M11204,패션/섬유/기타 전문 디자인업,11,서울특별시,11740,강동구,22
M11301,사진촬영업,11,서울특별시,11110,종로구,274
M11301,사진촬영업,11,서울특별시,11140,중구,233
M11301,사진촬영업,11,서울특별시,11170,용산구,290
M11301,사진촬영업,11,서울특별시,11200,성동구,323
M11301,사진촬영업,11,서울특별시,11215,광진구,291
M11301,사진촬영업,11,서울특별시,11230,동대문구,166
M11301,사진촬영업,11,서울특별시,11260,중랑구,143
M11301,사진촬영업,11,서울특별시,11290,성북구,181
M11301,사진촬영업,11,서울특별시,11305,강북구,99
M11301,사진촬영업,11,서울특별시,11320,도봉구,61
M11301,사진촬영업,11,서울특별시,11350,노원구,125
M11301,사진촬영업,11,서울특별시,11380,은평구,129
M11301,사진촬영업,11,서울특별시,11410,서대문구,192
M11301,사진촬영업,11,서울특별시,11440,마포구,676
M11301,사진촬영업,11,서울특별시,11470,양천구,104
M11301,사진촬영업,11,서울특별시,11500,강서구,242
M11301,사진촬영업,11,서울특별시,11530,구로구,109
M11301,사진촬영업,11,서울특별시,11545,금천구,111
M11301,사진촬영업,11,서울특별시,11560,영등포구,272
M11301,사진촬영업,11,서울특별시,11590,동작구,146
M11301,사진촬영업,11,서울특별시,11620,관악구,217
M11301,사진촬영업,11,서울특별시,11650,서초구,464
M11301,사진촬영업,11,서울특별시,11680,강남구,1382
M11301,사진촬영업,11,서울특별시,11710,송파구,299
M11301,사진촬영업,11,서울특별시,11740,강동구,153
M11401,명함/간판/광고물 제작,11,서울특별시,11110,종로구,193
M11401,명함/간판/광고물 제작,11,서울특별시,11140,중구,1005
M11401,명함/간판/광고물 제작,11,서울특별시,11170,용산구,63
M11401,명함/간판/광고물 제작,11,서울특별시,11200,성동구,182
M11401,명함/간판/광고물 제작,11,서울특별시,11215,광진구,118
M11401,명함/간판/광고물 제작,11,서울특별시,11230,동대문구,103
M11401,명함/간판/광고물 제작,11,서울특별시,11260,중랑구,103
M11401,명함/간판/광고물 제작,11,서울특별시,11290,성북구,62
M11401,명함/간판/광고물 제작,11,서울특별시,11305,강북구,59
M11401,명함/간판/광고물 제작,11,서울특별시,11320,도봉구,51
M11401,명함/간판/광고물 제작,11,서울특별시,11350,노원구,46
M11401,명함/간판/광고물 제작,11,서울특별시,11380,은평구,89
M11401,명함/간판/광고물 제작,11,서울특별시,11410,서대문구,55
M11401,명함/간판/광고물 제작,11,서울특별시,11440,마포구,142
M11401,명함/간판/광고물 제작,11,서울특별시,11470,양천구,69
M11401,명함/간판/광고물 제작,11,서울특별시,11500,강서구,85
M11401,명함/간판/광고물 제작,11,서울특별시,11530,구로구,98
M11401,명함/간판/광고물 제작,11,서울특별시,11545,금천구,168
M11401,명함/간판/광고물 제작,11,서울특별시,11560,영등포구,313
M11401,명함/간판/광고물 제작,11,서울특별시,11590,동작구,60
M11401,명함/간판/광고물 제작,11,서울특별시,11620,관악구,59
M11401,명함/간판/광고물 제작,11,서울특별시,11650,서초구,139
M11401,명함/간판/광고물 제작,11,서울특별시,11680,강남구,203
M11401,명함/간판/광고물 제작,11,서울특별시,11710,송파구,148
M11401,명함/간판/광고물 제작,11,서울특별시,11740,강동구,89
M11502,번역/통역 서비스업,11,서울특별시,11110,종로구,70
M11502,번역/통역 서비스업,11,서울특별시,11140,중구,50
M11502,번역/통역 서비스업,11,서울특별시,11170,용산구,29
M11502,번역/통역 서비스업,11,서울특별시,11200,성동구,24
M11502,번역/통역 서비스업,11,서울특별시,11215,광진구,20
M11502,번역/통역 서비스업,11,서울특별시,11230,동대문구,17
M11502,번역/통역 서비스업,11,서울특별시,11260,중랑구,7
M11502,번역/통역 서비스업,11,서울특별시,11290,성북구,17
M11502,번역/통역 서비스업,11,서울특별시,11305,강북구,13
M11502,번역/통역 서비스업,11,서울특별시,11320,도봉구,6
M11502,번역/통역 서비스업,11,서울특별시,11350,노원구,5
M11502,번역/통역 서비스업,11,서울특별시,11380,은평구,17
M11502,번역/통역 서비스업,11,서울특별시,11410,서대문구,40
M11502,번역/통역 서비스업,11,서울특별시,11440,마포구,77
M11502,번역/통역 서비스업,11,서울특별시,11470,양천구,26
M11502,번역/통역 서비스업,11,서울특별시,11500,강서구,40
M11502,번역/통역 서비스업,11,서울특별시,11530,구로구,33
M11502,번역/통역 서비스업,11,서울특별시,11545,금천구,72
M11502,번역/통역 서비스업,11,서울특별시,11560,영등포구,93
M11502,번역/통역 서비스업,11,서울특별시,11590,동작구,20
M11502,번역/통역 서비스업,11,서울특별시,11620,관악구,39
M11502,번역/통역 서비스업,11,서울특별시,11650,서초구,115
M11502,번역/통역 서비스업,11,서울특별시,11680,강남구,189
M11502,번역/통역 서비스업,11,서울특별시,11710,송파구,44
M11502,번역/통역 서비스업,11,서울특별시,11740,강동구,11
M11504,사업/무형 재산권 중개업,11,서울특별시,11110,종로구,31
M11504,사업/무형 재산권 중개업,11,서울특별시,11140,중구,43
M11504,사업/무형 재산권 중개업,11,서울특별시,11170,용산구,15
M11504,사업/무형 재산권 중개업,11,서울특별시,11200,성동구,53
M11504,사업/무형 재산권 중개업,11,서울특별시,11215,광진구,24
M11504,사업/무형 재산권 중개업,11,서울특별시,11230,동대문구,16
M11504,사업/무형 재산권 중개업,11,서울특별시,11260,중랑구,11
M11504,사업/무형 재산권 중개업,11,서울특별시,11290,성북구,13
M11504,사업/무형 재산권 중개업,11,서울특별시,11305,강북구,11
M11504,사업/무형 재산권 중개업,11,서울특별시,11320,도봉구,8
M11504,사업/무형 재산권 중개업,11,서울특별시,11350,노원구,14
M11504,사업/무형 재산권 중개업,11,서울특별시,11380,은평구,22
M11504,사업/무형 재산권 중개업,11,서울특별시,11410,서대문구,18
M11504,사업/무형 재산권 중개업,11,서울특별시,11440,마포구,66
M11504,사업/무형 재산권 중개업,11,서울특별시,11470,양천구,12
M11504,사업/무형 재산권 중개업,11,서울특별시,11500,강서구,37
M11504,사업/무형 재산권 중개업,11,서울특별시,11530,구로구,34
M11504,사업/무형 재산권 중개업,11,서울특별시,11545,금천구,45
M11504,사업/무형 재산권 중개업,11,서울특별시,11560,영등포구,95
M11504,사업/무형 재산권 중개업,11,서울특별시,11590,동작구,12
M11504,사업/무형 재산권 중개업,11,서울특별시,11620,관악구,19
M11504,사업/무형 재산권 중개업,11,서울특별시,11650,서초구,160
M11504,사업/무형 재산권 중개업,11,서울특별시,11680,강남구,320
M11504,사업/무형 재산권 중개업,11,서울특별시,11710,송파구,103
M11504,사업/무형 재산권 중개업,11,서울특별시,11740,강동구,17
N10101,사업시설 유지·관리 서비스업,11,서울특별시,11110,종로구,44
N10101,사업시설 유지·관리 서비스업,11,서울특별시,11140,중구,71
N10101,사업시설 유지·관리 서비스업,11,서울특별시,11170,용산구,32
N10101,사업시설 유지·관리 서비스업,11,서울특별시,11200,성동구,58
N10101,사업시설 유지·관리 서비스업,11,서울특별시,11215,광진구,44
N10101,사업시설 유지·관리 서비스업,11,서울특별시,11230,동대문구,40
N10101,사업시설 유지·관리 서비스업,11,서울특별시,11260,중랑구,28
N10101,사업시설 유지·관리 서비스업,11,서울특별시,11290,성북구,23
N10101,사업시설 유지·관리 서비스업,11,서울특별시,11305,강북구,27
N10101,사업시설 유지·관리 서비스업,11,서울특별시,11320,도봉구,20
N10101,사업시설 유지·관리 서비스업,11,서울특별시,11350,노원구,21
N10101,사업시설 유지·관리 서비스업,11,서울특별시,11380,은평구,34
N10101,사업시설 유지·관리 서비스업,11,서울특별시,11410,서대문구,25
N10101,사업시설 유지·관리 서비스업,11,서울특별시,11440,마포구,82
N10101,사업시설 유지·관리 서비스업,11,서울특별시,11470,양천구,45
N10101,사업시설 유지·관리 서비스업,11,서울특별시,11500,강서구,76
N10101,사업시설 유지·관리 서비스업,11,서울특별시,11530,구로구,76
N10101,사업시설 유지·관리 서비스업,11,서울특별시,11545,금천구,103
N10101,사업시설 유지·관리 서비스업,11,서울특별시,11560,영등포구,117
N10101,사업시설 유지·관리 서비스업,11,서울특별시,11590,동작구,30
N10101,사업시설 유지·관리 서비스업,11,서울특별시,11620,관악구,49
N10101,사업시설 유지·관리 서비스업,11,서울특별시,11650,서초구,155
N10101,사업시설 유지·관리 서비스업,11,서울특별시,11680,강남구,248
N10101,사업시설 유지·관리 서비스업,11,서울특별시,11710,송파구,125
N10101,사업시설 유지·관리 서비스업,11,서울특별시,11740,강동구,52
N10201,건축물 일반 청소업,11,서울특별시,11110,종로구,102
N10201,건축물 일반 청소업,11,서울특별시,11140,중구,63
N10201,건축물 일반 청소업,11,서울특별시,11170,용산구,81
N10201,건축물 일반 청소업,11,서울특별시,11200,성동구,123
N10201,건축물 일반 청소업,11,서울특별시,11215,광진구,217
N10201,건축물 일반 청소업,11,서울특별시,11230,동대문구,147
N10201,건축물 일반 청소업,11,서울특별시,11260,중랑구,240
N10201,건축물 일반 청소업,11,서울특별시,11290,성북구,116
N10201,건축물 일반 청소업,11,서울특별시,11305,강북구,163
N10201,건축물 일반 청소업,11,서울특별시,11320,도봉구,121
N10201,건축물 일반 청소업,11,서울특별시,11350,노원구,135
N10201,건축물 일반 청소업,11,서울특별시,11380,은평구,151
N10201,건축물 일반 청소업,11,서울특별시,11410,서대문구,102
N10201,건축물 일반 청소업,11,서울특별시,11440,마포구,206
N10201,건축물 일반 청소업,11,서울특별시,11470,양천구,153
N10201,건축물 일반 청소업,11,서울특별시,11500,강서구,265
N10201,건축물 일반 청소업,11,서울특별시,11530,구로구,180
N10201,건축물 일반 청소업,11,서울특별시,11545,금천구,187
N10201,건축물 일반 청소업,11,서울특별시,11560,영등포구,268
N10201,건축물 일반 청소업,11,서울특별시,11590,동작구,128
N10201,건축물 일반 청소업,11,서울특별시,11620,관악구,296
N10201,건축물 일반 청소업,11,서울특별시,11650,서초구,242
N10201,건축물 일반 청소업,11,서울특별시,11680,강남구,414
N10201,건축물 일반 청소업,11,서울특별시,11710,송파구,291
N10201,건축물 일반 청소업,11,서울특별시,11740,강동구,201
N10202,산업설비; 운송장비 및 공공장소 청소업,11,서울특별시,11110,종로구,10
N10202,산업설비; 운송장비 및 공공장소 청소업,11,서울특별시,11140,중구,11
N10202,산업설비; 운송장비 및 공공장소 청소업,11,서울특별시,11170,용산구,13
N10202,산업설비; 운송장비 및 공공장소 청소업,11,서울특별시,11200,성동구,14
N10202,산업설비; 운송장비 및 공공장소 청소업,11,서울특별시,11215,광진구,16
N10202,산업설비; 운송장비 및 공공장소 청소업,11,서울특별시,11230,동대문구,18
N10202,산업설비; 운송장비 및 공공장소 청소업,11,서울특별시,11260,중랑구,23
N10202,산업설비; 운송장비 및 공공장소 청소업,11,서울특별시,11290,성북구,13
N10202,산업설비; 운송장비 및 공공장소 청소업,11,서울특별시,11305,강북구,22
N10202,산업설비; 운송장비 및 공공장소 청소업,11,서울특별시,11320,도봉구,12
N10202,산업설비; 운송장비 및 공공장소 청소업,11,서울특별시,11350,노원구,18
N10202,산업설비; 운송장비 및 공공장소 청소업,11,서울특별시,11380,은평구,20
N10202,산업설비; 운송장비 및 공공장소 청소업,11,서울특별시,11410,서대문구,13
N10202,산업설비; 운송장비 및 공공장소 청소업,11,서울특별시,11440,마포구,14
N10202,산업설비; 운송장비 및 공공장소 청소업,11,서울특별시,11470,양천구,16
N10202,산업설비; 운송장비 및 공공장소 청소업,11,서울특별시,11500,강서구,29
N10202,산업설비; 운송장비 및 공공장소 청소업,11,서울특별시,11530,구로구,19
N10202,산업설비; 운송장비 및 공공장소 청소업,11,서울특별시,11545,금천구,20
N10202,산업설비; 운송장비 및 공공장소 청소업,11,서울특별시,11560,영등포구,35
N10202,산업설비; 운송장비 및 공공장소 청소업,11,서울특별시,11590,동작구,13
N10202,산업설비; 운송장비 및 공공장소 청소업,11,서울특별시,11620,관악구,22
N10202,산업설비; 운송장비 및 공공장소 청소업,11,서울특별시,11650,서초구,31
N10202,산업설비; 운송장비 및 공공장소 청소업,11,서울특별시,11680,강남구,40
N10202,산업설비; 운송장비 및 공공장소 청소업,11,서울특별시,11710,송파구,34
N10202,산업설비; 운송장비 및 공공장소 청소업,11,서울특별시,11740,강동구,27
N10203,소독; 구충 및 방제 서비스업,11,서울특별시,11110,종로구,14
N10203,소독; 구충 및 방제 서비스업,11,서울특별시,11140,중구,13
N10203,소독; 구충 및 방제 서비스업,11,서울특별시,11170,용산구,13
N10203,소독; 구충 및 방제 서비스업,11,서울특별시,11200,성동구,19
N10203,소독; 구충 및 방제 서비스업,11,서울특별시,11215,광진구,31
N10203,소독; 구충 및 방제 서비스업,11,서울특별시,11230,동대문구,23
N10203,소독; 구충 및 방제 서비스업,11,서울특별시,11260,중랑구,35
N10203,소독; 구충 및 방제 서비스업,11,서울특별시,11290,성북구,18
N10203,소독; 구충 및 방제 서비스업,11,서울특별시,11305,강북구,15
N10203,소독; 구충 및 방제 서비스업,11,서울특별시,11320,도봉구,27
N10203,소독; 구충 및 방제 서비스업,11,서울특별시,11350,노원구,30
N10203,소독; 구충 및 방제 서비스업,11,서울특별시,11380,은평구,36
N10203,소독; 구충 및 방제 서비스업,11,서울특별시,11410,서대문구,11
N10203,소독; 구충 및 방제 서비스업,11,서울특별시,11440,마포구,20
N10203,소독; 구충 및 방제 서비스업,11,서울특별시,11470,양천구,20
N10203,소독; 구충 및 방제 서비스업,11,서울특별시,11500,강서구,46
N10203,소독; 구충 및 방제 서비스업,11,서울특별시,11530,구로구,27
N10203,소독; 구충 및 방제 서비스업,11,서울특별시,11545,금천구,23
N10203,소독; 구충 및 방제 서비스업,11,서울특별시,11560,영등포구,35
N10203,소독; 구충 및 방제 서비스업,11,서울특별시,11590,동작구,8
N10203,소독; 구충 및 방제 서비스업,11,서울특별시,11620,관악구,24
N10203,소독; 구충 및 방제 서비스업,11,서울특별시,11650,서초구,19
N10203,소독; 구충 및 방제 서비스업,11,서울특별시,11680,강남구,49
N10203,소독; 구충 및 방제 서비스업,11,서울특별시,11710,송파구,40
N10203,소독; 구충 및 방제 서비스업,11,서울특별시,11740,강동구,29
N10301,조경 유지·관리 서비스업,11,서울특별시,11140,중구,5
N10301,조경 유지·관리 서비스업,11,서울특별시,11170,용산구,8
N10301,조경 유지·관리 서비스업,11,서울특별시,11200,성동구,5
N10301,조경 유지·관리 서비스업,11,서울특별시,11215,광진구,5
N10301,조경 유지·관리 서비스업,11,서울특별시,11230,동대문구,1
N10301,조경 유지·관리 서비스업,11,서울특별시,11260,중랑구,2
N10301,조경 유지·관리 서비스업,11,서울특별시,11290,성북구,3
N10301,조경 유지·관리 서비스업,11,서울특별시,11305,강북구,2
N10301,조경 유지·관리 서비스업,11,서울특별시,11320,도봉구,2
N10301,조경 유지·관리 서비스업,11,서울특별시,11350,노원구,4
N10301,조경 유지·관리 서비스업,11,서울특별시,11380,은평구,5
N10301,조경 유지·관리 서비스업,11,서울특별시,11410,서대문구,3
N10301,조경 유지·관리 서비스업,11,서울특별시,11440,마포구,8
N10301,조경 유지·관리 서비스업,11,서울특별시,11470,양천구,3
N10301,조경 유지·관리 서비스업,11,서울특별시,11500,강서구,8
N10301,조경 유지·관리 서비스업,11,서울특별시,11530,구로구,4
N10301,조경 유지·관리 서비스업,11,서울특별시,11545,금천구,2
N10301,조경 유지·관리 서비스업,11,서울특별시,11560,영등포구,5
N10301,조경 유지·관리 서비스업,11,서울특별시,11590,동작구,4
N10301,조경 유지·관리 서비스업,11,서울특별시,11620,관악구,5
N10301,조경 유지·관리 서비스업,11,서울특별시,11650,서초구,12
N10301,조경 유지·관리 서비스업,11,서울특별시,11680,강남구,9
N10301,조경 유지·관리 서비스업,11,서울특별시,11710,송파구,10
N10301,조경 유지·관리 서비스업,11,서울특별시,11740,강동구,15
N10401,고용 알선업,11,서울특별시,11110,종로구,81
N10401,고용 알선업,11,서울특별시,11140,중구,73
N10401,고용 알선업,11,서울특별시,11170,용산구,39
N10401,고용 알선업,11,서울특별시,11200,성동구,48
N10401,고용 알선업,11,서울특별시,11215,광진구,89
N10401,고용 알선업,11,서울특별시,11230,동대문구,63
N10401,고용 알선업,11,서울특별시,11260,중랑구,63
N10401,고용 알선업,11,서울특별시,11290,성북구,21
N10401,고용 알선업,11,서울특별시,11305,강북구,53
N10401,고용 알선업,11,서울특별시,11320,도봉구,39
N10401,고용 알선업,11,서울특별시,11350,노원구,48
N10401,고용 알선업,11,서울특별시,11380,은평구,41
N10401,고용 알선업,11,서울특별시,11410,서대문구,38
N10401,고용 알선업,11,서울특별시,11440,마포구,88
N10401,고용 알선업,11,서울특별시,11470,양천구,43
N10401,고용 알선업,11,서울특별시,11500,강서구,108
N10401,고용 알선업,11,서울특별시,11530,구로구,117
N10401,고용 알선업,11,서울특별시,11545,금천구,90
N10401,고용 알선업,11,서울특별시,11560,영등포구,198
N10401,고용 알선업,11,서울특별시,11590,동작구,39
N10401,고용 알선업,11,서울특별시,11620,관악구,82
N10401,고용 알선업,11,서울특별시,11650,서초구,195
N10401,고용 알선업,11,서울특별시,11680,강남구,315
N10401,고용 알선업,11,서울특별시,11710,송파구,107
N10401,고용 알선업,11,서울특별시,11740,강동구,99
N10402,임시/일용 인력 공급업,11,서울특별시,11110,종로구,28
N10402,임시/일용 인력 공급업,11,서울특별시,11140,중구,26
N10402,임시/일용 인력 공급업,11,서울특별시,11170,용산구,31
N10402,임시/일용 인력 공급업,11,서울특별시,11200,성동구,37
N10402,임시/일용 인력 공급업,11,서울특별시,11215,광진구,39
N10402,임시/일용 인력 공급업,11,서울특별시,11230,동대문구,28
N10402,임시/일용 인력 공급업,11,서울특별시,11260,중랑구,17
N10402,임시/일용 인력 공급업,11,서울특별시,11290,성북구,23
N10402,임시/일용 인력 공급업,11,서울특별시,11305,강북구,23
N10402,임시/일용 인력 공급업,11,서울특별시,11320,도봉구,15
N10402,임시/일용 인력 공급업,11,서울특별시,11350,노원구,11
N10402,임시/일용 인력 공급업,11,서울특별시,11380,은평구,24
N10402,임시/일용 인력 공급업,11,서울특별시,11410,서대문구,23
N10402,임시/일용 인력 공급업,11,서울특별시,11440,마포구,65
N10402,임시/일용 인력 공급업,11,서울특별시,11470,양천구,21
N10402,임시/일용 인력 공급업,11,서울특별시,11500,강서구,61
N10402,임시/일용 인력 공급업,11,서울특별시,11530,구로구,58
N10402,임시/일용 인력 공급업,11,서울특별시,11545,금천구,61
N10402,임시/일용 인력 공급업,11,서울특별시,11560,영등포구,111
N10402,임시/일용 인력 공급업,11,서울특별시,11590,동작구,18
N10402,임시/일용 인력 공급업,11,서울특별시,11620,관악구,35
N10402,임시/일용 인력 공급업,11,서울특별시,11650,서초구,99
N10402,임시/일용 인력 공급업,11,서울특별시,11680,강남구,181
N10402,임시/일용 인력 공급업,11,서울특별시,11710,송파구,75
N10402,임시/일용 인력 공급업,11,서울특별시,11740,강동구,28
N10403,상용 인력 공급 및 인사관리 서비스업,11,서울특별시,11110,종로구,13
N10403,상용 인력 공급 및 인사관리 서비스업,11,서울특별시,11140,중구,40
N10403,상용 인력 공급 및 인사관리 서비스업,11,서울특별시,11170,용산구,7
N10403,상용 인력 공급 및 인사관리 서비스업,11,서울특별시,11200,성동구,10
N10403,상용 인력 공급 및 인사관리 서비스업,11,서울특별시,11215,광진구,8
N10403,상용 인력 공급 및 인사관리 서비스업,11,서울특별시,11230,동대문구,8
N10403,상용 인력 공급 및 인사관리 서비스업,11,서울특별시,11260,중랑구,8
N10403,상용 인력 공급 및 인사관리 서비스업,11,서울특별시,11290,성북구,3
N10403,상용 인력 공급 및 인사관리 서비스업,11,서울특별시,11305,강북구,7
N10403,상용 인력 공급 및 인사관리 서비스업,11,서울특별시,11320,도봉구,2
N10403,상용 인력 공급 및 인사관리 서비스업,11,서울특별시,11350,노원구,4
N10403,상용 인력 공급 및 인사관리 서비스업,11,서울특별시,11380,은평구,3
N10403,상용 인력 공급 및 인사관리 서비스업,11,서울특별시,11410,서대문구,3
N10403,상용 인력 공급 및 인사관리 서비스업,11,서울특별시,11440,마포구,25
N10403,상용 인력 공급 및 인사관리 서비스업,11,서울특별시,11470,양천구,9
N10403,상용 인력 공급 및 인사관리 서비스업,11,서울특별시,11500,강서구,37
N10403,상용 인력 공급 및 인사관리 서비스업,11,서울특별시,11530,구로구,29
N10403,상용 인력 공급 및 인사관리 서비스업,11,서울특별시,11545,금천구,43
N10403,상용 인력 공급 및 인사관리 서비스업,11,서울특별시,11560,영등포구,43
N10403,상용 인력 공급 및 인사관리 서비스업,11,서울특별시,11590,동작구,3
N10403,상용 인력 공급 및 인사관리 서비스업,11,서울특별시,11620,관악구,5
N10403,상용 인력 공급 및 인사관리 서비스업,11,서울특별시,11650,서초구,67
N10403,상용 인력 공급 및 인사관리 서비스업,11,서울특별시,11680,강남구,88
N10403,상용 인력 공급 및 인사관리 서비스업,11,서울특별시,11710,송파구,29
N10403,상용 인력 공급 및 인사관리 서비스업,11,서울특별시,11740,강동구,10
N10501,여행사,11,서울특별시,11110,종로구,663
N10501,여행사,11,서울특별시,11140,중구,918
N10501,여행사,11,서울특별시,11170,용산구,105
N10501,여행사,11,서울특별시,11200,성동구,79
N10501,여행사,11,서울특별시,11215,광진구,111
N10501,여행사,11,서울특별시,11230,동대문구,69
N10501,여행사,11,서울특별시,11260,중랑구,42
N10501,여행사,11,서울특별시,11290,성북구,59
N10501,여행사,11,서울특별시,11305,강북구,50
N10501,여행사,11,서울특별시,11320,도봉구,28
N10501,여행사,11,서울특별시,11350,노원구,61
N10501,여행사,11,서울특별시,11380,은평구,70
N10501,여행사,11,서울특별시,11410,서대문구,139
N10501,여행사,11,서울특별시,11440,마포구,578
N10501,여행사,11,서울특별시,11470,양천구,67
N10501,여행사,11,서울특별시,11500,강서구,341
N10501,여행사,11,서울특별시,11530,구로구,167
N10501,여행사,11,서울특별시,11545,금천구,151
N10501,여행사,11,서울특별시,11560,영등포구,345
N10501,여행사,11,서울특별시,11590,동작구,34
N10501,여행사,11,서울특별시,11620,관악구,65
N10501,여행사,11,서울특별시,11650,서초구,297
N10501,여행사,11,서울특별시,11680,강남구,462
N10501,여행사,11,서울특별시,11710,송파구,186
N10501,여행사,11,서울특별시,11740,강동구,76
N10599,기타 여행 보조/예약 서비스업,11,서울특별시,11110,종로구,63
N10599,기타 여행 보조/예약 서비스업,11,서울특별시,11140,중구,88
N10599,기타 여행 보조/예약 서비스업,11,서울특별시,11170,용산구,17
N10599,기타 여행 보조/예약 서비스업,11,서울특별시,11200,성동구,19
N10599,기타 여행 보조/예약 서비스업,11,서울특별시,11215,광진구,17
N10599,기타 여행 보조/예약 서비스업,11,서울특별시,11230,동대문구,9
N10599,기타 여행 보조/예약 서비스업,11,서울특별시,11260,중랑구,8
N10599,기타 여행 보조/예약 서비스업,11,서울특별시,11290,성북구,3
N10599,기타 여행 보조/예약 서비스업,11,서울특별시,11305,강북구,8
N10599,기타 여행 보조/예약 서비스업,11,서울특별시,11320,도봉구,5
N10599,기타 여행 보조/예약 서비스업,11,서울특별시,11350,노원구,6
N10599,기타 여행 보조/예약 서비스업,11,서울특별시,11380,은평구,8
N10599,기타 여행 보조/예약 서비스업,11,서울특별시,11410,서대문구,16
N10599,기타 여행 보조/예약 서비스업,11,서울특별시,11440,마포구,45
N10599,기타 여행 보조/예약 서비스업,11,서울특별시,11470,양천구,2
N10599,기타 여행 보조/예약 서비스업,11,서울특별시,11500,강서구,31
N10599,기타 여행 보조/예약 서비스업,11,서울특별시,11530,구로구,14
N10599,기타 여행 보조/예약 서비스업,11,서울특별시,11545,금천구,16
N10599,기타 여행 보조/예약 서비스업,11,서울특별시,11560,영등포구,19
N10599,기타 여행 보조/예약 서비스업,11,서울특별시,11590,동작구,4
N10599,기타 여행 보조/예약 서비스업,11,서울특별시,11620,관악구,7
N10599,기타 여행 보조/예약 서비스업,11,서울특별시,11650,서초구,54
N10599,기타 여행 보조/예약 서비스업,11,서울특별시,11680,강남구,85
N10599,기타 여행 보조/예약 서비스업,11,서울특별시,11710,송파구,17
N10599,기타 여행 보조/예약 서비스업,11,서울특별시,11740,강동구,10
N10703,복사업,11,서울특별시,11110,종로구,34
N10703,복사업,11,서울특별시,11140,중구,25
N10703,복사업,11,서울특별시,11170,용산구,15
N10703,복사업,11,서울특별시,11200,성동구,29
N10703,복사업,11,서울특별시,11215,광진구,43
N10703,복사업,11,서울특별시,11230,동대문구,39
N10703,복사업,11,서울특별시,11260,중랑구,15
N10703,복사업,11,서울특별시,11290,성북구,42
N10703,복사업,11,서울특별시,11305,강북구,7
N10703,복사업,11,서울특별시,11320,도봉구,7
N10703,복사업,11,서울특별시,11350,노원구,34
N10703,복사업,11,서울특별시,11380,은평구,9
N10703,복사업,11,서울특별시,11410,서대문구,36
N10703,복사업,11,서울특별시,11440,마포구,32
N10703,복사업,11,서울특별시,11470,양천구,7
N10703,복사업,11,서울특별시,11500,강서구,20
N10703,복사업,11,서울특별시,11530,구로구,12
N10703,복사업,11,서울특별시,11545,금천구,9
N10703,복사업,11,서울특별시,11560,영등포구,19
N10703,복사업,11,서울특별시,11590,동작구,36
N10703,복사업,11,서울특별시,11620,관악구,35
N10703,복사업,11,서울특별시,11650,서초구,39
N10703,복사업,11,서울특별시,11680,강남구,60
N10703,복사업,11,서울특별시,11710,송파구,31
N10703,복사업,11,서울특별시,11740,강동구,16
N10799,기타 사무 지원 서비스업,11,서울특별시,11110,종로구,12
N10799,기타 사무 지원 서비스업,11,서울특별시,11140,중구,24
N10799,기타 사무 지원 서비스업,11,서울특별시,11170,용산구,14
N10799,기타 사무 지원 서비스업,11,서울특별시,11200,성동구,12
N10799,기타 사무 지원 서비스업,11,서울특별시,11215,광진구,8
N10799,기타 사무 지원 서비스업,11,서울특별시,11230,동대문구,7
N10799,기타 사무 지원 서비스업,11,서울특별시,11260,중랑구,10
N10799,기타 사무 지원 서비스업,11,서울특별시,11290,성북구,7
N10799,기타 사무 지원 서비스업,11,서울특별시,11305,강북구,10
N10799,기타 사무 지원 서비스업,11,서울특별시,11320,도봉구,4
N10799,기타 사무 지원 서비스업,11,서울특별시,11350,노원구,8
N10799,기타 사무 지원 서비스업,11,서울특별시,11380,은평구,9
N10799,기타 사무 지원 서비스업,11,서울특별시,11410,서대문구,12
N10799,기타 사무 지원 서비스업,11,서울특별시,11440,마포구,30
N10799,기타 사무 지원 서비스업,11,서울특별시,11470,양천구,5
N10799,기타 사무 지원 서비스업,11,서울특별시,11500,강서구,29
N10799,기타 사무 지원 서비스업,11,서울특별시,11530,구로구,13
N10799,기타 사무 지원 서비스업,11,서울특별시,11545,금천구,21
N10799,기타 사무 지원 서비스업,11,서울특별시,11560,영등포구,22
N10799,기타 사무 지원 서비스업,11,서울특별시,11590,동작구,9
N10799,기타 사무 지원 서비스업,11,서울특별시,11620,관악구,6
N10799,기타 사무 지원 서비스업,11,서울특별시,11650,서초구,49
N10799,기타 사무 지원 서비스업,11,서울특별시,11680,강남구,72
N10799,기타 사무 지원 서비스업,11,서울특별시,11710,송파구,23
N10799,기타 사무 지원 서비스업,11,서울특별시,11740,강동구,13
N10802,전시/컨벤션/행사 대행 서비스업,11,서울특별시,11110,종로구,225
N10802,전시/컨벤션/행사 대행 서비스업,11,서울특별시,11140,중구,145
N10802,전시/컨벤션/행사 대행 서비스업,11,서울특별시,11170,용산구,137
N10802,전시/컨벤션/행사 대행 서비스업,11,서울특별시,11200,성동구,191
N10802,전시/컨벤션/행사 대행 서비스업,11,서울특별시,11215,광진구,95
N10802,전시/컨벤션/행사 대행 서비스업,11,서울특별시,11230,동대문구,60
N10802,전시/컨벤션/행사 대행 서비스업,11,서울특별시,11260,중랑구,71
N10802,전시/컨벤션/행사 대행 서비스업,11,서울특별시,11290,성북구,89
N10802,전시/컨벤션/행사 대행 서비스업,11,서울특별시,11305,강북구,40
N10802,전시/컨벤션/행사 대행 서비스업,11,서울특별시,11320,도봉구,36
N10802,전시/컨벤션/행사 대행 서비스업,11,서울특별시,11350,노원구,47
N10802,전시/컨벤션/행사 대행 서비스업,11,서울특별시,11380,은평구,76
N10802,전시/컨벤션/행사 대행 서비스업,11,서울특별시,11410,서대문구,101
N10802,전시/컨벤션/행사 대행 서비스업,11,서울특별시,11440,마포구,334
N10802,전시/컨벤션/행사 대행 서비스업,11,서울특별시,11470,양천구,43
N10802,전시/컨벤션/행사 대행 서비스업,11,서울특별시,11500,강서구,150
N10802,전시/컨벤션/행사 대행 서비스업,11,서울특별시,11530,구로구,88
N10802,전시/컨벤션/행사 대행 서비스업,11,서울특별시,11545,금천구,143
N10802,전시/컨벤션/행사 대행 서비스업,11,서울특별시,11560,영등포구,223
N10802,전시/컨벤션/행사 대행 서비스업,11,서울특별시,11590,동작구,72
N10802,전시/컨벤션/행사 대행 서비스업,11,서울특별시,11620,관악구,66
N10802,전시/컨벤션/행사 대행 서비스업,11,서울특별시,11650,서초구,407
N10802,전시/컨벤션/행사 대행 서비스업,11,서울특별시,11680,강남구,782
N10802,전시/컨벤션/행사 대행 서비스업,11,서울특별시,11710,송파구,263
N10802,전시/컨벤션/행사 대행 서비스업,11,서울특별시,11740,강동구,84
N10805,포장/충전업,11,서울특별시,11110,종로구,16
N10805,포장/충전업,11,서울특별시,11140,중구,151
N10805,포장/충전업,11,서울특별시,11170,용산구,10
N10805,포장/충전업,11,서울특별시,11200,성동구,14
N10805,포장/충전업,11,서울특별시,11215,광진구,8
N10805,포장/충전업,11,서울특별시,11230,동대문구,20
N10805,포장/충전업,11,서울특별시,11260,중랑구,17
N10805,포장/충전업,11,서울특별시,11290,성북구,13
N10805,포장/충전업,11,서울특별시,11305,강북구,7
N10805,포장/충전업,11,서울특별시,11320,도봉구,10
N10805,포장/충전업,11,서울특별시,11350,노원구,5
N10805,포장/충전업,11,서울특별시,11380,은평구,7
N10805,포장/충전업,11,서울특별시,11410,서대문구,6
N10805,포장/충전업,11,서울특별시,11440,마포구,12
N10805,포장/충전업,11,서울특별시,11470,양천구,4
N10805,포장/충전업,11,서울특별시,11500,강서구,18
N10805,포장/충전업,11,서울특별시,11530,구로구,14
N10805,포장/충전업,11,서울특별시,11545,금천구,44
N10805,포장/충전업,11,서울특별시,11560,영등포구,9
N10805,포장/충전업,11,서울특별시,11590,동작구,4
N10805,포장/충전업,11,서울특별시,11620,관악구,3
N10805,포장/충전업,11,서울특별시,11650,서초구,6
N10805,포장/충전업,11,서울특별시,11680,강남구,18
N10805,포장/충전업,11,서울특별시,11710,송파구,15
N10805,포장/충전업,11,서울특별시,11740,강동구,6
N10901,자동차 대여업,11,서울특별시,11110,종로구,8
N10901,자동차 대여업,11,서울특별시,11140,중구,23
N10901,자동차 대여업,11,서울특별시,11170,용산구,10
N10901,자동차 대여업,11,서울특별시,11200,성동구,46
N10901,자동차 대여업,11,서울특별시,11215,광진구,27
N10901,자동차 대여업,11,서울특별시,11230,동대문구,18
N10901,자동차 대여업,11,서울특별시,11260,중랑구,10
N10901,자동차 대여업,11,서울특별시,11290,성북구,10
N10901,자동차 대여업,11,서울특별시,11305,강북구,6
N10901,자동차 대여업,11,서울특별시,11320,도봉구,15
N10901,자동차 대여업,11,서울특별시,11350,노원구,12
N10901,자동차 대여업,11,서울특별시,11380,은평구,4
N10901,자동차 대여업,11,서울특별시,11410,서대문구,6
N10901,자동차 대여업,11,서울특별시,11440,마포구,19
N10901,자동차 대여업,11,서울특별시,11470,양천구,17
N10901,자동차 대여업,11,서울특별시,11500,강서구,55
N10901,자동차 대여업,11,서울특별시,11530,구로구,20
N10901,자동차 대여업,11,서울특별시,11545,금천구,26
N10901,자동차 대여업,11,서울특별시,11560,영등포구,25
N10901,자동차 대여업,11,서울특별시,11590,동작구,8
N10901,자동차 대여업,11,서울특별시,11620,관악구,14
N10901,자동차 대여업,11,서울특별시,11650,서초구,44
N10901,자동차 대여업,11,서울특별시,11680,강남구,61
N10901,자동차 대여업,11,서울특별시,11710,송파구,43
N10901,자동차 대여업,11,서울특별시,11740,강동구,21
N10999,기타 운송장비 대여업,11,서울특별시,11110,종로구,8
N10999,기타 운송장비 대여업,11,서울특별시,11140,중구,15
N10999,기타 운송장비 대여업,11,서울특별시,11170,용산구,5
N10999,기타 운송장비 대여업,11,서울특별시,11200,성동구,2
N10999,기타 운송장비 대여업,11,서울특별시,11215,광진구,2
N10999,기타 운송장비 대여업,11,서울특별시,11230,동대문구,3
N10999,기타 운송장비 대여업,11,서울특별시,11260,중랑구,4
N10999,기타 운송장비 대여업,11,서울특별시,11290,성북구,5
N10999,기타 운송장비 대여업,11,서울특별시,11305,강북구,4
N10999,기타 운송장비 대여업,11,서울특별시,11320,도봉구,2
N10999,기타 운송장비 대여업,11,서울특별시,11350,노원구,3
N10999,기타 운송장비 대여업,11,서울특별시,11380,은평구,3
N10999,기타 운송장비 대여업,11,서울특별시,11410,서대문구,2
N10999,기타 운송장비 대여업,11,서울특별시,11440,마포구,10
N10999,기타 운송장비 대여업,11,서울특별시,11470,양천구,2
N10999,기타 운송장비 대여업,11,서울특별시,11500,강서구,10
N10999,기타 운송장비 대여업,11,서울특별시,11530,구로구,3
N10999,기타 운송장비 대여업,11,서울특별시,11545,금천구,4
N10999,기타 운송장비 대여업,11,서울특별시,11560,영등포구,21
N10999,기타 운송장비 대여업,11,서울특별시,11590,동작구,1
N10999,기타 운송장비 대여업,11,서울특별시,11620,관악구,5
N10999,기타 운송장비 대여업,11,서울특별시,11650,서초구,20
N10999,기타 운송장비 대여업,11,서울특별시,11680,강남구,25
N10999,기타 운송장비 대여업,11,서울특별시,11710,송파구,11
N10999,기타 운송장비 대여업,11,서울특별시,11740,강동구,7
N11001,스포츠/레크리에이션 용품 대여업,11,서울특별시,11110,종로구,4
N11001,스포츠/레크리에이션 용품 대여업,11,서울특별시,11140,중구,4
N11001,스포츠/레크리에이션 용품 대여업,11,서울특별시,11170,용산구,5
N11001,스포츠/레크리에이션 용품 대여업,11,서울특별시,11200,성동구,6
N11001,스포츠/레크리에이션 용품 대여업,11,서울특별시,11215,광진구,10
N11001,스포츠/레크리에이션 용품 대여업,11,서울특별시,11230,동대문구,5
N11001,스포츠/레크리에이션 용품 대여업,11,서울특별시,11260,중랑구,2
N11001,스포츠/레크리에이션 용품 대여업,11,서울특별시,11290,성북구,2
N11001,스포츠/레크리에이션 용품 대여업,11,서울특별시,11305,강북구,2
N11001,스포츠/레크리에이션 용품 대여업,11,서울특별시,11320,도봉구,1
N11001,스포츠/레크리에이션 용품 대여업,11,서울특별시,11350,노원구,5
N11001,스포츠/레크리에이션 용품 대여업,11,서울특별시,11380,은평구,3
N11001,스포츠/레크리에이션 용품 대여업,11,서울특별시,11410,서대문구,5
N11001,스포츠/레크리에이션 용품 대여업,11,서울특별시,11440,마포구,14
N11001,스포츠/레크리에이션 용품 대여업,11,서울특별시,11470,양천구,7
N11001,스포츠/레크리에이션 용품 대여업,11,서울특별시,11500,강서구,6
N11001,스포츠/레크리에이션 용품 대여업,11,서울특별시,11530,구로구,3
N11001,스포츠/레크리에이션 용품 대여업,11,서울특별시,11545,금천구,6
N11001,스포츠/레크리에이션 용품 대여업,11,서울특별시,11560,영등포구,20
N11001,스포츠/레크리에이션 용품 대여업,11,서울특별시,11590,동작구,5
N11001,스포츠/레크리에이션 용품 대여업,11,서울특별시,11620,관악구,6
N11001,스포츠/레크리에이션 용품 대여업,11,서울특별시,11650,서초구,15
N11001,스포츠/레크리에이션 용품 대여업,11,서울특별시,11680,강남구,16
N11001,스포츠/레크리에이션 용품 대여업,11,서울특별시,11710,송파구,17
N11001,스포츠/레크리에이션 용품 대여업,11,서울특별시,11740,강동구,7
N11002,음반/비디오물 대여업,11,서울특별시,11110,종로구,2
N11002,음반/비디오물 대여업,11,서울특별시,11200,성동구,3
N11002,음반/비디오물 대여업,11,서울특별시,11215,광진구,4
N11002,음반/비디오물 대여업,11,서울특별시,11230,동대문구,1
N11002,음반/비디오물 대여업,11,서울특별시,11260,중랑구,1
N11002,음반/비디오물 대여업,11,서울특별시,11380,은평구,1
N11002,음반/비디오물 대여업,11,서울특별시,11440,마포구,3
N11002,음반/비디오물 대여업,11,서울특별시,11470,양천구,1
N11002,음반/비디오물 대여업,11,서울특별시,11560,영등포구,3
N11002,음반/비디오물 대여업,11,서울특별시,11590,동작구,3
N11002,음반/비디오물 대여업,11,서울특별시,11620,관악구,1
N11002,음반/비디오물 대여업,11,서울특별시,11650,서초구,2
N11002,음반/비디오물 대여업,11,서울특별시,11680,강남구,4
N11002,음반/비디오물 대여업,11,서울특별시,11710,송파구,2
N11003,만화방,11,서울특별시,11110,종로구,4
N11003,만화방,11,서울특별시,11140,중구,4
N11003,만화방,11,서울특별시,11170,용산구,5
N11003,만화방,11,서울특별시,11200,성동구,4
N11003,만화방,11,서울특별시,11215,광진구,6
N11003,만화방,11,서울특별시,11230,동대문구,2
N11003,만화방,11,서울특별시,11260,중랑구,2
N11003,만화방,11,서울특별시,11290,성북구,6
N11003,만화방,11,서울특별시,11305,강북구,3
N11003,만화방,11,서울특별시,11320,도봉구,1
N11003,만화방,11,서울특별시,11350,노원구,5
N11003,만화방,11,서울특별시,11380,은평구,3
N11003,만화방,11,서울특별시,11410,서대문구,4
N11003,만화방,11,서울특별시,11440,마포구,6
N11003,만화방,11,서울특별시,11470,양천구,4
N11003,만화방,11,서울특별시,11500,강서구,9
N11003,만화방,11,서울특별시,11530,구로구,3
N11003,만화방,11,서울특별시,11545,금천구,2
N11003,만화방,11,서울특별시,11560,영등포구,2
N11003,만화방,11,서울특별시,11590,동작구,6
N11003,만화방,11,서울특별시,11620,관악구,10
N11003,만화방,11,서울특별시,11650,서초구,4
N11003,만화방,11,서울특별시,11680,강남구,9
N11003,만화방,11,서울특별시,11710,송파구,14
N11003,만화방,11,서울특별시,11740,강동구,7
N11004,의류 대여업,11,서울특별시,11110,종로구,80
N11004,의류 대여업,11,서울특별시,11140,중구,4
N11004,의류 대여업,11,서울특별시,11170,용산구,8
N11004,의류 대여업,11,서울특별시,11200,성동구,6
N11004,의류 대여업,11,서울특별시,11215,광진구,8
N11004,의류 대여업,11,서울특별시,11230,동대문구,11
N11004,의류 대여업,11,서울특별시,11260,중랑구,5
N11004,의류 대여업,11,서울특별시,11290,성북구,6
N11004,의류 대여업,11,서울특별시,11305,강북구,6
N11004,의류 대여업,11,서울특별시,11350,노원구,7
N11004,의류 대여업,11,서울특별시,11380,은평구,8
N11004,의류 대여업,11,서울특별시,11410,서대문구,21
N11004,의류 대여업,11,서울특별시,11440,마포구,16
N11004,의류 대여업,11,서울특별시,11470,양천구,2
N11004,의류 대여업,11,서울특별시,11500,강서구,14
N11004,의류 대여업,11,서울특별시,11530,구로구,10
N11004,의류 대여업,11,서울특별시,11545,금천구,3
N11004,의류 대여업,11,서울특별시,11560,영등포구,14
N11004,의류 대여업,11,서울특별시,11590,동작구,9
N11004,의류 대여업,11,서울특별시,11620,관악구,5
N11004,의류 대여업,11,서울특별시,11650,서초구,15
N11004,의류 대여업,11,서울특별시,11680,강남구,195
N11004,의류 대여업,11,서울특별시,11710,송파구,10
N11004,의류 대여업,11,서울특별시,11740,강동구,12
N11099,기타 개인/가정용품 대여업,11,서울특별시,11110,종로구,26
N11099,기타 개인/가정용품 대여업,11,서울특별시,11140,중구,13
N11099,기타 개인/가정용품 대여업,11,서울특별시,11170,용산구,11
N11099,기타 개인/가정용품 대여업,11,서울특별시,11200,성동구,20
N11099,기타 개인/가정용품 대여업,11,서울특별시,11215,광진구,35
N11099,기타 개인/가정용품 대여업,11,서울특별시,11230,동대문구,28
N11099,기타 개인/가정용품 대여업,11,서울특별시,11260,중랑구,20
N11099,기타 개인/가정용품 대여업,11,서울특별시,11290,성북구,30
N11099,기타 개인/가정용품 대여업,11,서울특별시,11305,강북구,12
N11099,기타 개인/가정용품 대여업,11,서울특별시,11320,도봉구,9
N11099,기타 개인/가정용품 대여업,11,서울특별시,11350,노원구,17
N11099,기타 개인/가정용품 대여업,11,서울특별시,11380,은평구,26
N11099,기타 개인/가정용품 대여업,11,서울특별시,11410,서대문구,27
N11099,기타 개인/가정용품 대여업,11,서울특별시,11440,마포구,81
N11099,기타 개인/가정용품 대여업,11,서울특별시,11470,양천구,22
N11099,기타 개인/가정용품 대여업,11,서울특별시,11500,강서구,46
N11099,기타 개인/가정용품 대여업,11,서울특별시,11530,구로구,34
N11099,기타 개인/가정용품 대여업,11,서울특별시,11545,금천구,31
N11099,기타 개인/가정용품 대여업,11,서울특별시,11560,영등포구,53
N11099,기타 개인/가정용품 대여업,11,서울특별시,11590,동작구,31
N11099,기타 개인/가정용품 대여업,11,서울특별시,11620,관악구,29
N11099,기타 개인/가정용품 대여업,11,서울특별시,11650,서초구,71
N11099,기타 개인/가정용품 대여업,11,서울특별시,11680,강남구,85
N11099,기타 개인/가정용품 대여업,11,서울특별시,11710,송파구,61
N11099,기타 개인/가정용품 대여업,11,서울특별시,11740,강동구,30
N11101,건설기계/장비 대여업,11,서울특별시,11110,종로구,3
N11101,건설기계/장비 대여업,11,서울특별시,11140,중구,3
N11101,건설기계/장비 대여업,11,서울특별시,11170,용산구,3
N11101,건설기계/장비 대여업,11,서울특별시,11200,성동구,9
N11101,건설기계/장비 대여업,11,서울특별시,11215,광진구,5
N11101,건설기계/장비 대여업,11,서울특별시,11230,동대문구,17
N11101,건설기계/장비 대여업,11,서울특별시,11260,중랑구,9
N11101,건설기계/장비 대여업,11,서울특별시,11290,성북구,4
N11101,건설기계/장비 대여업,11,서울특별시,11305,강북구,1
N11101,건설기계/장비 대여업,11,서울특별시,11320,도봉구,1
N11101,건설기계/장비 대여업,11,서울특별시,11350,노원구,2
N11101,건설기계/장비 대여업,11,서울특별시,11380,은평구,5
N11101,건설기계/장비 대여업,11,서울특별시,11410,서대문구,8
N11101,건설기계/장비 대여업,11,서울특별시,11440,마포구,12
N11101,건설기계/장비 대여업,11,서울특별시,11470,양천구,12
N11101,건설기계/장비 대여업,11,서울특별시,11500,강서구,13
N11101,건설기계/장비 대여업,11,서울특별시,11530,구로구,7
N11101,건설기계/장비 대여업,11,서울특별시,11545,금천구,11
N11101,건설기계/장비 대여업,11,서울특별시,11560,영등포구,51
N11101,건설기계/장비 대여업,11,서울특별시,11590,동작구,13
N11101,건설기계/장비 대여업,11,서울특별시,11650,서초구,35
N11101,건설기계/장비 대여업,11,서울특별시,11680,강남구,22
N11101,건설기계/장비 대여업,11,서울특별시,11710,송파구,13
N11101,건설기계/장비 대여업,11,서울특별시,11740,강동구,14
N11102,컴퓨터/사무기기 대여업,11,서울특별시,11110,종로구,10
N11102,컴퓨터/사무기기 대여업,11,서울특별시,11140,중구,10
N11102,컴퓨터/사무기기 대여업,11,서울특별시,11170,용산구,12
N11102,컴퓨터/사무기기 대여업,11,서울특별시,11200,성동구,19
N11102,컴퓨터/사무기기 대여업,11,서울특별시,11215,광진구,22
N11102,컴퓨터/사무기기 대여업,11,서울특별시,11230,동대문구,15
N11102,컴퓨터/사무기기 대여업,11,서울특별시,11260,중랑구,12
N11102,컴퓨터/사무기기 대여업,11,서울특별시,11290,성북구,8
N11102,컴퓨터/사무기기 대여업,11,서울특별시,11305,강북구,8
N11102,컴퓨터/사무기기 대여업,11,서울특별시,11320,도봉구,12
N11102,컴퓨터/사무기기 대여업,11,서울특별시,11350,노원구,7
N11102,컴퓨터/사무기기 대여업,11,서울특별시,11380,은평구,9
N11102,컴퓨터/사무기기 대여업,11,서울특별시,11410,서대문구,9
N11102,컴퓨터/사무기기 대여업,11,서울특별시,11440,마포구,26
N11102,컴퓨터/사무기기 대여업,11,서울특별시,11470,양천구,15
N11102,컴퓨터/사무기기 대여업,11,서울특별시,11500,강서구,21
N11102,컴퓨터/사무기기 대여업,11,서울특별시,11530,구로구,18
N11102,컴퓨터/사무기기 대여업,11,서울특별시,11545,금천구,48
N11102,컴퓨터/사무기기 대여업,11,서울특별시,11560,영등포구,37
N11102,컴퓨터/사무기기 대여업,11,서울특별시,11590,동작구,16
N11102,컴퓨터/사무기기 대여업,11,서울특별시,11620,관악구,17
N11102,컴퓨터/사무기기 대여업,11,서울특별시,11650,서초구,39
N11102,컴퓨터/사무기기 대여업,11,서울특별시,11680,강남구,33
N11102,컴퓨터/사무기기 대여업,11,서울특별시,11710,송파구,37
N11102,컴퓨터/사무기기 대여업,11,서울특별시,11740,강동구,18
N11199,기타 산업용 기계/장비 대여업,11,서울특별시,11110,종로구,10
N11199,기타 산업용 기계/장비 대여업,11,서울특별시,11140,중구,29
N11199,기타 산업용 기계/장비 대여업,11,서울특별시,11170,용산구,18
N11199,기타 산업용 기계/장비 대여업,11,서울특별시,11200,성동구,24
N11199,기타 산업용 기계/장비 대여업,11,서울특별시,11215,광진구,20
N11199,기타 산업용 기계/장비 대여업,11,서울특별시,11230,동대문구,22
N11199,기타 산업용 기계/장비 대여업,11,서울특별시,11260,중랑구,18
N11199,기타 산업용 기계/장비 대여업,11,서울특별시,11290,성북구,16
N11199,기타 산업용 기계/장비 대여업,11,서울특별시,11305,강북구,10
N11199,기타 산업용 기계/장비 대여업,11,서울특별시,11320,도봉구,9
N11199,기타 산업용 기계/장비 대여업,11,서울특별시,11350,노원구,8
N11199,기타 산업용 기계/장비 대여업,11,서울특별시,11380,은평구,24
N11199,기타 산업용 기계/장비 대여업,11,서울특별시,11410,서대문구,12
N11199,기타 산업용 기계/장비 대여업,11,서울특별시,11440,마포구,58
N11199,기타 산업용 기계/장비 대여업,11,서울특별시,11470,양천구,20
N11199,기타 산업용 기계/장비 대여업,11,서울특별시,11500,강서구,30
N11199,기타 산업용 기계/장비 대여업,11,서울특별시,11530,구로구,17
N11199,기타 산업용 기계/장비 대여업,11,서울특별시,11545,금천구,22
N11199,기타 산업용 기계/장비 대여업,11,서울특별시,11560,영등포구,51
N11199,기타 산업용 기계/장비 대여업,11,서울특별시,11590,동작구,13
N11199,기타 산업용 기계/장비 대여업,11,서울특별시,11620,관악구,10
N11199,기타 산업용 기계/장비 대여업,11,서울특별시,11650,서초구,40
N11199,기타 산업용 기계/장비 대여업,11,서울특별시,11680,강남구,92
N11199,기타 산업용 기계/장비 대여업,11,서울특별시,11710,송파구,53
N11199,기타 산업용 기계/장비 대여업,11,서울특별시,11740,강동구,26
P10501,입시·교과학원,11,서울특별시,11110,종로구,174
P10501,입시·교과학원,11,서울특별시,11140,중구,75
P10501,입시·교과학원,11,서울특별시,11170,용산구,174
P10501,입시·교과학원,11,서울특별시,11200,성동구,326
P10501,입시·교과학원,11,서울특별시,11215,광진구,427
P10501,입시·교과학원,11,서울특별시,11230,동대문구,438
P10501,입시·교과학원,11,서울특별시,11260,중랑구,335
P10501,입시·교과학원,11,서울특별시,11290,성북구,695
P10501,입시·교과학원,11,서울특별시,11305,강북구,264
P10501,입시·교과학원,11,서울특별시,11320,도봉구,364
P10501,입시·교과학원,11,서울특별시,11350,노원구,907
P10501,입시·교과학원,11,서울특별시,11380,은평구,604
P10501,입시·교과학원,11,서울특별시,11410,서대문구,459
P10501,입시·교과학원,11,서울특별시,11440,마포구,636
P10501,입시·교과학원,11,서울특별시,11470,양천구,1290
P10501,입시·교과학원,11,서울특별시,11500,강서구,798
P10501,입시·교과학원,11,서울특별시,11530,구로구,419
P10501,입시·교과학원,11,서울특별시,11545,금천구,166
P10501,입시·교과학원,11,서울특별시,11560,영등포구,413
P10501,입시·교과학원,11,서울특별시,11590,동작구,527
P10501,입시·교과학원,11,서울특별시,11620,관악구,499
P10501,입시·교과학원,11,서울특별시,11650,서초구,1022
P10501,입시·교과학원,11,서울특별시,11680,강남구,1989
P10501,입시·교과학원,11,서울특별시,11710,송파구,1032
P10501,입시·교과학원,11,서울특별시,11740,강동구,819
P10601,태권도/무술학원,11,서울특별시,11110,종로구,24
P10601,태권도/무술학원,11,서울특별시,11140,중구,19
P10601,태권도/무술학원,11,서울특별시,11170,용산구,32
P10601,태권도/무술학원,11,서울특별시,11200,성동구,55
P10601,태권도/무술학원,11,서울특별시,11215,광진구,66
P10601,태권도/무술학원,11,서울특별시,11230,동대문구,71
P10601,태권도/무술학원,11,서울특별시,11260,중랑구,71
P10601,태권도/무술학원,11,서울특별시,11290,성북구,110
P10601,태권도/무술학원,11,서울특별시,11305,강북구,73
P10601,태권도/무술학원,11,서울특별시,11320,도봉구,73
P10601,태권도/무술학원,11,서울특별시,11350,노원구,134
P10601,태권도/무술학원,11,서울특별시,11380,은평구,98
P10601,태권도/무술학원,11,서울특별시,11410,서대문구,64
P10601,태권도/무술학원,11,서울특별시,11440,마포구,78
P10601,태권도/무술학원,11,서울특별시,11470,양천구,122
P10601,태권도/무술학원,11,서울특별시,11500,강서구,131
P10601,태권도/무술학원,11,서울특별시,11530,구로구,87
P10601,태권도/무술학원,11,서울특별시,11545,금천구,62
P10601,태권도/무술학원,11,서울특별시,11560,영등포구,84
P10601,태권도/무술학원,11,서울특별시,11590,동작구,83
P10601,태권도/무술학원,11,서울특별시,11620,관악구,101
P10601,태권도/무술학원,11,서울특별시,11650,서초구,108
P10601,태권도/무술학원,11,서울특별시,11680,강남구,142
P10601,태권도/무술학원,11,서울특별시,11710,송파구,139
P10601,태권도/무술학원,11,서울특별시,11740,강동구,123
P10603,요가/필라테스 학원,11,서울특별시,11110,종로구,110
P10603,요가/필라테스 학원,11,서울특별시,11140,중구,89
P10603,요가/필라테스 학원,11,서울특별시,11170,용산구,187
P10603,요가/필라테스 학원,11,서울특별시,11200,성동구,186
P10603,요가/필라테스 학원,11,서울특별시,11215,광진구,181
P10603,요가/필라테스 학원,11,서울특별시,11230,동대문구,141
P10603,요가/필라테스 학원,11,서울특별시,11260,중랑구,117
P10603,요가/필라테스 학원,11,서울특별시,11290,성북구,161
P10603,요가/필라테스 학원,11,서울특별시,11305,강북구,75
P10603,요가/필라테스 학원,11,서울특별시,11320,도봉구,87
P10603,요가/필라테스 학원,11,서울특별시,11350,노원구,166
P10603,요가/필라테스 학원,11,서울특별시,11380,은평구,160
P10603,요가/필라테스 학원,11,서울특별시,11410,서대문구,152
P10603,요가/필라테스 학원,11,서울특별시,11440,마포구,327
P10603,요가/필라테스 학원,11,서울특별시,11470,양천구,203
P10603,요가/필라테스 학원,11,서울특별시,11500,강서구,304
P10603,요가/필라테스 학원,11,서울특별시,11530,구로구,128
P10603,요가/필라테스 학원,11,서울특별시,11545,금천구,56
P10603,요가/필라테스 학원,11,서울특별시,11560,영등포구,241
P10603,요가/필라테스 학원,11,서울특별시,11590,동작구,134
P10603,요가/필라테스 학원,11,서울특별시,11620,관악구,181
P10603,요가/필라테스 학원,11,서울특별시,11650,서초구,476
P10603,요가/필라테스 학원,11,서울특별시,11680,강남구,752
P10603,요가/필라테스 학원,11,서울특별시,11710,송파구,459
P10603,요가/필라테스 학원,11,서울특별시,11740,강동구,217
P10605,레크리에이션 교육기관,11,서울특별시,11110,종로구,29
P10605,레크리에이션 교육기관,11,서울특별시,11140,중구,13
P10605,레크리에이션 교육기관,11,서울특별시,11170,용산구,12
P10605,레크리에이션 교육기관,11,서울특별시,11200,성동구,28
P10605,레크리에이션 교육기관,11,서울특별시,11215,광진구,45
P10605,레크리에이션 교육기관,11,서울특별시,11230,동대문구,36
P10605,레크리에이션 교육기관,11,서울특별시,11260,중랑구,20
P10605,레크리에이션 교육기관,11,서울특별시,11290,성북구,34
P10605,레크리에이션 교육기관,11,서울특별시,11305,강북구,12
P10605,레크리에이션 교육기관,11,서울특별시,11320,도봉구,22
P10605,레크리에이션 교육기관,11,서울특별시,11350,노원구,32
P10605,레크리에이션 교육기관,11,서울특별시,11380,은평구,43
P10605,레크리에이션 교육기관,11,서울특별시,11410,서대문구,31
P10605,레크리에이션 교육기관,11,서울특별시,11440,마포구,78
P10605,레크리에이션 교육기관,11,서울특별시,11470,양천구,38
P10605,레크리에이션 교육기관,11,서울특별시,11500,강서구,58
P10605,레크리에이션 교육기관,11,서울특별시,11530,구로구,30
P10605,레크리에이션 교육기관,11,서울특별시,11545,금천구,19
P10605,레크리에이션 교육기관,11,서울특별시,11560,영등포구,39
P10605,레크리에이션 교육기관,11,서울특별시,11590,동작구,23
P10605,레크리에이션 교육기관,11,서울특별시,11620,관악구,37
P10605,레크리에이션 교육기관,11,서울특별시,11650,서초구,70
P10605,레크리에이션 교육기관,11,서울특별시,11680,강남구,91
P10605,레크리에이션 교육기관,11,서울특별시,11710,송파구,58
P10605,레크리에이션 교육기관,11,서울특별시,11740,강동구,41
P10607,청소년 수련시설,11,서울특별시,11110,종로구,4
P10607,청소년 수련시설,11,서울특별시,11140,중구,6
P10607,청소년 수련시설,11,서울특별시,11170,용산구,2
P10607,청소년 수련시설,11,서울특별시,11200,성동구,3
P10607,청소년 수련시설,11,서울특별시,11215,광진구,1
P10607,청소년 수련시설,11,서울특별시,11230,동대문구,3
P10607,청소년 수련시설,11,서울특별시,11260,중랑구,1
P10607,청소년 수련시설,11,서울특별시,11290,성북구,3
P10607,청소년 수련시설,11,서울특별시,11305,강북구,4
P10607,청소년 수련시설,11,서울특별시,11320,도봉구,1
P10607,청소년 수련시설,11,서울특별시,11350,노원구,1
P10607,청소년 수련시설,11,서울특별시,11410,서대문구,1
P10607,청소년 수련시설,11,서울특별시,11440,마포구,1
P10607,청소년 수련시설,11,서울특별시,11470,양천구,3
P10607,청소년 수련시설,11,서울특별시,11500,강서구,3
P10607,청소년 수련시설,11,서울특별시,11530,구로구,2
P10607,청소년 수련시설,11,서울특별시,11545,금천구,2
P10607,청소년 수련시설,11,서울특별시,11560,영등포구,4
P10607,청소년 수련시설,11,서울특별시,11590,동작구,4
P10607,청소년 수련시설,11,서울특별시,11620,관악구,1
P10607,청소년 수련시설,11,서울특별시,11650,서초구,3
P10607,청소년 수련시설,11,서울특별시,11680,강남구,7
P10607,청소년 수련시설,11,서울특별시,11710,송파구,3
P10607,청소년 수련시설,11,서울특별시,11740,강동구,4
P10609,음악학원,11,서울특별시,11110,종로구,58
P10609,음악학원,11,서울특별시,11140,중구,36
P10609,음악학원,11,서울특별시,11170,용산구,66
P10609,음악학원,11,서울특별시,11200,성동구,98
P10609,음악학원,11,서울특별시,11215,광진구,122
P10609,음악학원,11,서울특별시,11230,동대문구,121
P10609,음악학원,11,서울특별시,11260,중랑구,114
P10609,음악학원,11,서울특별시,11290,성북구,143
P10609,음악학원,11,서울특별시,11305,강북구,71
P10609,음악학원,11,서울특별시,11320,도봉구,92
P10609,음악학원,11,서울특별시,11350,노원구,203
P10609,음악학원,11,서울특별시,11380,은평구,159
P10609,음악학원,11,서울특별시,11410,서대문구,128
P10609,음악학원,11,서울특별시,11440,마포구,195
P10609,음악학원,11,서울특별시,11470,양천구,223
P10609,음악학원,11,서울특별시,11500,강서구,221
P10609,음악학원,11,서울특별시,11530,구로구,127
P10609,음악학원,11,서울특별시,11545,금천구,78
P10609,음악학원,11,서울특별시,11560,영등포구,156
P10609,음악학원,11,서울특별시,11590,동작구,129
P10609,음악학원,11,서울특별시,11620,관악구,151
P10609,음악학원,11,서울특별시,11650,서초구,255
P10609,음악학원,11,서울특별시,11680,강남구,286
P10609,음악학원,11,서울특별시,11710,송파구,299
P10609,음악학원,11,서울특별시,11740,강동구,192
P10611,미술학원,11,서울특별시,11110,종로구,31
P10611,미술학원,11,서울특별시,11140,중구,16
P10611,미술학원,11,서울특별시,11170,용산구,31
P10611,미술학원,11,서울특별시,11200,성동구,65
P10611,미술학원,11,서울특별시,11215,광진구,73
P10611,미술학원,11,서울특별시,11230,동대문구,61
P10611,미술학원,11,서울특별시,11260,중랑구,49
P10611,미술학원,11,서울특별시,11290,성북구,94
P10611,미술학원,11,서울특별시,11305,강북구,39
P10611,미술학원,11,서울특별시,11320,도봉구,55
P10611,미술학원,11,서울특별시,11350,노원구,110
P10611,미술학원,11,서울특별시,11380,은평구,94
P10611,미술학원,11,서울특별시,11410,서대문구,68
P10611,미술학원,11,서울특별시,11440,마포구,205
P10611,미술학원,11,서울특별시,11470,양천구,134
P10611,미술학원,11,서울특별시,11500,강서구,122
P10611,미술학원,11,서울특별시,11530,구로구,73
P10611,미술학원,11,서울특별시,11545,금천구,31
P10611,미술학원,11,서울특별시,11560,영등포구,96
P10611,미술학원,11,서울특별시,11590,동작구,74
P10611,미술학원,11,서울특별시,11620,관악구,80
P10611,미술학원,11,서울특별시,11650,서초구,177
P10611,미술학원,11,서울특별시,11680,강남구,288
P10611,미술학원,11,서울특별시,11710,송파구,193
P10611,미술학원,11,서울특별시,11740,강동구,134
P10613,기타 예술/스포츠 교육기관,11,서울특별시,11110,종로구,33
P10613,기타 예술/스포츠 교육기관,11,서울특별시,11140,중구,16
P10613,기타 예술/스포츠 교육기관,11,서울특별시,11170,용산구,26
P10613,기타 예술/스포츠 교육기관,11,서울특별시,11200,성동구,44
P10613,기타 예술/스포츠 교육기관,11,서울특별시,11215,광진구,60
P10613,기타 예술/스포츠 교육기관,11,서울특별시,11230,동대문구,33
P10613,기타 예술/스포츠 교육기관,11,서울특별시,11260,중랑구,23
P10613,기타 예술/스포츠 교육기관,11,서울특별시,11290,성북구,52
P10613,기타 예술/스포츠 교육기관,11,서울특별시,11305,강북구,22
P10613,기타 예술/스포츠 교육기관,11,서울특별시,11320,도봉구,14
P10613,기타 예술/스포츠 교육기관,11,서울특별시,11350,노원구,29
P10613,기타 예술/스포츠 교육기관,11,서울특별시,11380,은평구,38
P10613,기타 예술/스포츠 교육기관,11,서울특별시,11410,서대문구,34
P10613,기타 예술/스포츠 교육기관,11,서울특별시,11440,마포구,121
P10613,기타 예술/스포츠 교육기관,11,서울특별시,11470,양천구,59
P10613,기타 예술/스포츠 교육기관,11,서울특별시,11500,강서구,55
P10613,기타 예술/스포츠 교육기관,11,서울특별시,11530,구로구,18
P10613,기타 예술/스포츠 교육기관,11,서울특별시,11545,금천구,13
P10613,기타 예술/스포츠 교육기관,11,서울특별시,11560,영등포구,60
P10613,기타 예술/스포츠 교육기관,11,서울특별시,11590,동작구,39
P10613,기타 예술/스포츠 교육기관,11,서울특별시,11620,관악구,40
P10613,기타 예술/스포츠 교육기관,11,서울특별시,11650,서초구,112
P10613,기타 예술/스포츠 교육기관,11,서울특별시,11680,강남구,155
P10613,기타 예술/스포츠 교육기관,11,서울특별시,11710,송파구,92
P10613,기타 예술/스포츠 교육기관,11,서울특별시,11740,강동구,47
P10615,외국어학원,11,서울특별시,11110,종로구,39
P10615,외국어학원,11,서울특별시,11140,중구,14
P10615,외국어학원,11,서울특별시,11170,용산구,46
P10615,외국어학원,11,서울특별시,11200,성동구,32
P10615,외국어학원,11,서울특별시,11215,광진구,34
P10615,외국어학원,11,서울특별시,11230,동대문구,37
P10615,외국어학원,11,서울특별시,11260,중랑구,18
P10615,외국어학원,11,서울특별시,11290,성북구,29
P10615,외국어학원,11,서울특별시,11305,강북구,9
P10615,외국어학원,11,서울특별시,11320,도봉구,17
P10615,외국어학원,11,서울특별시,11350,노원구,46
P10615,외국어학원,11,서울특별시,11380,은평구,30
P10615,외국어학원,11,서울특별시,11410,서대문구,39
P10615,외국어학원,11,서울특별시,11440,마포구,83
P10615,외국어학원,11,서울특별시,11470,양천구,42
P10615,외국어학원,11,서울특별시,11500,강서구,47
P10615,외국어학원,11,서울특별시,11530,구로구,34
P10615,외국어학원,11,서울특별시,11545,금천구,17
P10615,외국어학원,11,서울특별시,11560,영등포구,41
P10615,외국어학원,11,서울특별시,11590,동작구,32
P10615,외국어학원,11,서울특별시,11620,관악구,32
P10615,외국어학원,11,서울특별시,11650,서초구,135
P10615,외국어학원,11,서울특별시,11680,강남구,244
P10615,외국어학원,11,서울특별시,11710,송파구,101
P10615,외국어학원,11,서울특별시,11740,강동구,55
P10617,전문자격/고시학원,11,서울특별시,11110,종로구,9
P10617,전문자격/고시학원,11,서울특별시,11140,중구,2
P10617,전문자격/고시학원,11,서울특별시,11170,용산구,1
P10617,전문자격/고시학원,11,서울특별시,11200,성동구,5
P10617,전문자격/고시학원,11,서울특별시,11215,광진구,5
P10617,전문자격/고시학원,11,서울특별시,11230,동대문구,4
P10617,전문자격/고시학원,11,서울특별시,11260,중랑구,3
P10617,전문자격/고시학원,11,서울특별시,11290,성북구,1
P10617,전문자격/고시학원,11,서울특별시,11305,강북구,1
P10617,전문자격/고시학원,11,서울특별시,11320,도봉구,3
P10617,전문자격/고시학원,11,서울특별시,11350,노원구,6
P10617,전문자격/고시학원,11,서울특별시,11410,서대문구,6
P10617,전문자격/고시학원,11,서울특별시,11440,마포구,5
P10617,전문자격/고시학원,11,서울특별시,11470,양천구,2
P10617,전문자격/고시학원,11,서울특별시,11500,강서구,2
P10617,전문자격/고시학원,11,서울특별시,11530,구로구,3
P10617,전문자격/고시학원,11,서울특별시,11545,금천구,3
P10617,전문자격/고시학원,11,서울특별시,11560,영등포구,7
P10617,전문자격/고시학원,11,서울특별시,11590,동작구,25
P10617,전문자격/고시학원,11,서울특별시,11620,관악구,15
P10617,전문자격/고시학원,11,서울특별시,11650,서초구,21
P10617,전문자격/고시학원,11,서울특별시,11680,강남구,34
P10617,전문자격/고시학원,11,서울특별시,11710,송파구,8
P10617,전문자격/고시학원,11,서울특별시,11740,강동구,9
P10619,사회교육시설,11,서울특별시,11110,종로구,15
P10619,사회교육시설,11,서울특별시,11140,중구,6
P10619,사회교육시설,11,서울특별시,11170,용산구,3
P10619,사회교육시설,11,서울특별시,11200,성동구,3
P10619,사회교육시설,11,서울특별시,11215,광진구,6
P10619,사회교육시설,11,서울특별시,11230,동대문구,12
P10619,사회교육시설,11,서울특별시,11260,중랑구,3
P10619,사회교육시설,11,서울특별시,11290,성북구,4
P10619,사회교육시설,11,서울특별시,11305,강북구,2
P10619,사회교육시설,11,서울특별시,11320,도봉구,1
P10619,사회교육시설,11,서울특별시,11350,노원구,1
P10619,사회교육시설,11,서울특별시,11380,은평구,12
P10619,사회교육시설,11,서울특별시,11410,서대문구,8
P10619,사회교육시설,11,서울특별시,11440,마포구,17
P10619,사회교육시설,11,서울특별시,11470,양천구,6
P10619,사회교육시설,11,서울특별시,11500,강서구,9
P10619,사회교육시설,11,서울특별시,11530,구로구,13
P10619,사회교육시설,11,서울특별시,11545,금천구,10
P10619,사회교육시설,11,서울특별시,11560,영등포구,16
P10619,사회교육시설,11,서울특별시,11590,동작구,8
P10619,사회교육시설,11,서울특별시,11620,관악구,6
P10619,사회교육시설,11,서울특별시,11650,서초구,27
P10619,사회교육시설,11,서울특별시,11680,강남구,28
P10619,사회교육시설,11,서울특별시,11710,송파구,11
P10619,사회교육시설,11,서울특별시,11740,강동구,4
P10621,직원 훈련기관,11,서울특별시,11110,종로구,34
P10621,직원 훈련기관,11,서울특별시,11140,중구,38
P10621,직원 훈련기관,11,서울특별시,11170,용산구,30
P10621,직원 훈련기관,11,서울특별시,11200,성동구,33
P10621,직원 훈련기관,11,서울특별시,11215,광진구,19
P10621,직원 훈련기관,11,서울특별시,11230,동대문구,14
P10621,직원 훈련기관,11,서울특별시,11260,중랑구,8
P10621,직원 훈련기관,11,서울특별시,11290,성북구,12
P10621,직원 훈련기관,11,서울특별시,11305,강북구,3
P10621,직원 훈련기관,11,서울특별시,11320,도봉구,6
P10621,직원 훈련기관,11,서울특별시,11350,노원구,11
P10621,직원 훈련기관,11,서울특별시,11380,은평구,15
P10621,직원 훈련기관,11,서울특별시,11410,서대문구,14
P10621,직원 훈련기관,11,서울특별시,11440,마포구,63
P10621,직원 훈련기관,11,서울특별시,11470,양천구,17
P10621,직원 훈련기관,11,서울특별시,11500,강서구,25
P10621,직원 훈련기관,11,서울특별시,11530,구로구,47
P10621,직원 훈련기관,11,서울특별시,11545,금천구,42
P10621,직원 훈련기관,11,서울특별시,11560,영등포구,84
P10621,직원 훈련기관,11,서울특별시,11590,동작구,12
P10621,직원 훈련기관,11,서울특별시,11620,관악구,14
P10621,직원 훈련기관,11,서울특별시,11650,서초구,97
P10621,직원 훈련기관,11,서울특별시,11680,강남구,141
P10621,직원 훈련기관,11,서울특별시,11710,송파구,58
P10621,직원 훈련기관,11,서울특별시,11740,강동구,15
P10623,운전학원,11,서울특별시,11140,중구,2
P10623,운전학원,11,서울특별시,11170,용산구,1
P10623,운전학원,11,서울특별시,11215,광진구,3
P10623,운전학원,11,서울특별시,11230,동대문구,4
P10623,운전학원,11,서울특별시,11260,중랑구,2
P10623,운전학원,11,서울특별시,11290,성북구,4
P10623,운전학원,11,서울특별시,11320,도봉구,1
P10623,운전학원,11,서울특별시,11350,노원구,6
P10623,운전학원,11,서울특별시,11380,은평구,1
P10623,운전학원,11,서울특별시,11410,서대문구,1
P10623,운전학원,11,서울특별시,11440,마포구,8
P10623,운전학원,11,서울특별시,11470,양천구,2
P10623,운전학원,11,서울특별시,11500,강서구,7
P10623,운전학원,11,서울특별시,11530,구로구,3
P10623,운전학원,11,서울특별시,11560,영등포구,3
P10623,운전학원,11,서울특별시,11590,동작구,2
P10623,운전학원,11,서울특별시,11620,관악구,4
P10623,운전학원,11,서울특별시,11650,서초구,5
P10623,운전학원,11,서울특별시,11680,강남구,12
P10623,운전학원,11,서울특별시,11710,송파구,4
P10623,운전학원,11,서울특별시,11740,강동구,4
P10625,기타 기술/직업 훈련학원,11,서울특별시,11110,종로구,169
P10625,기타 기술/직업 훈련학원,11,서울특별시,11140,중구,61
P10625,기타 기술/직업 훈련학원,11,서울특별시,11170,용산구,89
P10625,기타 기술/직업 훈련학원,11,서울특별시,11200,성동구,100
P10625,기타 기술/직업 훈련학원,11,서울특별시,11215,광진구,129
P10625,기타 기술/직업 훈련학원,11,서울특별시,11230,동대문구,59
P10625,기타 기술/직업 훈련학원,11,서울특별시,11260,중랑구,74
P10625,기타 기술/직업 훈련학원,11,서울특별시,11290,성북구,87
P10625,기타 기술/직업 훈련학원,11,서울특별시,11305,강북구,81
P10625,기타 기술/직업 훈련학원,11,서울특별시,11320,도봉구,63
P10625,기타 기술/직업 훈련학원,11,서울특별시,11350,노원구,91
P10625,기타 기술/직업 훈련학원,11,서울특별시,11380,은평구,94
P10625,기타 기술/직업 훈련학원,11,서울특별시,11410,서대문구,104
P10625,기타 기술/직업 훈련학원,11,서울특별시,11440,마포구,265
P10625,기타 기술/직업 훈련학원,11,서울특별시,11470,양천구,67
P10625,기타 기술/직업 훈련학원,11,서울특별시,11500,강서구,153
P10625,기타 기술/직업 훈련학원,11,서울특별시,11530,구로구,77
P10625,기타 기술/직업 훈련학원,11,서울특별시,11545,금천구,72
P10625,기타 기술/직업 훈련학원,11,서울특별시,11560,영등포구,167
P10625,기타 기술/직업 훈련학원,11,서울특별시,11590,동작구,94
P10625,기타 기술/직업 훈련학원,11,서울특별시,11620,관악구,107
P10625,기타 기술/직업 훈련학원,11,서울특별시,11650,서초구,223
P10625,기타 기술/직업 훈련학원,11,서울특별시,11680,강남구,335
P10625,기타 기술/직업 훈련학원,11,서울특별시,11710,송파구,173
P10625,기타 기술/직업 훈련학원,11,서울특별시,11740,강동구,102
P10627,컴퓨터 학원,11,서울특별시,11110,종로구,17
P10627,컴퓨터 학원,11,서울특별시,11140,중구,1
P10627,컴퓨터 학원,11,서울특별시,11170,용산구,4
P10627,컴퓨터 학원,11,서울특별시,11200,성동구,6
P10627,컴퓨터 학원,11,서울특별시,11215,광진구,7
P10627,컴퓨터 학원,11,서울특별시,11230,동대문구,5
P10627,컴퓨터 학원,11,서울특별시,11260,중랑구,4
P10627,컴퓨터 학원,11,서울특별시,11290,성북구,5
P10627,컴퓨터 학원,11,서울특별시,11305,강북구,1
P10627,컴퓨터 학원,11,서울특별시,11320,도봉구,6
P10627,컴퓨터 학원,11,서울특별시,11350,노원구,13
P10627,컴퓨터 학원,11,서울특별시,11380,은평구,10
P10627,컴퓨터 학원,11,서울특별시,11410,서대문구,6
P10627,컴퓨터 학원,11,서울특별시,11440,마포구,26
P10627,컴퓨터 학원,11,서울특별시,11470,양천구,8
P10627,컴퓨터 학원,11,서울특별시,11500,강서구,10
P10627,컴퓨터 학원,11,서울특별시,11530,구로구,14
P10627,컴퓨터 학원,11,서울특별시,11545,금천구,12
P10627,컴퓨터 학원,11,서울특별시,11560,영등포구,11
P10627,컴퓨터 학원,11,서울특별시,11590,동작구,4
P10627,컴퓨터 학원,11,서울특별시,11620,관악구,9
P10627,컴퓨터 학원,11,서울특별시,11650,서초구,28
P10627,컴퓨터 학원,11,서울특별시,11680,강남구,53
P10627,컴퓨터 학원,11,서울특별시,11710,송파구,20
P10627,컴퓨터 학원,11,서울특별시,11740,강동구,7
P10629,그 외 기타 교육기관,11,서울특별시,11110,종로구,91
P10629,그 외 기타 교육기관,11,서울특별시,11140,중구,60
P10629,그 외 기타 교육기관,11,서울특별시,11170,용산구,67
P10629,그 외 기타 교육기관,11,서울특별시,11200,성동구,54
P10629,그 외 기타 교육기관,11,서울특별시,11215,광진구,58
P10629,그 외 기타 교육기관,11,서울특별시,11230,동대문구,44
P10629,그 외 기타 교육기관,11,서울특별시,11260,중랑구,28
P10629,그 외 기타 교육기관,11,서울특별시,11290,성북구,63
P10629,그 외 기타 교육기관,11,서울특별시,11305,강북구,28
P10629,그 외 기타 교육기관,11,서울특별시,11320,도봉구,24
P10629,그 외 기타 교육기관,11,서울특별시,11350,노원구,34
P10629,그 외 기타 교육기관,11,서울특별시,11380,은평구,55
P10629,그 외 기타 교육기관,11,서울특별시,11410,서대문구,38
P10629,그 외 기타 교육기관,11,서울특별시,11440,마포구,151
P10629,그 외 기타 교육기관,11,서울특별시,11470,양천구,51
P10629,그 외 기타 교육기관,11,서울특별시,11500,강서구,101
P10629,그 외 기타 교육기관,11,서울특별시,11530,구로구,57
P10629,그 외 기타 교육기관,11,서울특별시,11545,금천구,68
P10629,그 외 기타 교육기관,11,서울특별시,11560,영등포구,110
P10629,그 외 기타 교육기관,11,서울특별시,11590,동작구,64
P10629,그 외 기타 교육기관,11,서울특별시,11620,관악구,65
P10629,그 외 기타 교육기관,11,서울특별시,11650,서초구,232
P10629,그 외 기타 교육기관,11,서울특별시,11680,강남구,309
P10629,그 외 기타 교육기관,11,서울특별시,11710,송파구,128
P10629,그 외 기타 교육기관,11,서울특별시,11740,강동구,61
P10701,교육컨설팅업,11,서울특별시,11110,종로구,80
P10701,교육컨설팅업,11,서울특별시,11140,중구,56
P10701,교육컨설팅업,11,서울특별시,11170,용산구,42
P10701,교육컨설팅업,11,서울특별시,11200,성동구,65
P10701,교육컨설팅업,11,서울특별시,11215,광진구,54
P10701,교육컨설팅업,11,서울특별시,11230,동대문구,47
P10701,교육컨설팅업,11,서울특별시,11260,중랑구,38
P10701,교육컨설팅업,11,서울특별시,11290,성북구,40
P10701,교육컨설팅업,11,서울특별시,11305,강북구,27
P10701,교육컨설팅업,11,서울특별시,11320,도봉구,29
P10701,교육컨설팅업,11,서울특별시,11350,노원구,48
P10701,교육컨설팅업,11,서울특별시,11380,은평구,38
P10701,교육컨설팅업,11,서울특별시,11410,서대문구,59
P10701,교육컨설팅업,11,서울특별시,11440,마포구,132
P10701,교육컨설팅업,11,서울특별시,11470,양천구,64
P10701,교육컨설팅업,11,서울특별시,11500,강서구,75
P10701,교육컨설팅업,11,서울특별시,11530,구로구,69
P10701,교육컨설팅업,11,서울특별시,11545,금천구,80
P10701,교육컨설팅업,11,서울특별시,11560,영등포구,113
P10701,교육컨설팅업,11,서울특별시,11590,동작구,51
P10701,교육컨설팅업,11,서울특별시,11620,관악구,79
P10701,교육컨설팅업,11,서울특별시,11650,서초구,266
P10701,교육컨설팅업,11,서울특별시,11680,강남구,557
P10701,교육컨설팅업,11,서울특별시,11710,송파구,120
P10701,교육컨설팅업,11,서울특별시,11740,강동구,53
P10799,기타 교육지원 서비스업,11,서울특별시,11110,종로구,166
P10799,기타 교육지원 서비스업,11,서울특별시,11140,중구,99
P10799,기타 교육지원 서비스업,11,서울특별시,11170,용산구,73
P10799,기타 교육지원 서비스업,11,서울특별시,11200,성동구,88
P10799,기타 교육지원 서비스업,11,서울특별시,11215,광진구,83
P10799,기타 교육지원 서비스업,11,서울특별시,11230,동대문구,75
P10799,기타 교육지원 서비스업,11,서울특별시,11260,중랑구,40
P10799,기타 교육지원 서비스업,11,서울특별시,11290,성북구,67
P10799,기타 교육지원 서비스업,11,서울특별시,11305,강북구,38
P10799,기타 교육지원 서비스업,11,서울특별시,11320,도봉구,28
P10799,기타 교육지원 서비스업,11,서울특별시,11350,노원구,49
P10799,기타 교육지원 서비스업,11,서울특별시,11380,은평구,56
P10799,기타 교육지원 서비스업,11,서울특별시,11410,서대문구,102
P10799,기타 교육지원 서비스업,11,서울특별시,11440,마포구,218
P10799,기타 교육지원 서비스업,11,서울특별시,11470,양천구,57
P10799,기타 교육지원 서비스업,11,서울특별시,11500,강서구,116
P10799,기타 교육지원 서비스업,11,서울특별시,11530,구로구,89
P10799,기타 교육지원 서비스업,11,서울특별시,11545,금천구,110
P10799,기타 교육지원 서비스업,11,서울특별시,11560,영등포구,159
P10799,기타 교육지원 서비스업,11,서울특별시,11590,동작구,52
P10799,기타 교육지원 서비스업,11,서울특별시,11620,관악구,112
P10799,기타 교육지원 서비스업,11,서울특별시,11650,서초구,476
P10799,기타 교육지원 서비스업,11,서울특별시,11680,강남구,767
P10799,기타 교육지원 서비스업,11,서울특별시,11710,송파구,142
P10799,기타 교육지원 서비스업,11,서울특별시,11740,강동구,63
Q10101,종합병원,11,서울특별시,11110,종로구,6
Q10101,종합병원,11,서울특별시,11140,중구,2
Q10101,종합병원,11,서울특별시,11170,용산구,1
Q10101,종합병원,11,서울특별시,11200,성동구,2
Q10101,종합병원,11,서울특별시,11215,광진구,2
Q10101,종합병원,11,서울특별시,11230,동대문구,3
Q10101,종합병원,11,서울특별시,11260,중랑구,3
Q10101,종합병원,11,서울특별시,11290,성북구,1
Q10101,종합병원,11,서울특별시,11305,강북구,2
Q10101,종합병원,11,서울특별시,11320,도봉구,1
Q10101,종합병원,11,서울특별시,11350,노원구,3
Q10101,종합병원,11,서울특별시,11380,은평구,2
Q10101,종합병원,11,서울특별시,11410,서대문구,4
Q10101,종합병원,11,서울특별시,11470,양천구,3
Q10101,종합병원,11,서울특별시,11500,강서구,5
Q10101,종합병원,11,서울특별시,11530,구로구,2
Q10101,종합병원,11,서울특별시,11545,금천구,2
Q10101,종합병원,11,서울특별시,11560,영등포구,7
Q10101,종합병원,11,서울특별시,11590,동작구,3
Q10101,종합병원,11,서울특별시,11620,관악구,2
Q10101,종합병원,11,서울특별시,11650,서초구,4
Q10101,종합병원,11,서울특별시,11680,강남구,9
Q10101,종합병원,11,서울특별시,11710,송파구,2
Q10101,종합병원,11,서울특별시,11740,강동구,3
Q10102,일반병원,11,서울특별시,11110,종로구,4
Q10102,일반병원,11,서울특별시,11140,중구,4
Q10102,일반병원,11,서울특별시,11170,용산구,2
Q10102,일반병원,11,서울특별시,11200,성동구,5
Q10102,일반병원,11,서울특별시,11215,광진구,5
Q10102,일반병원,11,서울특별시,11230,동대문구,11
Q10102,일반병원,11,서울특별시,11260,중랑구,10
Q10102,일반병원,11,서울특별시,11290,성북구,8
Q10102,일반병원,11,서울특별시,11305,강북구,8
Q10102,일반병원,11,서울특별시,11320,도봉구,11
Q10102,일반병원,11,서울특별시,11350,노원구,4
Q10102,일반병원,11,서울특별시,11380,은평구,9
Q10102,일반병원,11,서울특별시,11410,서대문구,4
Q10102,일반병원,11,서울특별시,11440,마포구,6
Q10102,일반병원,11,서울특별시,11470,양천구,5
Q10102,일반병원,11,서울특별시,11500,강서구,17
Q10102,일반병원,11,서울특별시,11530,구로구,11
Q10102,일반병원,11,서울특별시,11545,금천구,4
Q10102,일반병원,11,서울특별시,11560,영등포구,8
Q10102,일반병원,11,서울특별시,11590,동작구,5
Q10102,일반병원,11,서울특별시,11620,관악구,10
Q10102,일반병원,11,서울특별시,11650,서초구,14
Q10102,일반병원,11,서울특별시,11680,강남구,34
Q10102,일반병원,11,서울특별시,11710,송파구,21
Q10102,일반병원,11,서울특별시,11740,강동구,15
Q10103,치과병원,11,서울특별시,11110,종로구,2
Q10103,치과병원,11,서울특별시,11140,중구,7
Q10103,치과병원,11,서울특별시,11200,성동구,4
Q10103,치과병원,11,서울특별시,11215,광진구,5
Q10103,치과병원,11,서울특별시,11230,동대문구,4
Q10103,치과병원,11,서울특별시,11260,중랑구,3
Q10103,치과병원,11,서울특별시,11290,성북구,1
Q10103,치과병원,11,서울특별시,11305,강북구,2
Q10103,치과병원,11,서울특별시,11320,도봉구,3
Q10103,치과병원,11,서울특별시,11350,노원구,3
Q10103,치과병원,11,서울특별시,11380,은평구,3
Q10103,치과병원,11,서울특별시,11410,서대문구,2
Q10103,치과병원,11,서울특별시,11440,마포구,9
Q10103,치과병원,11,서울특별시,11470,양천구,3
Q10103,치과병원,11,서울특별시,11500,강서구,4
Q10103,치과병원,11,서울특별시,11530,구로구,3
Q10103,치과병원,11,서울특별시,11545,금천구,2
Q10103,치과병원,11,서울특별시,11560,영등포구,4
Q10103,치과병원,11,서울특별시,11590,동작구,3
Q10103,치과병원,11,서울특별시,11620,관악구,1
Q10103,치과병원,11,서울특별시,11650,서초구,9
Q10103,치과병원,11,서울특별시,11680,강남구,19
Q10103,치과병원,11,서울특별시,11710,송파구,10
Q10103,치과병원,11,서울특별시,11740,강동구,4
Q10104,한방병원,11,서울특별시,11110,종로구,2
Q10104,한방병원,11,서울특별시,11140,중구,1
Q10104,한방병원,11,서울특별시,11200,성동구,2
Q10104,한방병원,11,서울특별시,11215,광진구,3
Q10104,한방병원,11,서울특별시,11230,동대문구,1
Q10104,한방병원,11,서울특별시,11260,중랑구,1
Q10104,한방병원,11,서울특별시,11290,성북구,2
Q10104,한방병원,11,서울특별시,11305,강북구,1
Q10104,한방병원,11,서울특별시,11320,도봉구,4
Q10104,한방병원,11,서울특별시,11350,노원구,4
Q10104,한방병원,11,서울특별시,11380,은평구,4
Q10104,한방병원,11,서울특별시,11410,서대문구,2
Q10104,한방병원,11,서울특별시,11440,마포구,4
Q10104,한방병원,11,서울특별시,11470,양천구,6
Q10104,한방병원,11,서울특별시,11500,강서구,7
Q10104,한방병원,11,서울특별시,11530,구로구,3
Q10104,한방병원,11,서울특별시,11545,금천구,4
Q10104,한방병원,11,서울특별시,11560,영등포구,4
Q10104,한방병원,11,서울특별시,11590,동작구,1
Q10104,한방병원,11,서울특별시,11620,관악구,4
Q10104,한방병원,11,서울특별시,11650,서초구,5
Q10104,한방병원,11,서울특별시,11680,강남구,11
Q10104,한방병원,11,서울특별시,11710,송파구,7
Q10104,한방병원,11,서울특별시,11740,강동구,9
Q10105,요양병원,11,서울특별시,11110,종로구,2
Q10105,요양병원,11,서울특별시,11140,중구,1
Q10105,요양병원,11,서울특별시,11170,용산구,1
Q10105,요양병원,11,서울특별시,11200,성동구,6
Q10105,요양병원,11,서울특별시,11215,광진구,2
Q10105,요양병원,11,서울특별시,11230,동대문구,7
Q10105,요양병원,11,서울특별시,11260,중랑구,10
Q10105,요양병원,11,서울특별시,11290,성북구,7
Q10105,요양병원,11,서울특별시,11305,강북구,5
Q10105,요양병원,11,서울특별시,11320,도봉구,6
Q10105,요양병원,11,서울특별시,11350,노원구,11
Q10105,요양병원,11,서울특별시,11380,은평구,7
Q10105,요양병원,11,서울특별시,11410,서대문구,7
Q10105,요양병원,11,서울특별시,11440,마포구,4
Q10105,요양병원,11,서울특별시,11470,양천구,2
Q10105,요양병원,11,서울특별시,11500,강서구,8
Q10105,요양병원,11,서울특별시,11530,구로구,9
Q10105,요양병원,11,서울특별시,11545,금천구,6
Q10105,요양병원,11,서울특별시,11560,영등포구,11
Q10105,요양병원,11,서울특별시,11590,동작구,4
Q10105,요양병원,11,서울특별시,11620,관악구,3
Q10105,요양병원,11,서울특별시,11650,서초구,6
Q10105,요양병원,11,서울특별시,11680,강남구,12
Q10105,요양병원,11,서울특별시,11710,송파구,10
Q10105,요양병원,11,서울특별시,11740,강동구,5
Q10201,내과/소아과 의원,11,서울특별시,11110,종로구,44
Q10201,내과/소아과 의원,11,서울특별시,11140,중구,58
Q10201,내과/소아과 의원,11,서울특별시,11170,용산구,51
Q10201,내과/소아과 의원,11,서울특별시,11200,성동구,67
Q10201,내과/소아과 의원,11,서울특별시,11215,광진구,79
Q10201,내과/소아과 의원,11,서울특별시,11230,동대문구,76
Q10201,내과/소아과 의원,11,서울특별시,11260,중랑구,87
Q10201,내과/소아과 의원,11,서울특별시,11290,성북구,87
Q10201,내과/소아과 의원,11,서울특별시,11305,강북구,78
Q10201,내과/소아과 의원,11,서울특별시,11320,도봉구,60
Q10201,내과/소아과 의원,11,서울특별시,11350,노원구,99
Q10201,내과/소아과 의원,11,서울특별시,11380,은평구,109
Q10201,내과/소아과 의원,11,서울특별시,11410,서대문구,55
Q10201,내과/소아과 의원,11,서울특별시,11440,마포구,82
Q10201,내과/소아과 의원,11,서울특별시,11470,양천구,92
Q10201,내과/소아과 의원,11,서울특별시,11500,강서구,137
Q10201,내과/소아과 의원,11,서울특별시,11530,구로구,96
Q10201,내과/소아과 의원,11,서울특별시,11545,금천구,55
Q10201,내과/소아과 의원,11,서울특별시,11560,영등포구,117
Q10201,내과/소아과 의원,11,서울특별시,11590,동작구,78
Q10201,내과/소아과 의원,11,서울특별시,11620,관악구,96
Q10201,내과/소아과 의원,11,서울특별시,11650,서초구,158
Q10201,내과/소아과 의원,11,서울특별시,11680,강남구,275
Q10201,내과/소아과 의원,11,서울특별시,11710,송파구,167
Q10201,내과/소아과 의원,11,서울특별시,11740,강동구,116
Q10202,외과 의원,11,서울특별시,11110,종로구,24
Q10202,외과 의원,11,서울특별시,11140,중구,28
Q10202,외과 의원,11,서울특별시,11170,용산구,18
Q10202,외과 의원,11,서울특별시,11200,성동구,31
Q10202,외과 의원,11,서울특별시,11215,광진구,48
Q10202,외과 의원,11,서울특별시,11230,동대문구,47
Q10202,외과 의원,11,서울특별시,11260,중랑구,49
Q10202,외과 의원,11,서울특별시,11290,성북구,34
Q10202,외과 의원,11,서울특별시,11305,강북구,44
Q10202,외과 의원,11,서울특별시,11320,도봉구,30
Q10202,외과 의원,11,서울특별시,11350,노원구,53
Q10202,외과 의원,11,서울특별시,11380,은평구,50
Q10202,외과 의원,11,서울특별시,11410,서대문구,36
Q10202,외과 의원,11,서울특별시,11440,마포구,47
Q10202,외과 의원,11,서울특별시,11470,양천구,50
Q10202,외과 의원,11,서울특별시,11500,강서구,67
Q10202,외과 의원,11,서울특별시,11530,구로구,41
Q10202,외과 의원,11,서울특별시,11545,금천구,30
Q10202,외과 의원,11,서울특별시,11560,영등포구,57
Q10202,외과 의원,11,서울특별시,11590,동작구,40
Q10202,외과 의원,11,서울특별시,11620,관악구,58
Q10202,외과 의원,11,서울특별시,11650,서초구,81
Q10202,외과 의원,11,서울특별시,11680,강남구,136
Q10202,외과 의원,11,서울특별시,11710,송파구,88
Q10202,외과 의원,11,서울특별시,11740,강동구,62
Q10203,신경/정신과 의원,11,서울특별시,11110,종로구,20
Q10203,신경/정신과 의원,11,서울특별시,11140,중구,21
Q10203,신경/정신과 의원,11,서울특별시,11170,용산구,6
Q10203,신경/정신과 의원,11,서울특별시,11200,성동구,19
Q10203,신경/정신과 의원,11,서울특별시,11215,광진구,24
Q10203,신경/정신과 의원,11,서울특별시,11230,동대문구,15
Q10203,신경/정신과 의원,11,서울특별시,11260,중랑구,13
Q10203,신경/정신과 의원,11,서울특별시,11290,성북구,14
Q10203,신경/정신과 의원,11,서울특별시,11305,강북구,12
Q10203,신경/정신과 의원,11,서울특별시,11320,도봉구,5
Q10203,신경/정신과 의원,11,서울특별시,11350,노원구,23
Q10203,신경/정신과 의원,11,서울특별시,11380,은평구,19
Q10203,신경/정신과 의원,11,서울특별시,11410,서대문구,12
Q10203,신경/정신과 의원,11,서울특별시,11440,마포구,37
Q10203,신경/정신과 의원,11,서울특별시,11470,양천구,19
Q10203,신경/정신과 의원,11,서울특별시,11500,강서구,29
Q10203,신경/정신과 의원,11,서울특별시,11530,구로구,8
Q10203,신경/정신과 의원,11,서울특별시,11545,금천구,13
Q10203,신경/정신과 의원,11,서울특별시,11560,영등포구,28
Q10203,신경/정신과 의원,11,서울특별시,11590,동작구,19
Q10203,신경/정신과 의원,11,서울특별시,11620,관악구,27
Q10203,신경/정신과 의원,11,서울특별시,11650,서초구,74
Q10203,신경/정신과 의원,11,서울특별시,11680,강남구,135
Q10203,신경/정신과 의원,11,서울특별시,11710,송파구,56
Q10203,신경/정신과 의원,11,서울특별시,11740,강동구,33
Q10204,피부/비뇨기과 의원,11,서울특별시,11110,종로구,38
Q10204,피부/비뇨기과 의원,11,서울특별시,11140,중구,86
Q10204,피부/비뇨기과 의원,11,서울특별시,11170,용산구,30
Q10204,피부/비뇨기과 의원,11,서울특별시,11200,성동구,39
Q10204,피부/비뇨기과 의원,11,서울특별시,11215,광진구,43
Q10204,피부/비뇨기과 의원,11,서울특별시,11230,동대문구,23
Q10204,피부/비뇨기과 의원,11,서울특별시,11260,중랑구,22
Q10204,피부/비뇨기과 의원,11,서울특별시,11290,성북구,22
Q10204,피부/비뇨기과 의원,11,서울특별시,11305,강북구,31
Q10204,피부/비뇨기과 의원,11,서울특별시,11320,도봉구,12
Q10204,피부/비뇨기과 의원,11,서울특별시,11350,노원구,58
Q10204,피부/비뇨기과 의원,11,서울특별시,11380,은평구,41
Q10204,피부/비뇨기과 의원,11,서울특별시,11410,서대문구,26
Q10204,피부/비뇨기과 의원,11,서울특별시,11440,마포구,101
Q10204,피부/비뇨기과 의원,11,서울특별시,11470,양천구,46
Q10204,피부/비뇨기과 의원,11,서울특별시,11500,강서구,73
Q10204,피부/비뇨기과 의원,11,서울특별시,11530,구로구,26
Q10204,피부/비뇨기과 의원,11,서울특별시,11545,금천구,14
Q10204,피부/비뇨기과 의원,11,서울특별시,11560,영등포구,68
Q10204,피부/비뇨기과 의원,11,서울특별시,11590,동작구,35
Q10204,피부/비뇨기과 의원,11,서울특별시,11620,관악구,43
Q10204,피부/비뇨기과 의원,11,서울특별시,11650,서초구,210
Q10204,피부/비뇨기과 의원,11,서울특별시,11680,강남구,580
Q10204,피부/비뇨기과 의원,11,서울특별시,11710,송파구,95
Q10204,피부/비뇨기과 의원,11,서울특별시,11740,강동구,67
Q10205,안과 의원,11,서울특별시,11110,종로구,11
Q10205,안과 의원,11,서울특별시,11140,중구,9
Q10205,안과 의원,11,서울특별시,11170,용산구,7
Q10205,안과 의원,11,서울특별시,11200,성동구,7
Q10205,안과 의원,11,서울특별시,11215,광진구,15
Q10205,안과 의원,11,서울특별시,11230,동대문구,13
Q10205,안과 의원,11,서울특별시,11260,중랑구,13
Q10205,안과 의원,11,서울특별시,11290,성북구,15
Q10205,안과 의원,11,서울특별시,11305,강북구,12
Q10205,안과 의원,11,서울특별시,11320,도봉구,8
Q10205,안과 의원,11,서울특별시,11350,노원구,18
Q10205,안과 의원,11,서울특별시,11380,은평구,17
Q10205,안과 의원,11,서울특별시,11410,서대문구,14
Q10205,안과 의원,11,서울특별시,11440,마포구,16
Q10205,안과 의원,11,서울특별시,11470,양천구,12
Q10205,안과 의원,11,서울특별시,11500,강서구,21
Q10205,안과 의원,11,서울특별시,11530,구로구,15
Q10205,안과 의원,11,서울특별시,11545,금천구,8
Q10205,안과 의원,11,서울특별시,11560,영등포구,15
Q10205,안과 의원,11,서울특별시,11590,동작구,15
Q10205,안과 의원,11,서울특별시,11620,관악구,14
Q10205,안과 의원,11,서울특별시,11650,서초구,45
Q10205,안과 의원,11,서울특별시,11680,강남구,71
Q10205,안과 의원,11,서울특별시,11710,송파구,28
Q10205,안과 의원,11,서울특별시,11740,강동구,20
Q10206,이비인후과 의원,11,서울특별시,11110,종로구,15
Q10206,이비인후과 의원,11,서울특별시,11140,중구,24
Q10206,이비인후과 의원,11,서울특별시,11170,용산구,7
Q10206,이비인후과 의원,11,서울특별시,11200,성동구,19
Q10206,이비인후과 의원,11,서울특별시,11215,광진구,24
Q10206,이비인후과 의원,11,서울특별시,11230,동대문구,21
Q10206,이비인후과 의원,11,서울특별시,11260,중랑구,26
Q10206,이비인후과 의원,11,서울특별시,11290,성북구,21
Q10206,이비인후과 의원,11,서울특별시,11305,강북구,18
Q10206,이비인후과 의원,11,서울특별시,11320,도봉구,14
Q10206,이비인후과 의원,11,서울특별시,11350,노원구,28
Q10206,이비인후과 의원,11,서울특별시,11380,은평구,21
Q10206,이비인후과 의원,11,서울특별시,11410,서대문구,15
Q10206,이비인후과 의원,11,서울특별시,11440,마포구,32
Q10206,이비인후과 의원,11,서울특별시,11470,양천구,30
Q10206,이비인후과 의원,11,서울특별시,11500,강서구,40
Q10206,이비인후과 의원,11,서울특별시,11530,구로구,21
Q10206,이비인후과 의원,11,서울특별시,11545,금천구,12
Q10206,이비인후과 의원,11,서울특별시,11560,영등포구,35
Q10206,이비인후과 의원,11,서울특별시,11590,동작구,25
Q10206,이비인후과 의원,11,서울특별시,11620,관악구,25
Q10206,이비인후과 의원,11,서울특별시,11650,서초구,41
Q10206,이비인후과 의원,11,서울특별시,11680,강남구,74
Q10206,이비인후과 의원,11,서울특별시,11710,송파구,41
Q10206,이비인후과 의원,11,서울특별시,11740,강동구,40
Q10207,산부인과 의원,11,서울특별시,11110,종로구,9
Q10207,산부인과 의원,11,서울특별시,11140,중구,16
Q10207,산부인과 의원,11,서울특별시,11170,용산구,7
Q10207,산부인과 의원,11,서울특별시,11200,성동구,13
Q10207,산부인과 의원,11,서울특별시,11215,광진구,19
Q10207,산부인과 의원,11,서울특별시,11230,동대문구,15
Q10207,산부인과 의원,11,서울특별시,11260,중랑구,13
Q10207,산부인과 의원,11,서울특별시,11290,성북구,13
Q10207,산부인과 의원,11,서울특별시,11305,강북구,8
Q10207,산부인과 의원,11,서울특별시,11320,도봉구,5
Q10207,산부인과 의원,11,서울특별시,11350,노원구,22
Q10207,산부인과 의원,11,서울특별시,11380,은평구,14
Q10207,산부인과 의원,11,서울특별시,11410,서대문구,11
Q10207,산부인과 의원,11,서울특별시,11440,마포구,24
Q10207,산부인과 의원,11,서울특별시,11470,양천구,15
Q10207,산부인과 의원,11,서울특별시,11500,강서구,26
Q10207,산부인과 의원,11,서울특별시,11530,구로구,11
Q10207,산부인과 의원,11,서울특별시,11545,금천구,10
Q10207,산부인과 의원,11,서울특별시,11560,영등포구,21
Q10207,산부인과 의원,11,서울특별시,11590,동작구,14
Q10207,산부인과 의원,11,서울특별시,11620,관악구,24
Q10207,산부인과 의원,11,서울특별시,11650,서초구,45
Q10207,산부인과 의원,11,서울특별시,11680,강남구,89
Q10207,산부인과 의원,11,서울특별시,11710,송파구,30
Q10207,산부인과 의원,11,서울특별시,11740,강동구,25
Q10208,성형외과 의원,11,서울특별시,11110,종로구,3
Q10208,성형외과 의원,11,서울특별시,11140,중구,5
Q10208,성형외과 의원,11,서울특별시,11170,용산구,4
Q10208,성형외과 의원,11,서울특별시,11215,광진구,3
Q10208,성형외과 의원,11,서울특별시,11230,동대문구,3
Q10208,성형외과 의원,11,서울특별시,11290,성북구,5
Q10208,성형외과 의원,11,서울특별시,11305,강북구,5
Q10208,성형외과 의원,11,서울특별시,11350,노원구,7
Q10208,성형외과 의원,11,서울특별시,11380,은평구,4
Q10208,성형외과 의원,11,서울특별시,11410,서대문구,4
Q10208,성형외과 의원,11,서울특별시,11440,마포구,13
Q10208,성형외과 의원,11,서울특별시,11470,양천구,5
Q10208,성형외과 의원,11,서울특별시,11500,강서구,9
Q10208,성형외과 의원,11,서울특별시,11530,구로구,5
Q10208,성형외과 의원,11,서울특별시,11545,금천구,1
Q10208,성형외과 의원,11,서울특별시,11560,영등포구,11
Q10208,성형외과 의원,11,서울특별시,11590,동작구,5
Q10208,성형외과 의원,11,서울특별시,11620,관악구,6
Q10208,성형외과 의원,11,서울특별시,11650,서초구,169
Q10208,성형외과 의원,11,서울특별시,11680,강남구,556
Q10208,성형외과 의원,11,서울특별시,11710,송파구,11
Q10208,성형외과 의원,11,서울특별시,11740,강동구,8
Q10209,기타 의원,11,서울특별시,11110,종로구,25
Q10209,기타 의원,11,서울특별시,11140,중구,35
Q10209,기타 의원,11,서울특별시,11170,용산구,17
Q10209,기타 의원,11,서울특별시,11200,성동구,22
Q10209,기타 의원,11,서울특별시,11215,광진구,33
Q10209,기타 의원,11,서울특별시,11230,동대문구,27
Q10209,기타 의원,11,서울특별시,11260,중랑구,27
Q10209,기타 의원,11,서울특별시,11290,성북구,31
Q10209,기타 의원,11,서울특별시,11305,강북구,19
Q10209,기타 의원,11,서울특별시,11320,도봉구,18
Q10209,기타 의원,11,서울특별시,11350,노원구,39
Q10209,기타 의원,11,서울특별시,11380,은평구,37
Q10209,기타 의원,11,서울특별시,11410,서대문구,17
Q10209,기타 의원,11,서울특별시,11440,마포구,31
Q10209,기타 의원,11,서울특별시,11470,양천구,41
Q10209,기타 의원,11,서울특별시,11500,강서구,50
Q10209,기타 의원,11,서울특별시,11530,구로구,37
Q10209,기타 의원,11,서울특별시,11545,금천구,17
Q10209,기타 의원,11,서울특별시,11560,영등포구,40
Q10209,기타 의원,11,서울특별시,11590,동작구,32
Q10209,기타 의원,11,서울특별시,11620,관악구,27
Q10209,기타 의원,11,서울특별시,11650,서초구,56
Q10209,기타 의원,11,서울특별시,11680,강남구,120
Q10209,기타 의원,11,서울특별시,11710,송파구,65
Q10209,기타 의원,11,서울특별시,11740,강동구,46
Q10210,치과의원,11,서울특별시,11110,종로구,126
Q10210,치과의원,11,서울특별시,11140,중구,164
Q10210,치과의원,11,서울특별시,11170,용산구,85
Q10210,치과의원,11,서울특별시,11200,성동구,109
Q10210,치과의원,11,서울특별시,11215,광진구,137
Q10210,치과의원,11,서울특별시,11230,동대문구,150
Q10210,치과의원,11,서울특별시,11260,중랑구,155
Q10210,치과의원,11,서울특별시,11290,성북구,139
Q10210,치과의원,11,서울특별시,11305,강북구,120
Q10210,치과의원,11,서울특별시,11320,도봉구,95
Q10210,치과의원,11,서울특별시,11350,노원구,182
Q10210,치과의원,11,서울특별시,11380,은평구,169
Q10210,치과의원,11,서울특별시,11410,서대문구,119
Q10210,치과의원,11,서울특별시,11440,마포구,168
Q10210,치과의원,11,서울특별시,11470,양천구,179
Q10210,치과의원,11,서울특별시,11500,강서구,228
Q10210,치과의원,11,서울특별시,11530,구로구,153
Q10210,치과의원,11,서울특별시,11545,금천구,100
Q10210,치과의원,11,서울특별시,11560,영등포구,209
Q10210,치과의원,11,서울특별시,11590,동작구,147
Q10210,치과의원,11,서울특별시,11620,관악구,185
Q10210,치과의원,11,서울특별시,11650,서초구,292
Q10210,치과의원,11,서울특별시,11680,강남구,482
Q10210,치과의원,11,서울특별시,11710,송파구,290
Q10210,치과의원,11,서울특별시,11740,강동구,223
Q10211,한의원,11,서울특별시,11110,종로구,112
Q10211,한의원,11,서울특별시,11140,중구,86
Q10211,한의원,11,서울특별시,11170,용산구,52
Q10211,한의원,11,서울특별시,11200,성동구,84
Q10211,한의원,11,서울특별시,11215,광진구,113
Q10211,한의원,11,서울특별시,11230,동대문구,140
Q10211,한의원,11,서울특별시,11260,중랑구,103
Q10211,한의원,11,서울특별시,11290,성북구,113
Q10211,한의원,11,서울특별시,11305,강북구,89
Q10211,한의원,11,서울특별시,11320,도봉구,78
Q10211,한의원,11,서울특별시,11350,노원구,139
Q10211,한의원,11,서울특별시,11380,은평구,142
Q10211,한의원,11,서울특별시,11410,서대문구,81
Q10211,한의원,11,서울특별시,11440,마포구,129
Q10211,한의원,11,서울특별시,11470,양천구,145
Q10211,한의원,11,서울특별시,11500,강서구,193
Q10211,한의원,11,서울특별시,11530,구로구,107
Q10211,한의원,11,서울특별시,11545,금천구,66
Q10211,한의원,11,서울특별시,11560,영등포구,144
Q10211,한의원,11,서울특별시,11590,동작구,125
Q10211,한의원,11,서울특별시,11620,관악구,127
Q10211,한의원,11,서울특별시,11650,서초구,248
Q10211,한의원,11,서울특별시,11680,강남구,348
Q10211,한의원,11,서울특별시,11710,송파구,234
Q10211,한의원,11,서울특별시,11740,강동구,171
Q10212,방사선 진단/병리 검사 의원,11,서울특별시,11110,종로구,4
Q10212,방사선 진단/병리 검사 의원,11,서울특별시,11140,중구,5
Q10212,방사선 진단/병리 검사 의원,11,서울특별시,11215,광진구,3
Q10212,방사선 진단/병리 검사 의원,11,서울특별시,11230,동대문구,7
Q10212,방사선 진단/병리 검사 의원,11,서울특별시,11290,성북구,3
Q10212,방사선 진단/병리 검사 의원,11,서울특별시,11305,강북구,1
Q10212,방사선 진단/병리 검사 의원,11,서울특별시,11350,노원구,3
Q10212,방사선 진단/병리 검사 의원,11,서울특별시,11380,은평구,3
Q10212,방사선 진단/병리 검사 의원,11,서울특별시,11410,서대문구,3
Q10212,방사선 진단/병리 검사 의원,11,서울특별시,11440,마포구,5
Q10212,방사선 진단/병리 검사 의원,11,서울특별시,11470,양천구,1
Q10212,방사선 진단/병리 검사 의원,11,서울특별시,11500,강서구,4
Q10212,방사선 진단/병리 검사 의원,11,서울특별시,11530,구로구,2
Q10212,방사선 진단/병리 검사 의원,11,서울특별시,11545,금천구,2
Q10212,방사선 진단/병리 검사 의원,11,서울특별시,11560,영등포구,8
Q10212,방사선 진단/병리 검사 의원,11,서울특별시,11590,동작구,3
Q10212,방사선 진단/병리 검사 의원,11,서울특별시,11620,관악구,3
Q10212,방사선 진단/병리 검사 의원,11,서울특별시,11650,서초구,15
Q10212,방사선 진단/병리 검사 의원,11,서울특별시,11680,강남구,18
Q10212,방사선 진단/병리 검사 의원,11,서울특별시,11710,송파구,13
Q10212,방사선 진단/병리 검사 의원,11,서울특별시,11740,강동구,6
Q10402,유사 의료업,11,서울특별시,11110,종로구,22
Q10402,유사 의료업,11,서울특별시,11140,중구,15
Q10402,유사 의료업,11,서울특별시,11170,용산구,6
Q10402,유사 의료업,11,서울특별시,11200,성동구,13
Q10402,유사 의료업,11,서울특별시,11215,광진구,22
Q10402,유사 의료업,11,서울특별시,11230,동대문구,20
Q10402,유사 의료업,11,서울특별시,11260,중랑구,13
Q10402,유사 의료업,11,서울특별시,11290,성북구,20
Q10402,유사 의료업,11,서울특별시,11305,강북구,17
Q10402,유사 의료업,11,서울특별시,11320,도봉구,15
Q10402,유사 의료업,11,서울특별시,11350,노원구,17
Q10402,유사 의료업,11,서울특별시,11380,은평구,21
Q10402,유사 의료업,11,서울특별시,11410,서대문구,10
Q10402,유사 의료업,11,서울특별시,11440,마포구,30
Q10402,유사 의료업,11,서울특별시,11470,양천구,29
Q10402,유사 의료업,11,서울특별시,11500,강서구,28
Q10402,유사 의료업,11,서울특별시,11530,구로구,11
Q10402,유사 의료업,11,서울특별시,11545,금천구,14
Q10402,유사 의료업,11,서울특별시,11560,영등포구,27
Q10402,유사 의료업,11,서울특별시,11590,동작구,17
Q10402,유사 의료업,11,서울특별시,11620,관악구,19
Q10402,유사 의료업,11,서울특별시,11650,서초구,68
Q10402,유사 의료업,11,서울특별시,11680,강남구,98
Q10402,유사 의료업,11,서울특별시,11710,송파구,44
Q10402,유사 의료업,11,서울특별시,11740,강동구,18
R10202,독서실/스터디 카페,11,서울특별시,11110,종로구,35
R10202,독서실/스터디 카페,11,서울특별시,11140,중구,31
R10202,독서실/스터디 카페,11,서울특별시,11170,용산구,29
R10202,독서실/스터디 카페,11,서울특별시,11200,성동구,52
R10202,독서실/스터디 카페,11,서울특별시,11215,광진구,96
R10202,독서실/스터디 카페,11,서울특별시,11230,동대문구,98
R10202,독서실/스터디 카페,11,서울특별시,11260,중랑구,56
R10202,독서실/스터디 카페,11,서울특별시,11290,성북구,121
R10202,독서실/스터디 카페,11,서울특별시,11305,강북구,51
R10202,독서실/스터디 카페,11,서울특별시,11320,도봉구,64
R10202,독서실/스터디 카페,11,서울특별시,11350,노원구,137
R10202,독서실/스터디 카페,11,서울특별시,11380,은평구,105
R10202,독서실/스터디 카페,11,서울특별시,11410,서대문구,95
R10202,독서실/스터디 카페,11,서울특별시,11440,마포구,102
R10202,독서실/스터디 카페,11,서울특별시,11470,양천구,160
R10202,독서실/스터디 카페,11,서울특별시,11500,강서구,117
R10202,독서실/스터디 카페,11,서울특별시,11530,구로구,71
R10202,독서실/스터디 카페,11,서울특별시,11545,금천구,49
R10202,독서실/스터디 카페,11,서울특별시,11560,영등포구,88
R10202,독서실/스터디 카페,11,서울특별시,11590,동작구,148
R10202,독서실/스터디 카페,11,서울특별시,11620,관악구,264
R10202,독서실/스터디 카페,11,서울특별시,11650,서초구,137
R10202,독서실/스터디 카페,11,서울특별시,11680,강남구,298
R10202,독서실/스터디 카페,11,서울특별시,11710,송파구,196
R10202,독서실/스터디 카페,11,서울특별시,11740,강동구,128
R10306,종합 스포츠시설,11,서울특별시,11110,종로구,3
R10306,종합 스포츠시설,11,서울특별시,11140,중구,1
R10306,종합 스포츠시설,11,서울특별시,11170,용산구,3
R10306,종합 스포츠시설,11,서울특별시,11200,성동구,2
R10306,종합 스포츠시설,11,서울특별시,11215,광진구,6
R10306,종합 스포츠시설,11,서울특별시,11230,동대문구,3
R10306,종합 스포츠시설,11,서울특별시,11260,중랑구,4
R10306,종합 스포츠시설,11,서울특별시,11290,성북구,2
R10306,종합 스포츠시설,11,서울특별시,11305,강북구,2
R10306,종합 스포츠시설,11,서울특별시,11320,도봉구,3
R10306,종합 스포츠시설,11,서울특별시,11350,노원구,7
R10306,종합 스포츠시설,11,서울특별시,11380,은평구,4
R10306,종합 스포츠시설,11,서울특별시,11410,서대문구,4
R10306,종합 스포츠시설,11,서울특별시,11440,마포구,5
R10306,종합 스포츠시설,11,서울특별시,11470,양천구,4
R10306,종합 스포츠시설,11,서울특별시,11500,강서구,7
R10306,종합 스포츠시설,11,서울특별시,11530,구로구,6
R10306,종합 스포츠시설,11,서울특별시,11560,영등포구,6
R10306,종합 스포츠시설,11,서울특별시,11590,동작구,3
R10306,종합 스포츠시설,11,서울특별시,11650,서초구,19
R10306,종합 스포츠시설,11,서울특별시,11680,강남구,23
R10306,종합 스포츠시설,11,서울특별시,11710,송파구,9
R10306,종합 스포츠시설,11,서울특별시,11740,강동구,6
R10307,헬스장,11,서울특별시,11110,종로구,84
R10307,헬스장,11,서울특별시,11140,중구,68
R10307,헬스장,11,서울특별시,11170,용산구,80
R10307,헬스장,11,서울특별시,11200,성동구,102
R10307,헬스장,11,서울특별시,11215,광진구,129
R10307,헬스장,11,서울특별시,11230,동대문구,116
R10307,헬스장,11,서울특별시,11260,중랑구,79
R10307,헬스장,11,서울특별시,11290,성북구,108
R10307,헬스장,11,서울특별시,11305,강북구,69
R10307,헬스장,11,서울특별시,11320,도봉구,74
R10307,헬스장,11,서울특별시,11350,노원구,131
R10307,헬스장,11,서울특별시,11380,은평구,96
R10307,헬스장,11,서울특별시,11410,서대문구,91
R10307,헬스장,11,서울특별시,11440,마포구,184
R10307,헬스장,11,서울특별시,11470,양천구,147
R10307,헬스장,11,서울특별시,11500,강서구,220
R10307,헬스장,11,서울특별시,11530,구로구,106
R10307,헬스장,11,서울특별시,11545,금천구,78
R10307,헬스장,11,서울특별시,11560,영등포구,170
R10307,헬스장,11,서울특별시,11590,동작구,106
R10307,헬스장,11,서울특별시,11620,관악구,157
R10307,헬스장,11,서울특별시,11650,서초구,291
R10307,헬스장,11,서울특별시,11680,강남구,431
R10307,헬스장,11,서울특별시,11710,송파구,308
R10307,헬스장,11,서울특별시,11740,강동구,145
R10308,수영장,11,서울특별시,11110,종로구,2
R10308,수영장,11,서울특별시,11140,중구,1
R10308,수영장,11,서울특별시,11215,광진구,2
R10308,수영장,11,서울특별시,11230,동대문구,1
R10308,수영장,11,서울특별시,11290,성북구,1
R10308,수영장,11,서울특별시,11305,강북구,1
R10308,수영장,11,서울특별시,11320,도봉구,3
R10308,수영장,11,서울특별시,11350,노원구,6
R10308,수영장,11,서울특별시,11380,은평구,2
R10308,수영장,11,서울특별시,11410,서대문구,2
R10308,수영장,11,서울특별시,11440,마포구,4
R10308,수영장,11,서울특별시,11470,양천구,8
R10308,수영장,11,서울특별시,11500,강서구,5
R10308,수영장,11,서울특별시,11530,구로구,3
R10308,수영장,11,서울특별시,11560,영등포구,2
R10308,수영장,11,서울특별시,11620,관악구,3
R10308,수영장,11,서울특별시,11650,서초구,6
R10308,수영장,11,서울특별시,11680,강남구,5
R10308,수영장,11,서울특별시,11710,송파구,11
R10308,수영장,11,서울특별시,11740,강동구,4
R10309,볼링장,11,서울특별시,11110,종로구,8
R10309,볼링장,11,서울특별시,11140,중구,5
R10309,볼링장,11,서울특별시,11170,용산구,3
R10309,볼링장,11,서울특별시,11200,성동구,3
R10309,볼링장,11,서울특별시,11215,광진구,2
R10309,볼링장,11,서울특별시,11230,동대문구,4
R10309,볼링장,11,서울특별시,11260,중랑구,4
R10309,볼링장,11,서울특별시,11290,성북구,4
R10309,볼링장,11,서울특별시,11305,강북구,5
R10309,볼링장,11,서울특별시,11320,도봉구,5
R10309,볼링장,11,서울특별시,11350,노원구,5
R10309,볼링장,11,서울특별시,11380,은평구,5
R10309,볼링장,11,서울특별시,11410,서대문구,5
R10309,볼링장,11,서울특별시,11440,마포구,5
R10309,볼링장,11,서울특별시,11470,양천구,2
R10309,볼링장,11,서울특별시,11500,강서구,11
R10309,볼링장,11,서울특별시,11530,구로구,5
R10309,볼링장,11,서울특별시,11545,금천구,3
R10309,볼링장,11,서울특별시,11560,영등포구,9
R10309,볼링장,11,서울특별시,11590,동작구,2
R10309,볼링장,11,서울특별시,11620,관악구,1
R10309,볼링장,11,서울특별시,11650,서초구,4
R10309,볼링장,11,서울특별시,11680,강남구,7
R10309,볼링장,11,서울특별시,11710,송파구,7
R10309,볼링장,11,서울특별시,11740,강동구,2
R10310,당구장,11,서울특별시,11110,종로구,67
R10310,당구장,11,서울특별시,11140,중구,71
R10310,당구장,11,서울특별시,11170,용산구,30
R10310,당구장,11,서울특별시,11200,성동구,51
R10310,당구장,11,서울특별시,11215,광진구,93
R10310,당구장,11,서울특별시,11230,동대문구,79
R10310,당구장,11,서울특별시,11260,중랑구,102
R10310,당구장,11,서울특별시,11290,성북구,75
R10310,당구장,11,서울특별시,11305,강북구,78
R10310,당구장,11,서울특별시,11320,도봉구,81
R10310,당구장,11,서울특별시,11350,노원구,87
R10310,당구장,11,서울특별시,11380,은평구,84
R10310,당구장,11,서울특별시,11410,서대문구,52
R10310,당구장,11,서울특별시,11440,마포구,62
R10310,당구장,11,서울특별시,11470,양천구,71
R10310,당구장,11,서울특별시,11500,강서구,109
R10310,당구장,11,서울특별시,11530,구로구,73
R10310,당구장,11,서울특별시,11545,금천구,62
R10310,당구장,11,서울특별시,11560,영등포구,97
R10310,당구장,11,서울특별시,11590,동작구,54
R10310,당구장,11,서울특별시,11620,관악구,78
R10310,당구장,11,서울특별시,11650,서초구,96
R10310,당구장,11,서울특별시,11680,강남구,106
R10310,당구장,11,서울특별시,11710,송파구,119
R10310,당구장,11,서울특별시,11740,강동구,98
R10311,골프 연습장,11,서울특별시,11110,종로구,24
R10311,골프 연습장,11,서울특별시,11140,중구,31
R10311,골프 연습장,11,서울특별시,11170,용산구,24
R10311,골프 연습장,11,서울특별시,11200,성동구,38
R10311,골프 연습장,11,서울특별시,11215,광진구,39
R10311,골프 연습장,11,서울특별시,11230,동대문구,35
R10311,골프 연습장,11,서울특별시,11260,중랑구,35
R10311,골프 연습장,11,서울특별시,11290,성북구,38
R10311,골프 연습장,11,서울특별시,11305,강북구,31
R10311,골프 연습장,11,서울특별시,11320,도봉구,34
R10311,골프 연습장,11,서울특별시,11350,노원구,82
R10311,골프 연습장,11,서울특별시,11380,은평구,24
R10311,골프 연습장,11,서울특별시,11410,서대문구,22
R10311,골프 연습장,11,서울특별시,11440,마포구,53
R10311,골프 연습장,11,서울특별시,11470,양천구,63
R10311,골프 연습장,11,서울특별시,11500,강서구,100
R10311,골프 연습장,11,서울특별시,11530,구로구,63
R10311,골프 연습장,11,서울특별시,11545,금천구,42
R10311,골프 연습장,11,서울특별시,11560,영등포구,86
R10311,골프 연습장,11,서울특별시,11590,동작구,27
R10311,골프 연습장,11,서울특별시,11620,관악구,45
R10311,골프 연습장,11,서울특별시,11650,서초구,98
R10311,골프 연습장,11,서울특별시,11680,강남구,214
R10311,골프 연습장,11,서울특별시,11710,송파구,161
R10311,골프 연습장,11,서울특별시,11740,강동구,74
R10312,테니스장,11,서울특별시,11110,종로구,15
R10312,테니스장,11,서울특별시,11140,중구,27
R10312,테니스장,11,서울특별시,11170,용산구,22
R10312,테니스장,11,서울특별시,11200,성동구,21
R10312,테니스장,11,서울특별시,11215,광진구,17
R10312,테니스장,11,서울특별시,11230,동대문구,17
R10312,테니스장,11,서울특별시,11260,중랑구,18
R10312,테니스장,11,서울특별시,11290,성북구,14
R10312,테니스장,11,서울특별시,11305,강북구,9
R10312,테니스장,11,서울특별시,11320,도봉구,17
R10312,테니스장,11,서울특별시,11350,노원구,37
R10312,테니스장,11,서울특별시,11380,은평구,15
R10312,테니스장,11,서울특별시,11410,서대문구,16
R10312,테니스장,11,서울특별시,11440,마포구,32
R10312,테니스장,11,서울특별시,11470,양천구,19
R10312,테니스장,11,서울특별시,11500,강서구,50
R10312,테니스장,11,서울특별시,11530,구로구,20
R10312,테니스장,11,서울특별시,11545,금천구,19
R10312,테니스장,11,서울특별시,11560,영등포구,38
R10312,테니스장,11,서울특별시,11590,동작구,26
R10312,테니스장,11,서울특별시,11620,관악구,32
R10312,테니스장,11,서울특별시,11650,서초구,54
R10312,테니스장,11,서울특별시,11680,강남구,79
R10312,테니스장,11,서울특별시,11710,송파구,74
R10312,테니스장,11,서울특별시,11740,강동구,33
R10313,탁구장,11,서울특별시,11110,종로구,2
R10313,탁구장,11,서울특별시,11140,중구,1
R10313,탁구장,11,서울특별시,11170,용산구,3
R10313,탁구장,11,서울특별시,11200,성동구,14
R10313,탁구장,11,서울특별시,11215,광진구,12
R10313,탁구장,11,서울특별시,11230,동대문구,15
R10313,탁구장,11,서울특별시,11260,중랑구,9
R10313,탁구장,11,서울특별시,11290,성북구,13
R10313,탁구장,11,서울특별시,11305,강북구,9
R10313,탁구장,11,서울특별시,11320,도봉구,10
R10313,탁구장,11,서울특별시,11350,노원구,19
R10313,탁구장,11,서울특별시,11380,은평구,23
R10313,탁구장,11,서울특별시,11410,서대문구,8
R10313,탁구장,11,서울특별시,11440,마포구,10
R10313,탁구장,11,서울특별시,11470,양천구,16
R10313,탁구장,11,서울특별시,11500,강서구,15
R10313,탁구장,11,서울특별시,11530,구로구,13
R10313,탁구장,11,서울특별시,11545,금천구,8
R10313,탁구장,11,서울특별시,11560,영등포구,11
R10313,탁구장,11,서울특별시,11590,동작구,12
R10313,탁구장,11,서울특별시,11620,관악구,12
R10313,탁구장,11,서울특별시,11650,서초구,12
R10313,탁구장,11,서울특별시,11680,강남구,12
R10313,탁구장,11,서울특별시,11710,송파구,17
R10313,탁구장,11,서울특별시,11740,강동구,14
R10314,기타 스포츠시설 운영업,11,서울특별시,11110,종로구,12
R10314,기타 스포츠시설 운영업,11,서울특별시,11140,중구,10
R10314,기타 스포츠시설 운영업,11,서울특별시,11170,용산구,8
R10314,기타 스포츠시설 운영업,11,서울특별시,11200,성동구,4
R10314,기타 스포츠시설 운영업,11,서울특별시,11215,광진구,22
R10314,기타 스포츠시설 운영업,11,서울특별시,11230,동대문구,14
R10314,기타 스포츠시설 운영업,11,서울특별시,11260,중랑구,5
R10314,기타 스포츠시설 운영업,11,서울특별시,11290,성북구,10
R10314,기타 스포츠시설 운영업,11,서울특별시,11305,강북구,10
R10314,기타 스포츠시설 운영업,11,서울특별시,11320,도봉구,9
R10314,기타 스포츠시설 운영업,11,서울특별시,11350,노원구,17
R10314,기타 스포츠시설 운영업,11,서울특별시,11380,은평구,8
R10314,기타 스포츠시설 운영업,11,서울특별시,11410,서대문구,11
R10314,기타 스포츠시설 운영업,11,서울특별시,11440,마포구,23
R10314,기타 스포츠시설 운영업,11,서울특별시,11470,양천구,12
R10314,기타 스포츠시설 운영업,11,서울특별시,11500,강서구,28
R10314,기타 스포츠시설 운영업,11,서울특별시,11530,구로구,12
R10314,기타 스포츠시설 운영업,11,서울특별시,11545,금천구,4
R10314,기타 스포츠시설 운영업,11,서울특별시,11560,영등포구,26
R10314,기타 스포츠시설 운영업,11,서울특별시,11590,동작구,7
R10314,기타 스포츠시설 운영업,11,서울특별시,11620,관악구,12
R10314,기타 스포츠시설 운영업,11,서울특별시,11650,서초구,28
R10314,기타 스포츠시설 운영업,11,서울특별시,11680,강남구,45
R10314,기타 스포츠시설 운영업,11,서울특별시,11710,송파구,39
R10314,기타 스포츠시설 운영업,11,서울특별시,11740,강동구,14
R10316,스쿼시/라켓볼장,11,서울특별시,11110,종로구,1
R10316,스쿼시/라켓볼장,11,서울특별시,11140,중구,1
R10316,스쿼시/라켓볼장,11,서울특별시,11170,용산구,1
R10316,스쿼시/라켓볼장,11,서울특별시,11215,광진구,2
R10316,스쿼시/라켓볼장,11,서울특별시,11260,중랑구,2
R10316,스쿼시/라켓볼장,11,서울특별시,11290,성북구,1
R10316,스쿼시/라켓볼장,11,서울특별시,11305,강북구,2
R10316,스쿼시/라켓볼장,11,서울특별시,11350,노원구,1
R10316,스쿼시/라켓볼장,11,서울특별시,11440,마포구,1
R10316,스쿼시/라켓볼장,11,서울특별시,11500,강서구,2
R10316,스쿼시/라켓볼장,11,서울특별시,11545,금천구,3
R10316,스쿼시/라켓볼장,11,서울특별시,11560,영등포구,3
R10316,스쿼시/라켓볼장,11,서울특별시,11590,동작구,1
R10316,스쿼시/라켓볼장,11,서울특별시,11620,관악구,4
R10316,스쿼시/라켓볼장,11,서울특별시,11650,서초구,2
R10316,스쿼시/라켓볼장,11,서울특별시,11680,강남구,8
R10316,스쿼시/라켓볼장,11,서울특별시,11710,송파구,5
R10402,비디오방,11,서울특별시,11110,종로구,4
R10402,비디오방,11,서울특별시,11140,중구,1
R10402,비디오방,11,서울특별시,11200,성동구,1
R10402,비디오방,11,서울특별시,11215,광진구,3
R10402,비디오방,11,서울특별시,11230,동대문구,2
R10402,비디오방,11,서울특별시,11290,성북구,1
R10402,비디오방,11,서울특별시,11305,강북구,1
R10402,비디오방,11,서울특별시,11350,노원구,1
R10402,비디오방,11,서울특별시,11380,은평구,1
R10402,비디오방,11,서울특별시,11440,마포구,2
R10402,비디오방,11,서울특별시,11560,영등포구,1
R10402,비디오방,11,서울특별시,11590,동작구,1
R10402,비디오방,11,서울특별시,11620,관악구,1
R10402,비디오방,11,서울특별시,11650,서초구,1
R10402,비디오방,11,서울특별시,11680,강남구,1
R10402,비디오방,11,서울특별시,11710,송파구,2
R10402,비디오방,11,서울특별시,11740,강동구,1
R10404,전자 게임장,11,서울특별시,11110,종로구,13
R10404,전자 게임장,11,서울특별시,11140,중구,11
R10404,전자 게임장,11,서울특별시,11170,용산구,10
R10404,전자 게임장,11,서울특별시,11200,성동구,7
R10404,전자 게임장,11,서울특별시,11215,광진구,31
R10404,전자 게임장,11,서울특별시,11230,동대문구,30
R10404,전자 게임장,11,서울특별시,11260,중랑구,26
R10404,전자 게임장,11,서울특별시,11290,성북구,22
R10404,전자 게임장,11,서울특별시,11305,강북구,22
R10404,전자 게임장,11,서울특별시,11320,도봉구,16
R10404,전자 게임장,11,서울특별시,11350,노원구,16
R10404,전자 게임장,11,서울특별시,11380,은평구,26
R10404,전자 게임장,11,서울특별시,11410,서대문구,12
R10404,전자 게임장,11,서울특별시,11440,마포구,24
R10404,전자 게임장,11,서울특별시,11470,양천구,13
R10404,전자 게임장,11,서울특별시,11500,강서구,36
R10404,전자 게임장,11,서울특별시,11530,구로구,23
R10404,전자 게임장,11,서울특별시,11545,금천구,11
R10404,전자 게임장,11,서울특별시,11560,영등포구,27
R10404,전자 게임장,11,서울특별시,11590,동작구,20
R10404,전자 게임장,11,서울특별시,11620,관악구,40
R10404,전자 게임장,11,서울특별시,11650,서초구,5
R10404,전자 게임장,11,서울특별시,11680,강남구,13
R10404,전자 게임장,11,서울특별시,11710,송파구,14
R10404,전자 게임장,11,서울특별시,11740,강동구,23
R10405,기타 오락장,11,서울특별시,11110,종로구,31
R10405,기타 오락장,11,서울특별시,11140,중구,14
R10405,기타 오락장,11,서울특별시,11170,용산구,13
R10405,기타 오락장,11,서울특별시,11200,성동구,22
R10405,기타 오락장,11,서울특별시,11215,광진구,69
R10405,기타 오락장,11,서울특별시,11230,동대문구,38
R10405,기타 오락장,11,서울특별시,11260,중랑구,30
R10405,기타 오락장,11,서울특별시,11290,성북구,24
R10405,기타 오락장,11,서울특별시,11305,강북구,30
R10405,기타 오락장,11,서울특별시,11320,도봉구,17
R10405,기타 오락장,11,서울특별시,11350,노원구,37
R10405,기타 오락장,11,서울특별시,11380,은평구,22
R10405,기타 오락장,11,서울특별시,11410,서대문구,34
R10405,기타 오락장,11,서울특별시,11440,마포구,87
R10405,기타 오락장,11,서울특별시,11470,양천구,20
R10405,기타 오락장,11,서울특별시,11500,강서구,53
R10405,기타 오락장,11,서울특별시,11530,구로구,53
R10405,기타 오락장,11,서울특별시,11545,금천구,33
R10405,기타 오락장,11,서울특별시,11560,영등포구,118
R10405,기타 오락장,11,서울특별시,11590,동작구,27
R10405,기타 오락장,11,서울특별시,11620,관악구,55
R10405,기타 오락장,11,서울특별시,11650,서초구,29
R10405,기타 오락장,11,서울특별시,11680,강남구,101
R10405,기타 오락장,11,서울특별시,11710,송파구,68
R10405,기타 오락장,11,서울특별시,11740,강동구,29
R10406,PC방,11,서울특별시,11110,종로구,27
R10406,PC방,11,서울특별시,11140,중구,19
R10406,PC방,11,서울특별시,11170,용산구,18
R10406,PC방,11,서울특별시,11200,성동구,35
R10406,PC방,11,서울특별시,11215,광진구,61
R10406,PC방,11,서울특별시,11230,동대문구,48
R10406,PC방,11,서울특별시,11260,중랑구,54
R10406,PC방,11,서울특별시,11290,성북구,43
R10406,PC방,11,서울특별시,11305,강북구,41
R10406,PC방,11,서울특별시,11320,도봉구,30
R10406,PC방,11,서울특별시,11350,노원구,47
R10406,PC방,11,서울특별시,11380,은평구,47
R10406,PC방,11,서울특별시,11410,서대문구,37
R10406,PC방,11,서울특별시,11440,마포구,39
R10406,PC방,11,서울특별시,11470,양천구,43
R10406,PC방,11,서울특별시,11500,강서구,56
R10406,PC방,11,서울특별시,11530,구로구,42
R10406,PC방,11,서울특별시,11545,금천구,34
R10406,PC방,11,서울특별시,11560,영등포구,47
R10406,PC방,11,서울특별시,11590,동작구,43
R10406,PC방,11,서울특별시,11620,관악구,89
R10406,PC방,11,서울특별시,11650,서초구,33
R10406,PC방,11,서울특별시,11680,강남구,67
R10406,PC방,11,서울특별시,11710,송파구,72
R10406,PC방,11,서울특별시,11740,강동구,61
R10407,노래방,11,서울특별시,11110,종로구,81
R10407,노래방,11,서울특별시,11140,중구,90
R10407,노래방,11,서울특별시,11170,용산구,61
R10407,노래방,11,서울특별시,11200,성동구,126
R10407,노래방,11,서울특별시,11215,광진구,305
R10407,노래방,11,서울특별시,11230,동대문구,168
R10407,노래방,11,서울특별시,11260,중랑구,327
R10407,노래방,11,서울특별시,11290,성북구,124
R10407,노래방,11,서울특별시,11305,강북구,259
R10407,노래방,11,서울특별시,11320,도봉구,164
R10407,노래방,11,서울특별시,11350,노원구,229
R10407,노래방,11,서울특별시,11380,은평구,180
R10407,노래방,11,서울특별시,11410,서대문구,95
R10407,노래방,11,서울특별시,11440,마포구,196
R10407,노래방,11,서울특별시,11470,양천구,204
R10407,노래방,11,서울특별시,11500,강서구,304
R10407,노래방,11,서울특별시,11530,구로구,252
R10407,노래방,11,서울특별시,11545,금천구,177
R10407,노래방,11,서울특별시,11560,영등포구,306
R10407,노래방,11,서울특별시,11590,동작구,140
R10407,노래방,11,서울특별시,11620,관악구,245
R10407,노래방,11,서울특별시,11650,서초구,195
R10407,노래방,11,서울특별시,11680,강남구,204
R10407,노래방,11,서울특별시,11710,송파구,402
R10407,노래방,11,서울특별시,11740,강동구,219
R10408,낚시터 운영업,11,서울특별시,11110,종로구,3
R10408,낚시터 운영업,11,서울특별시,11215,광진구,1
R10408,낚시터 운영업,11,서울특별시,11230,동대문구,1
R10408,낚시터 운영업,11,서울특별시,11290,성북구,2
R10408,낚시터 운영업,11,서울특별시,11305,강북구,1
R10408,낚시터 운영업,11,서울특별시,11350,노원구,1
R10408,낚시터 운영업,11,서울특별시,11380,은평구,1
R10408,낚시터 운영업,11,서울특별시,11410,서대문구,1
R10408,낚시터 운영업,11,서울특별시,11470,양천구,2
R10408,낚시터 운영업,11,서울특별시,11500,강서구,3
R10408,낚시터 운영업,11,서울특별시,11530,구로구,1
R10408,낚시터 운영업,11,서울특별시,11545,금천구,1
R10408,낚시터 운영업,11,서울특별시,11590,동작구,1
R10408,낚시터 운영업,11,서울특별시,11620,관악구,2
R10408,낚시터 운영업,11,서울특별시,11710,송파구,2
R10409,수상/해양 레저업,11,서울특별시,11110,종로구,1
R10409,수상/해양 레저업,11,서울특별시,11200,성동구,1
R10409,수상/해양 레저업,11,서울특별시,11215,광진구,2
R10409,수상/해양 레저업,11,서울특별시,11230,동대문구,2
R10409,수상/해양 레저업,11,서울특별시,11260,중랑구,1
R10409,수상/해양 레저업,11,서울특별시,11350,노원구,1
R10409,수상/해양 레저업,11,서울특별시,11410,서대문구,1
R10409,수상/해양 레저업,11,서울특별시,11440,마포구,4
R10409,수상/해양 레저업,11,서울특별시,11470,양천구,1
R10409,수상/해양 레저업,11,서울특별시,11500,강서구,1
R10409,수상/해양 레저업,11,서울특별시,11560,영등포구,4
R10409,수상/해양 레저업,11,서울특별시,11620,관악구,1
R10409,수상/해양 레저업,11,서울특별시,11650,서초구,6
R10409,수상/해양 레저업,11,서울특별시,11680,강남구,4
R10409,수상/해양 레저업,11,서울특별시,11710,송파구,1
R10410,복권 발행/판매업,11,서울특별시,11110,종로구,44
R10410,복권 발행/판매업,11,서울특별시,11140,중구,46
R10410,복권 발행/판매업,11,서울특별시,11170,용산구,23
R10410,복권 발행/판매업,11,서울특별시,11200,성동구,41
R10410,복권 발행/판매업,11,서울특별시,11215,광진구,45
R10410,복권 발행/판매업,11,서울특별시,11230,동대문구,56
R10410,복권 발행/판매업,11,서울특별시,11260,중랑구,47
R10410,복권 발행/판매업,11,서울특별시,11290,성북구,48
R10410,복권 발행/판매업,11,서울특별시,11305,강북구,43
R10410,복권 발행/판매업,11,서울특별시,11320,도봉구,28
R10410,복권 발행/판매업,11,서울특별시,11350,노원구,41
R10410,복권 발행/판매업,11,서울특별시,11380,은평구,53
R10410,복권 발행/판매업,11,서울특별시,11410,서대문구,30
R10410,복권 발행/판매업,11,서울특별시,11440,마포구,41
R10410,복권 발행/판매업,11,서울특별시,11470,양천구,41
R10410,복권 발행/판매업,11,서울특별시,11500,강서구,56
R10410,복권 발행/판매업,11,서울특별시,11530,구로구,59
R10410,복권 발행/판매업,11,서울특별시,11545,금천구,29
R10410,복권 발행/판매업,11,서울특별시,11560,영등포구,70
R10410,복권 발행/판매업,11,서울특별시,11590,동작구,44
R10410,복권 발행/판매업,11,서울특별시,11620,관악구,63
R10410,복권 발행/판매업,11,서울특별시,11650,서초구,42
R10410,복권 발행/판매업,11,서울특별시,11680,강남구,54
R10410,복권 발행/판매업,11,서울특별시,11710,송파구,63
R10410,복권 발행/판매업,11,서울특별시,11740,강동구,50
R10414,바둑/장기/체스 경기 운영업,11,서울특별시,11110,종로구,5
R10414,바둑/장기/체스 경기 운영업,11,서울특별시,11140,중구,2
R10414,바둑/장기/체스 경기 운영업,11,서울특별시,11170,용산구,3
R10414,바둑/장기/체스 경기 운영업,11,서울특별시,11200,성동구,4
R10414,바둑/장기/체스 경기 운영업,11,서울특별시,11215,광진구,3
R10414,바둑/장기/체스 경기 운영업,11,서울특별시,11230,동대문구,8
R10414,바둑/장기/체스 경기 운영업,11,서울특별시,11260,중랑구,5
R10414,바둑/장기/체스 경기 운영업,11,서울특별시,11290,성북구,3
R10414,바둑/장기/체스 경기 운영업,11,서울특별시,11305,강북구,7
R10414,바둑/장기/체스 경기 운영업,11,서울특별시,11320,도봉구,1
R10414,바둑/장기/체스 경기 운영업,11,서울특별시,11350,노원구,3
R10414,바둑/장기/체스 경기 운영업,11,서울특별시,11380,은평구,4
R10414,바둑/장기/체스 경기 운영업,11,서울특별시,11410,서대문구,2
R10414,바둑/장기/체스 경기 운영업,11,서울특별시,11440,마포구,1
R10414,바둑/장기/체스 경기 운영업,11,서울특별시,11470,양천구,1
R10414,바둑/장기/체스 경기 운영업,11,서울특별시,11500,강서구,9
R10414,바둑/장기/체스 경기 운영업,11,서울특별시,11530,구로구,31
R10414,바둑/장기/체스 경기 운영업,11,서울특별시,11545,금천구,2
R10414,바둑/장기/체스 경기 운영업,11,서울특별시,11560,영등포구,13
R10414,바둑/장기/체스 경기 운영업,11,서울특별시,11590,동작구,3
R10414,바둑/장기/체스 경기 운영업,11,서울특별시,11620,관악구,10
R10414,바둑/장기/체스 경기 운영업,11,서울특별시,11650,서초구,13
R10414,바둑/장기/체스 경기 운영업,11,서울특별시,11680,강남구,5
R10414,바둑/장기/체스 경기 운영업,11,서울특별시,11710,송파구,7
R10414,바둑/장기/체스 경기 운영업,11,서울특별시,11740,강동구,6
R10499,기타 오락관련 서비스업,11,서울특별시,11110,종로구,25
R10499,기타 오락관련 서비스업,11,서울특별시,11140,중구,8
R10499,기타 오락관련 서비스업,11,서울특별시,11170,용산구,11
R10499,기타 오락관련 서비스업,11,서울특별시,11200,성동구,10
R10499,기타 오락관련 서비스업,11,서울특별시,11215,광진구,17
R10499,기타 오락관련 서비스업,11,서울특별시,11230,동대문구,15
R10499,기타 오락관련 서비스업,11,서울특별시,11260,중랑구,6
R10499,기타 오락관련 서비스업,11,서울특별시,11290,성북구,8
R10499,기타 오락관련 서비스업,11,서울특별시,11305,강북구,6
R10499,기타 오락관련 서비스업,11,서울특별시,11320,도봉구,6
R10499,기타 오락관련 서비스업,11,서울특별시,11350,노원구,12
R10499,기타 오락관련 서비스업,11,서울특별시,11380,은평구,12
R10499,기타 오락관련 서비스업,11,서울특별시,11410,서대문구,8
R10499,기타 오락관련 서비스업,11,서울특별시,11440,마포구,39
R10499,기타 오락관련 서비스업,11,서울특별시,11470,양천구,12
R10499,기타 오락관련 서비스업,11,서울특별시,11500,강서구,16
R10499,기타 오락관련 서비스업,11,서울특별시,11530,구로구,20
R10499,기타 오락관련 서비스업,11,서울특별시,11545,금천구,10
R10499,기타 오락관련 서비스업,11,서울특별시,11560,영등포구,45
R10499,기타 오락관련 서비스업,11,서울특별시,11590,동작구,3
R10499,기타 오락관련 서비스업,11,서울특별시,11620,관악구,17
R10499,기타 오락관련 서비스업,11,서울특별시,11650,서초구,23
R10499,기타 오락관련 서비스업,11,서울특별시,11680,강남구,59
R10499,기타 오락관련 서비스업,11,서울특별시,11710,송파구,26
R10499,기타 오락관련 서비스업,11,서울특별시,11740,강동구,12
S20101,컴퓨터/노트북/프린터 수리업,11,서울특별시,11110,종로구,33
S20101,컴퓨터/노트북/프린터 수리업,11,서울특별시,11140,중구,36
S20101,컴퓨터/노트북/프린터 수리업,11,서울특별시,11170,용산구,63
S20101,컴퓨터/노트북/프린터 수리업,11,서울특별시,11200,성동구,45
S20101,컴퓨터/노트북/프린터 수리업,11,서울특별시,11215,광진구,58
S20101,컴퓨터/노트북/프린터 수리업,11,서울특별시,11230,동대문구,62
S20101,컴퓨터/노트북/프린터 수리업,11,서울특별시,11260,중랑구,66
S20101,컴퓨터/노트북/프린터 수리업,11,서울특별시,11290,성북구,48
S20101,컴퓨터/노트북/프린터 수리업,11,서울특별시,11305,강북구,51
S20101,컴퓨터/노트북/프린터 수리업,11,서울특별시,11320,도봉구,32
S20101,컴퓨터/노트북/프린터 수리업,11,서울특별시,11350,노원구,48
S20101,컴퓨터/노트북/프린터 수리업,11,서울특별시,11380,은평구,63
S20101,컴퓨터/노트북/프린터 수리업,11,서울특별시,11410,서대문구,33
S20101,컴퓨터/노트북/프린터 수리업,11,서울특별시,11440,마포구,86
S20101,컴퓨터/노트북/프린터 수리업,11,서울특별시,11470,양천구,45
S20101,컴퓨터/노트북/프린터 수리업,11,서울특별시,11500,강서구,112
S20101,컴퓨터/노트북/프린터 수리업,11,서울특별시,11530,구로구,69
S20101,컴퓨터/노트북/프린터 수리업,11,서울특별시,11545,금천구,75
S20101,컴퓨터/노트북/프린터 수리업,11,서울특별시,11560,영등포구,93
S20101,컴퓨터/노트북/프린터 수리업,11,서울특별시,11590,동작구,46
S20101,컴퓨터/노트북/프린터 수리업,11,서울특별시,11620,관악구,79
S20101,컴퓨터/노트북/프린터 수리업,11,서울특별시,11650,서초구,102
S20101,컴퓨터/노트북/프린터 수리업,11,서울특별시,11680,강남구,165
S20101,컴퓨터/노트북/프린터 수리업,11,서울특별시,11710,송파구,115
S20101,컴퓨터/노트북/프린터 수리업,11,서울특별시,11740,강동구,63
S20201,핸드폰/통신장비 수리업,11,서울특별시,11110,종로구,14
S20201,핸드폰/통신장비 수리업,11,서울특별시,11140,중구,10
S20201,핸드폰/통신장비 수리업,11,서울특별시,11170,용산구,4
S20201,핸드폰/통신장비 수리업,11,서울특별시,11200,성동구,12
S20201,핸드폰/통신장비 수리업,11,서울특별시,11215,광진구,19
S20201,핸드폰/통신장비 수리업,11,서울특별시,11230,동대문구,7
S20201,핸드폰/통신장비 수리업,11,서울특별시,11260,중랑구,10
S20201,핸드폰/통신장비 수리업,11,서울특별시,11290,성북구,7
S20201,핸드폰/통신장비 수리업,11,서울특별시,11305,강북구,9
S20201,핸드폰/통신장비 수리업,11,서울특별시,11320,도봉구,8
S20201,핸드폰/통신장비 수리업,11,서울특별시,11350,노원구,8
S20201,핸드폰/통신장비 수리업,11,서울특별시,11380,은평구,9
S20201,핸드폰/통신장비 수리업,11,서울특별시,11410,서대문구,5
S20201,핸드폰/통신장비 수리업,11,서울특별시,11440,마포구,17
S20201,핸드폰/통신장비 수리업,11,서울특별시,11470,양천구,8
S20201,핸드폰/통신장비 수리업,11,서울특별시,11500,강서구,20
S20201,핸드폰/통신장비 수리업,11,서울특별시,11530,구로구,17
S20201,핸드폰/통신장비 수리업,11,서울특별시,11545,금천구,20
S20201,핸드폰/통신장비 수리업,11,서울특별시,11560,영등포구,27
S20201,핸드폰/통신장비 수리업,11,서울특별시,11590,동작구,12
S20201,핸드폰/통신장비 수리업,11,서울특별시,11620,관악구,17
S20201,핸드폰/통신장비 수리업,11,서울특별시,11650,서초구,11
S20201,핸드폰/통신장비 수리업,11,서울특별시,11680,강남구,37
S20201,핸드폰/통신장비 수리업,11,서울특별시,11710,송파구,22
S20201,핸드폰/통신장비 수리업,11,서울특별시,11740,강동구,12
S20301,자동차 정비소,11,서울특별시,11110,종로구,27
S20301,자동차 정비소,11,서울특별시,11140,중구,34
S20301,자동차 정비소,11,서울특별시,11170,용산구,72
S20301,자동차 정비소,11,서울특별시,11200,성동구,263
S20301,자동차 정비소,11,서울특별시,11215,광진구,108
S20301,자동차 정비소,11,서울특별시,11230,동대문구,214
S20301,자동차 정비소,11,서울특별시,11260,중랑구,177
S20301,자동차 정비소,11,서울특별시,11290,성북구,119
S20301,자동차 정비소,11,서울특별시,11305,강북구,123
S20301,자동차 정비소,11,서울특별시,11320,도봉구,132
S20301,자동차 정비소,11,서울특별시,11350,노원구,120
S20301,자동차 정비소,11,서울특별시,11380,은평구,119
S20301,자동차 정비소,11,서울특별시,11410,서대문구,80
S20301,자동차 정비소,11,서울특별시,11440,마포구,101
S20301,자동차 정비소,11,서울특별시,11470,양천구,167
S20301,자동차 정비소,11,서울특별시,11500,강서구,281
S20301,자동차 정비소,11,서울특별시,11530,구로구,130
S20301,자동차 정비소,11,서울특별시,11545,금천구,145
S20301,자동차 정비소,11,서울특별시,11560,영등포구,205
S20301,자동차 정비소,11,서울특별시,11590,동작구,72
S20301,자동차 정비소,11,서울특별시,11620,관악구,144
S20301,자동차 정비소,11,서울특별시,11650,서초구,198
S20301,자동차 정비소,11,서울특별시,11680,강남구,193
S20301,자동차 정비소,11,서울특별시,11710,송파구,242
S20301,자동차 정비소,11,서울특별시,11740,강동구,178
S20302,자동차 세차장,11,서울특별시,11110,종로구,12
S20302,자동차 세차장,11,서울특별시,11140,중구,23
S20302,자동차 세차장,11,서울특별시,11170,용산구,34
S20302,자동차 세차장,11,서울특별시,11200,성동구,80
S20302,자동차 세차장,11,서울특별시,11215,광진구,34
S20302,자동차 세차장,11,서울특별시,11230,동대문구,44
S20302,자동차 세차장,11,서울특별시,11260,중랑구,53
S20302,자동차 세차장,11,서울특별시,11290,성북구,38
S20302,자동차 세차장,11,서울특별시,11305,강북구,40
S20302,자동차 세차장,11,서울특별시,11320,도봉구,31
S20302,자동차 세차장,11,서울특별시,11350,노원구,37
S20302,자동차 세차장,11,서울특별시,11380,은평구,43
S20302,자동차 세차장,11,서울특별시,11410,서대문구,25
S20302,자동차 세차장,11,서울특별시,11440,마포구,52
S20302,자동차 세차장,11,서울특별시,11470,양천구,47
S20302,자동차 세차장,11,서울특별시,11500,강서구,96
S20302,자동차 세차장,11,서울특별시,11530,구로구,51
S20302,자동차 세차장,11,서울특별시,11545,금천구,47
S20302,자동차 세차장,11,서울특별시,11560,영등포구,85
S20302,자동차 세차장,11,서울특별시,11590,동작구,18
S20302,자동차 세차장,11,서울특별시,11620,관악구,46
S20302,자동차 세차장,11,서울특별시,11650,서초구,122
S20302,자동차 세차장,11,서울특별시,11680,강남구,121
S20302,자동차 세차장,11,서울특별시,11710,송파구,100
S20302,자동차 세차장,11,서울특별시,11740,강동구,46
S20401,모터사이클 수리업,11,서울특별시,11110,종로구,15
S20401,모터사이클 수리업,11,서울특별시,11140,중구,33
S20401,모터사이클 수리업,11,서울특별시,11170,용산구,24
S20401,모터사이클 수리업,11,서울특별시,11200,성동구,26
S20401,모터사이클 수리업,11,서울특별시,11215,광진구,21
S20401,모터사이클 수리업,11,서울특별시,11230,동대문구,43
S20401,모터사이클 수리업,11,서울특별시,11260,중랑구,32
S20401,모터사이클 수리업,11,서울특별시,11290,성북구,30
S20401,모터사이클 수리업,11,서울특별시,11305,강북구,26
S20401,모터사이클 수리업,11,서울특별시,11320,도봉구,14
S20401,모터사이클 수리업,11,서울특별시,11350,노원구,8
S20401,모터사이클 수리업,11,서울특별시,11380,은평구,14
S20401,모터사이클 수리업,11,서울특별시,11410,서대문구,18
S20401,모터사이클 수리업,11,서울특별시,11440,마포구,12
S20401,모터사이클 수리업,11,서울특별시,11470,양천구,21
S20401,모터사이클 수리업,11,서울특별시,11500,강서구,18
S20401,모터사이클 수리업,11,서울특별시,11530,구로구,28
S20401,모터사이클 수리업,11,서울특별시,11545,금천구,13
S20401,모터사이클 수리업,11,서울특별시,11560,영등포구,34
S20401,모터사이클 수리업,11,서울특별시,11590,동작구,16
S20401,모터사이클 수리업,11,서울특별시,11620,관악구,42
S20401,모터사이클 수리업,11,서울특별시,11650,서초구,13
S20401,모터사이클 수리업,11,서울특별시,11680,강남구,16
S20401,모터사이클 수리업,11,서울특별시,11710,송파구,17
S20401,모터사이클 수리업,11,서울특별시,11740,강동구,16
S20501,가전제품 수리업,11,서울특별시,11110,종로구,66
S20501,가전제품 수리업,11,서울특별시,11140,중구,40
S20501,가전제품 수리업,11,서울특별시,11170,용산구,55
S20501,가전제품 수리업,11,서울특별시,11200,성동구,50
S20501,가전제품 수리업,11,서울특별시,11215,광진구,110
S20501,가전제품 수리업,11,서울특별시,11230,동대문구,82
S20501,가전제품 수리업,11,서울특별시,11260,중랑구,147
S20501,가전제품 수리업,11,서울특별시,11290,성북구,100
S20501,가전제품 수리업,11,서울특별시,11305,강북구,98
S20501,가전제품 수리업,11,서울특별시,11320,도봉구,72
S20501,가전제품 수리업,11,서울특별시,11350,노원구,64
S20501,가전제품 수리업,11,서울특별시,11380,은평구,90
S20501,가전제품 수리업,11,서울특별시,11410,서대문구,57
S20501,가전제품 수리업,11,서울특별시,11440,마포구,74
S20501,가전제품 수리업,11,서울특별시,11470,양천구,75
S20501,가전제품 수리업,11,서울특별시,11500,강서구,126
S20501,가전제품 수리업,11,서울특별시,11530,구로구,98
S20501,가전제품 수리업,11,서울특별시,11545,금천구,90
S20501,가전제품 수리업,11,서울특별시,11560,영등포구,118
S20501,가전제품 수리업,11,서울특별시,11590,동작구,57
S20501,가전제품 수리업,11,서울특별시,11620,관악구,116
S20501,가전제품 수리업,11,서울특별시,11650,서초구,81
S20501,가전제품 수리업,11,서울특별시,11680,강남구,98
S20501,가전제품 수리업,11,서울특별시,11710,송파구,103
S20501,가전제품 수리업,11,서울특별시,11740,강동구,108
S20601,의류/이불 수선업,11,서울특별시,11110,종로구,89
S20601,의류/이불 수선업,11,서울특별시,11140,중구,98
S20601,의류/이불 수선업,11,서울특별시,11170,용산구,40
S20601,의류/이불 수선업,11,서울특별시,11200,성동구,45
S20601,의류/이불 수선업,11,서울특별시,11215,광진구,59
S20601,의류/이불 수선업,11,서울특별시,11230,동대문구,46
S20601,의류/이불 수선업,11,서울특별시,11260,중랑구,34
S20601,의류/이불 수선업,11,서울특별시,11290,성북구,56
S20601,의류/이불 수선업,11,서울특별시,11305,강북구,47
S20601,의류/이불 수선업,11,서울특별시,11320,도봉구,37
S20601,의류/이불 수선업,11,서울특별시,11350,노원구,47
S20601,의류/이불 수선업,11,서울특별시,11380,은평구,62
S20601,의류/이불 수선업,11,서울특별시,11410,서대문구,46
S20601,의류/이불 수선업,11,서울특별시,11440,마포구,55
S20601,의류/이불 수선업,11,서울특별시,11470,양천구,46
S20601,의류/이불 수선업,11,서울특별시,11500,강서구,62
S20601,의류/이불 수선업,11,서울특별시,11530,구로구,51
S20601,의류/이불 수선업,11,서울특별시,11545,금천구,61
S20601,의류/이불 수선업,11,서울특별시,11560,영등포구,69
S20601,의류/이불 수선업,11,서울특별시,11590,동작구,39
S20601,의류/이불 수선업,11,서울특별시,11620,관악구,59
S20601,의류/이불 수선업,11,서울특별시,11650,서초구,90
S20601,의류/이불 수선업,11,서울특별시,11680,강남구,166
S20601,의류/이불 수선업,11,서울특별시,11710,송파구,106
S20601,의류/이불 수선업,11,서울특별시,11740,강동구,53
S20602,가죽/가방/신발 수선업,11,서울특별시,11110,종로구,13
S20602,가죽/가방/신발 수선업,11,서울특별시,11140,중구,43
S20602,가죽/가방/신발 수선업,11,서울특별시,11170,용산구,13
S20602,가죽/가방/신발 수선업,11,서울특별시,11200,성동구,13
S20602,가죽/가방/신발 수선업,11,서울특별시,11215,광진구,15
S20602,가죽/가방/신발 수선업,11,서울특별시,11230,동대문구,18
S20602,가죽/가방/신발 수선업,11,서울특별시,11260,중랑구,7
S20602,가죽/가방/신발 수선업,11,서울특별시,11290,성북구,9
S20602,가죽/가방/신발 수선업,11,서울특별시,11305,강북구,5
S20602,가죽/가방/신발 수선업,11,서울특별시,11320,도봉구,10
S20602,가죽/가방/신발 수선업,11,서울특별시,11350,노원구,10
S20602,가죽/가방/신발 수선업,11,서울특별시,11380,은평구,10
S20602,가죽/가방/신발 수선업,11,서울특별시,11410,서대문구,4
S20602,가죽/가방/신발 수선업,11,서울특별시,11440,마포구,8
S20602,가죽/가방/신발 수선업,11,서울특별시,11470,양천구,6
S20602,가죽/가방/신발 수선업,11,서울특별시,11500,강서구,18
S20602,가죽/가방/신발 수선업,11,서울특별시,11530,구로구,6
S20602,가죽/가방/신발 수선업,11,서울특별시,11545,금천구,8
S20602,가죽/가방/신발 수선업,11,서울특별시,11560,영등포구,11
S20602,가죽/가방/신발 수선업,11,서울특별시,11590,동작구,4
S20602,가죽/가방/신발 수선업,11,서울특별시,11620,관악구,16
S20602,가죽/가방/신발 수선업,11,서울특별시,11650,서초구,15
S20602,가죽/가방/신발 수선업,11,서울특별시,11680,강남구,43
S20602,가죽/가방/신발 수선업,11,서울특별시,11710,송파구,22
S20602,가죽/가방/신발 수선업,11,서울특별시,11740,강동구,15
S20603,시계/귀금속/악기 수리업,11,서울특별시,11110,종로구,127
S20603,시계/귀금속/악기 수리업,11,서울특별시,11140,중구,8
S20603,시계/귀금속/악기 수리업,11,서울특별시,11170,용산구,3
S20603,시계/귀금속/악기 수리업,11,서울특별시,11200,성동구,3
S20603,시계/귀금속/악기 수리업,11,서울특별시,11215,광진구,1
S20603,시계/귀금속/악기 수리업,11,서울특별시,11230,동대문구,4
S20603,시계/귀금속/악기 수리업,11,서울특별시,11260,중랑구,3
S20603,시계/귀금속/악기 수리업,11,서울특별시,11290,성북구,1
S20603,시계/귀금속/악기 수리업,11,서울특별시,11305,강북구,2
S20603,시계/귀금속/악기 수리업,11,서울특별시,11320,도봉구,1
S20603,시계/귀금속/악기 수리업,11,서울특별시,11350,노원구,2
S20603,시계/귀금속/악기 수리업,11,서울특별시,11380,은평구,7
S20603,시계/귀금속/악기 수리업,11,서울특별시,11410,서대문구,3
S20603,시계/귀금속/악기 수리업,11,서울특별시,11440,마포구,5
S20603,시계/귀금속/악기 수리업,11,서울특별시,11470,양천구,2
S20603,시계/귀금속/악기 수리업,11,서울특별시,11500,강서구,2
S20603,시계/귀금속/악기 수리업,11,서울특별시,11530,구로구,2
S20603,시계/귀금속/악기 수리업,11,서울특별시,11545,금천구,2
S20603,시계/귀금속/악기 수리업,11,서울특별시,11560,영등포구,6
S20603,시계/귀금속/악기 수리업,11,서울특별시,11590,동작구,3
S20603,시계/귀금속/악기 수리업,11,서울특별시,11620,관악구,9
S20603,시계/귀금속/악기 수리업,11,서울특별시,11650,서초구,23
S20603,시계/귀금속/악기 수리업,11,서울특별시,11680,강남구,13
S20603,시계/귀금속/악기 수리업,11,서울특별시,11710,송파구,7
S20603,시계/귀금속/악기 수리업,11,서울특별시,11740,강동구,2
S20699,그 외 기타 개인/가정용품 수리업,11,서울특별시,11110,종로구,52
S20699,그 외 기타 개인/가정용품 수리업,11,서울특별시,11140,중구,63
S20699,그 외 기타 개인/가정용품 수리업,11,서울특별시,11170,용산구,39
S20699,그 외 기타 개인/가정용품 수리업,11,서울특별시,11200,성동구,54
S20699,그 외 기타 개인/가정용품 수리업,11,서울특별시,11215,광진구,91
S20699,그 외 기타 개인/가정용품 수리업,11,서울특별시,11230,동대문구,63
S20699,그 외 기타 개인/가정용품 수리업,11,서울특별시,11260,중랑구,60
S20699,그 외 기타 개인/가정용품 수리업,11,서울특별시,11290,성북구,75
S20699,그 외 기타 개인/가정용품 수리업,11,서울특별시,11305,강북구,56
S20699,그 외 기타 개인/가정용품 수리업,11,서울특별시,11320,도봉구,54
S20699,그 외 기타 개인/가정용품 수리업,11,서울특별시,11350,노원구,64
S20699,그 외 기타 개인/가정용품 수리업,11,서울특별시,11380,은평구,74
S20699,그 외 기타 개인/가정용품 수리업,11,서울특별시,11410,서대문구,46
S20699,그 외 기타 개인/가정용품 수리업,11,서울특별시,11440,마포구,75
S20699,그 외 기타 개인/가정용품 수리업,11,서울특별시,11470,양천구,54
S20699,그 외 기타 개인/가정용품 수리업,11,서울특별시,11500,강서구,91
S20699,그 외 기타 개인/가정용품 수리업,11,서울특별시,11530,구로구,43
S20699,그 외 기타 개인/가정용품 수리업,11,서울특별시,11545,금천구,67
S20699,그 외 기타 개인/가정용품 수리업,11,서울특별시,11560,영등포구,74
S20699,그 외 기타 개인/가정용품 수리업,11,서울특별시,11590,동작구,56
S20699,그 외 기타 개인/가정용품 수리업,11,서울특별시,11620,관악구,83
S20699,그 외 기타 개인/가정용품 수리업,11,서울특별시,11650,서초구,71
S20699,그 외 기타 개인/가정용품 수리업,11,서울특별시,11680,강남구,91
S20699,그 외 기타 개인/가정용품 수리업,11,서울특별시,11710,송파구,108
S20699,그 외 기타 개인/가정용품 수리업,11,서울특별시,11740,강동구,70
S20701,미용실,11,서울특별시,11110,종로구,305
S20701,미용실,11,서울특별시,11140,중구,361
S20701,미용실,11,서울특별시,11170,용산구,424
S20701,미용실,11,서울특별시,11200,성동구,611
S20701,미용실,11,서울특별시,11215,광진구,836
S20701,미용실,11,서울특별시,11230,동대문구,710
S20701,미용실,11,서울특별시,11260,중랑구,855
S20701,미용실,11,서울특별시,11290,성북구,839
S20701,미용실,11,서울특별시,11305,강북구,723
S20701,미용실,11,서울특별시,11320,도봉구,619
S20701,미용실,11,서울특별시,11350,노원구,807
S20701,미용실,11,서울특별시,11380,은평구,958
S20701,미용실,11,서울특별시,11410,서대문구,589
S20701,미용실,11,서울특별시,11440,마포구,1181
S20701,미용실,11,서울특별시,11470,양천구,844
S20701,미용실,11,서울특별시,11500,강서구,1169
S20701,미용실,11,서울특별시,11530,구로구,747
S20701,미용실,11,서울특별시,11545,금천구,510
S20701,미용실,11,서울특별시,11560,영등포구,818
S20701,미용실,11,서울특별시,11590,동작구,673
S20701,미용실,11,서울특별시,11620,관악구,981
S20701,미용실,11,서울특별시,11650,서초구,762
S20701,미용실,11,서울특별시,11680,강남구,1654
S20701,미용실,11,서울특별시,11710,송파구,1277
S20701,미용실,11,서울특별시,11740,강동구,1025
S20702,피부 관리실,11,서울특별시,11110,종로구,94
S20702,피부 관리실,11,서울특별시,11140,중구,140
S20702,피부 관리실,11,서울특별시,11170,용산구,131
S20702,피부 관리실,11,서울특별시,11200,성동구,182
S20702,피부 관리실,11,서울특별시,11215,광진구,262
S20702,피부 관리실,11,서울특별시,11230,동대문구,200
S20702,피부 관리실,11,서울특별시,11260,중랑구,231
S20702,피부 관리실,11,서울특별시,11290,성북구,215
S20702,피부 관리실,11,서울특별시,11305,강북구,190
S20702,피부 관리실,11,서울특별시,11320,도봉구,117
S20702,피부 관리실,11,서울특별시,11350,노원구,224
S20702,피부 관리실,11,서울특별시,11380,은평구,205
S20702,피부 관리실,11,서울특별시,11410,서대문구,135
S20702,피부 관리실,11,서울특별시,11440,마포구,465
S20702,피부 관리실,11,서울특별시,11470,양천구,227
S20702,피부 관리실,11,서울특별시,11500,강서구,518
S20702,피부 관리실,11,서울특별시,11530,구로구,188
S20702,피부 관리실,11,서울특별시,11545,금천구,120
S20702,피부 관리실,11,서울특별시,11560,영등포구,293
S20702,피부 관리실,11,서울특별시,11590,동작구,191
S20702,피부 관리실,11,서울특별시,11620,관악구,282
S20702,피부 관리실,11,서울특별시,11650,서초구,411
S20702,피부 관리실,11,서울특별시,11680,강남구,932
S20702,피부 관리실,11,서울특별시,11710,송파구,542
S20702,피부 관리실,11,서울특별시,11740,강동구,275
S20703,네일숍,11,서울특별시,11110,종로구,76
S20703,네일숍,11,서울특별시,11140,중구,92
S20703,네일숍,11,서울특별시,11170,용산구,97
S20703,네일숍,11,서울특별시,11200,성동구,151
S20703,네일숍,11,서울특별시,11215,광진구,228
S20703,네일숍,11,서울특별시,11230,동대문구,145
S20703,네일숍,11,서울특별시,11260,중랑구,192
S20703,네일숍,11,서울특별시,11290,성북구,155
S20703,네일숍,11,서울특별시,11305,강북구,160
S20703,네일숍,11,서울특별시,11320,도봉구,120
S20703,네일숍,11,서울특별시,11350,노원구,182
S20703,네일숍,11,서울특별시,11380,은평구,188
S20703,네일숍,11,서울특별시,11410,서대문구,110
S20703,네일숍,11,서울특별시,11440,마포구,382
S20703,네일숍,11,서울특별시,11470,양천구,172
S20703,네일숍,11,서울특별시,11500,강서구,332
S20703,네일숍,11,서울특별시,11530,구로구,163
S20703,네일숍,11,서울특별시,11545,금천구,98
S20703,네일숍,11,서울특별시,11560,영등포구,183
S20703,네일숍,11,서울특별시,11590,동작구,147
S20703,네일숍,11,서울특별시,11620,관악구,244
S20703,네일숍,11,서울특별시,11650,서초구,203
S20703,네일숍,11,서울특별시,11680,강남구,453
S20703,네일숍,11,서울특별시,11710,송파구,344
S20703,네일숍,11,서울특별시,11740,강동구,222
S20801,목욕탕/사우나,11,서울특별시,11110,종로구,14
S20801,목욕탕/사우나,11,서울특별시,11140,중구,24
S20801,목욕탕/사우나,11,서울특별시,11170,용산구,17
S20801,목욕탕/사우나,11,서울특별시,11200,성동구,10
S20801,목욕탕/사우나,11,서울특별시,11215,광진구,22
S20801,목욕탕/사우나,11,서울특별시,11230,동대문구,20
S20801,목욕탕/사우나,11,서울특별시,11260,중랑구,15
S20801,목욕탕/사우나,11,서울특별시,11290,성북구,23
S20801,목욕탕/사우나,11,서울특별시,11305,강북구,23
S20801,목욕탕/사우나,11,서울특별시,11320,도봉구,18
S20801,목욕탕/사우나,11,서울특별시,11350,노원구,17
S20801,목욕탕/사우나,11,서울특별시,11380,은평구,20
S20801,목욕탕/사우나,11,서울특별시,11410,서대문구,13
S20801,목욕탕/사우나,11,서울특별시,11440,마포구,19
S20801,목욕탕/사우나,11,서울특별시,11470,양천구,20
S20801,목욕탕/사우나,11,서울특별시,11500,강서구,40
S20801,목욕탕/사우나,11,서울특별시,11530,구로구,24
S20801,목욕탕/사우나,11,서울특별시,11545,금천구,13
S20801,목욕탕/사우나,11,서울특별시,11560,영등포구,26
S20801,목욕탕/사우나,11,서울특별시,11590,동작구,15
S20801,목욕탕/사우나,11,서울특별시,11620,관악구,20
S20801,목욕탕/사우나,11,서울특별시,11650,서초구,24
S20801,목욕탕/사우나,11,서울특별시,11680,강남구,43
S20801,목욕탕/사우나,11,서울특별시,11710,송파구,28
S20801,목욕탕/사우나,11,서울특별시,11740,강동구,21
S20802,마사지/안마,11,서울특별시,11110,종로구,32
S20802,마사지/안마,11,서울특별시,11140,중구,41
S20802,마사지/안마,11,서울특별시,11170,용산구,19
S20802,마사지/안마,11,서울특별시,11200,성동구,22
S20802,마사지/안마,11,서울특별시,11215,광진구,40
S20802,마사지/안마,11,서울특별시,11230,동대문구,26
S20802,마사지/안마,11,서울특별시,11260,중랑구,25
S20802,마사지/안마,11,서울특별시,11290,성북구,25
S20802,마사지/안마,11,서울특별시,11305,강북구,33
S20802,마사지/안마,11,서울특별시,11320,도봉구,32
S20802,마사지/안마,11,서울특별시,11350,노원구,33
S20802,마사지/안마,11,서울특별시,11380,은평구,31
S20802,마사지/안마,11,서울특별시,11410,서대문구,18
S20802,마사지/안마,11,서울특별시,11440,마포구,46
S20802,마사지/안마,11,서울특별시,11470,양천구,32
S20802,마사지/안마,11,서울특별시,11500,강서구,61
S20802,마사지/안마,11,서울특별시,11530,구로구,42
S20802,마사지/안마,11,서울특별시,11545,금천구,19
S20802,마사지/안마,11,서울특별시,11560,영등포구,64
S20802,마사지/안마,11,서울특별시,11590,동작구,30
S20802,마사지/안마,11,서울특별시,11620,관악구,42
S20802,마사지/안마,11,서울특별시,11650,서초구,54
S20802,마사지/안마,11,서울특별시,11680,강남구,93
S20802,마사지/안마,11,서울특별시,11710,송파구,82
S20802,마사지/안마,11,서울특별시,11740,강동구,58
S20803,체형/비만 관리,11,서울특별시,11110,종로구,22
S20803,체형/비만 관리,11,서울특별시,11140,중구,14
S20803,체형/비만 관리,11,서울특별시,11170,용산구,11
S20803,체형/비만 관리,11,서울특별시,11200,성동구,10
S20803,체형/비만 관리,11,서울특별시,11215,광진구,40
S20803,체형/비만 관리,11,서울특별시,11230,동대문구,26
S20803,체형/비만 관리,11,서울특별시,11260,중랑구,21
S20803,체형/비만 관리,11,서울특별시,11290,성북구,15
S20803,체형/비만 관리,11,서울특별시,11305,강북구,17
S20803,체형/비만 관리,11,서울특별시,11320,도봉구,20
S20803,체형/비만 관리,11,서울특별시,11350,노원구,18
S20803,체형/비만 관리,11,서울특별시,11380,은평구,23
S20803,체형/비만 관리,11,서울특별시,11410,서대문구,14
S20803,체형/비만 관리,11,서울특별시,11440,마포구,21
S20803,체형/비만 관리,11,서울특별시,11470,양천구,22
S20803,체형/비만 관리,11,서울특별시,11500,강서구,91
S20803,체형/비만 관리,11,서울특별시,11530,구로구,63
S20803,체형/비만 관리,11,서울특별시,11545,금천구,33
S20803,체형/비만 관리,11,서울특별시,11560,영등포구,86
S20803,체형/비만 관리,11,서울특별시,11590,동작구,20
S20803,체형/비만 관리,11,서울특별시,11620,관악구,39
S20803,체형/비만 관리,11,서울특별시,11650,서초구,53
S20803,체형/비만 관리,11,서울특별시,11680,강남구,121
S20803,체형/비만 관리,11,서울특별시,11710,송파구,67
S20803,체형/비만 관리,11,서울특별시,11740,강동구,30
S20901,세탁소,11,서울특별시,11110,종로구,81
S20901,세탁소,11,서울특별시,11140,중구,51
S20901,세탁소,11,서울특별시,11170,용산구,89
S20901,세탁소,11,서울특별시,11200,성동구,123
S20901,세탁소,11,서울특별시,11215,광진구,158
S20901,세탁소,11,서울특별시,11230,동대문구,152
S20901,세탁소,11,서울특별시,11260,중랑구,157
S20901,세탁소,11,서울특별시,11290,성북구,175
S20901,세탁소,11,서울특별시,11305,강북구,102
S20901,세탁소,11,서울특별시,11320,도봉구,87
S20901,세탁소,11,서울특별시,11350,노원구,125
S20901,세탁소,11,서울특별시,11380,은평구,165
S20901,세탁소,11,서울특별시,11410,서대문구,132
S20901,세탁소,11,서울특별시,11440,마포구,161
S20901,세탁소,11,서울특별시,11470,양천구,149
S20901,세탁소,11,서울특별시,11500,강서구,232
S20901,세탁소,11,서울특별시,11530,구로구,132
S20901,세탁소,11,서울특별시,11545,금천구,103
S20901,세탁소,11,서울특별시,11560,영등포구,132
S20901,세탁소,11,서울특별시,11590,동작구,146
S20901,세탁소,11,서울특별시,11620,관악구,269
S20901,세탁소,11,서울특별시,11650,서초구,193
S20901,세탁소,11,서울특별시,11680,강남구,307
S20901,세탁소,11,서울특별시,11710,송파구,285
S20901,세탁소,11,서울특별시,11740,강동구,163
S20902,셀프 빨래방,11,서울특별시,11110,종로구,9
S20902,셀프 빨래방,11,서울특별시,11140,중구,16
S20902,셀프 빨래방,11,서울특별시,11170,용산구,17
S20902,셀프 빨래방,11,서울특별시,11200,성동구,20
S20902,셀프 빨래방,11,서울특별시,11215,광진구,40
S20902,셀프 빨래방,11,서울특별시,11230,동대문구,48
S20902,셀프 빨래방,11,서울특별시,11260,중랑구,53
S20902,셀프 빨래방,11,서울특별시,11290,성북구,35
S20902,셀프 빨래방,11,서울특별시,11305,강북구,24
S20902,셀프 빨래방,11,서울특별시,11320,도봉구,31
S20902,셀프 빨래방,11,서울특별시,11350,노원구,29
S20902,셀프 빨래방,11,서울특별시,11380,은평구,36
S20902,셀프 빨래방,11,서울특별시,11410,서대문구,29
S20902,셀프 빨래방,11,서울특별시,11440,마포구,47
S20902,셀프 빨래방,11,서울특별시,11470,양천구,26
S20902,셀프 빨래방,11,서울특별시,11500,강서구,56
S20902,셀프 빨래방,11,서울특별시,11530,구로구,22
S20902,셀프 빨래방,11,서울특별시,11545,금천구,28
S20902,셀프 빨래방,11,서울특별시,11560,영등포구,43
S20902,셀프 빨래방,11,서울특별시,11590,동작구,40
S20902,셀프 빨래방,11,서울특별시,11620,관악구,81
S20902,셀프 빨래방,11,서울특별시,11650,서초구,31
S20902,셀프 빨래방,11,서울특별시,11680,강남구,26
S20902,셀프 빨래방,11,서울특별시,11710,송파구,43
S20902,셀프 빨래방,11,서울특별시,11740,강동구,41
S21001,장례식장,11,서울특별시,11110,종로구,12
S21001,장례식장,11,서울특별시,11140,중구,16
S21001,장례식장,11,서울특별시,11170,용산구,7
S21001,장례식장,11,서울특별시,11200,성동구,7
S21001,장례식장,11,서울특별시,11215,광진구,16
S21001,장례식장,11,서울특별시,11230,동대문구,19
S21001,장례식장,11,서울특별시,11260,중랑구,22
S21001,장례식장,11,서울특별시,11290,성북구,13
S21001,장례식장,11,서울특별시,11305,강북구,9
S21001,장례식장,11,서울특별시,11320,도봉구,8
S21001,장례식장,11,서울특별시,11350,노원구,18
S21001,장례식장,11,서울특별시,11380,은평구,17
S21001,장례식장,11,서울특별시,11410,서대문구,11
S21001,장례식장,11,서울특별시,11440,마포구,16
S21001,장례식장,11,서울특별시,11470,양천구,15
S21001,장례식장,11,서울특별시,11500,강서구,17
S21001,장례식장,11,서울특별시,11530,구로구,17
S21001,장례식장,11,서울특별시,11545,금천구,28
S21001,장례식장,11,서울특별시,11560,영등포구,39
S21001,장례식장,11,서울특별시,11590,동작구,8
S21001,장례식장,11,서울특별시,11620,관악구,13
S21001,장례식장,11,서울특별시,11650,서초구,18
S21001,장례식장,11,서울특별시,11680,강남구,27
S21001,장례식장,11,서울특별시,11710,송파구,25
S21001,장례식장,11,서울특별시,11740,강동구,22
S21002,화장터/묘지/납골당,11,서울특별시,11110,종로구,4
S21002,화장터/묘지/납골당,11,서울특별시,11140,중구,5
S21002,화장터/묘지/납골당,11,서울특별시,11170,용산구,1
S21002,화장터/묘지/납골당,11,서울특별시,11215,광진구,1
S21002,화장터/묘지/납골당,11,서울특별시,11260,중랑구,1
S21002,화장터/묘지/납골당,11,서울특별시,11305,강북구,3
S21002,화장터/묘지/납골당,11,서울특별시,11380,은평구,1
S21002,화장터/묘지/납골당,11,서울특별시,11410,서대문구,1
S21002,화장터/묘지/납골당,11,서울특별시,11440,마포구,4
S21002,화장터/묘지/납골당,11,서울특별시,11470,양천구,1
S21002,화장터/묘지/납골당,11,서울특별시,11500,강서구,4
S21002,화장터/묘지/납골당,11,서울특별시,11530,구로구,3
S21002,화장터/묘지/납골당,11,서울특별시,11560,영등포구,6
S21002,화장터/묘지/납골당,11,서울특별시,11590,동작구,1
S21002,화장터/묘지/납골당,11,서울특별시,11650,서초구,4
S21002,화장터/묘지/납골당,11,서울특별시,11680,강남구,5
S21002,화장터/묘지/납골당,11,서울특별시,11710,송파구,9
S21002,화장터/묘지/납골당,11,서울특별시,11740,강동구,3
S21101,예식장업,11,서울특별시,11110,종로구,6
S21101,예식장업,11,서울특별시,11140,중구,5
S21101,예식장업,11,서울특별시,11170,용산구,6
S21101,예식장업,11,서울특별시,11200,성동구,3
S21101,예식장업,11,서울특별시,11215,광진구,7
S21101,예식장업,11,서울특별시,11230,동대문구,3
S21101,예식장업,11,서울특별시,11290,성북구,4
S21101,예식장업,11,서울특별시,11305,강북구,2
S21101,예식장업,11,서울특별시,11320,도봉구,1
S21101,예식장업,11,서울특별시,11350,노원구,3
S21101,예식장업,11,서울특별시,11440,마포구,11
S21101,예식장업,11,서울특별시,11470,양천구,2
S21101,예식장업,11,서울특별시,11500,강서구,6
S21101,예식장업,11,서울특별시,11530,구로구,5
S21101,예식장업,11,서울특별시,11545,금천구,1
S21101,예식장업,11,서울특별시,11560,영등포구,12
S21101,예식장업,11,서울특별시,11590,동작구,1
S21101,예식장업,11,서울특별시,11620,관악구,3
S21101,예식장업,11,서울특별시,11650,서초구,12
S21101,예식장업,11,서울특별시,11680,강남구,51
S21101,예식장업,11,서울특별시,11710,송파구,10
S21101,예식장업,11,서울특별시,11740,강동구,1
S21105,결혼 상담 서비스업,11,서울특별시,11110,종로구,20
S21105,결혼 상담 서비스업,11,서울특별시,11140,중구,15
S21105,결혼 상담 서비스업,11,서울특별시,11170,용산구,4
S21105,결혼 상담 서비스업,11,서울특별시,11200,성동구,14
S21105,결혼 상담 서비스업,11,서울특별시,11215,광진구,8
S21105,결혼 상담 서비스업,11,서울특별시,11230,동대문구,2
S21105,결혼 상담 서비스업,11,서울특별시,11260,중랑구,5
S21105,결혼 상담 서비스업,11,서울특별시,11290,성북구,4
S21105,결혼 상담 서비스업,11,서울특별시,11305,강북구,5
S21105,결혼 상담 서비스업,11,서울특별시,11320,도봉구,6
S21105,결혼 상담 서비스업,11,서울특별시,11350,노원구,9
S21105,결혼 상담 서비스업,11,서울특별시,11380,은평구,3
S21105,결혼 상담 서비스업,11,서울특별시,11410,서대문구,2
S21105,결혼 상담 서비스업,11,서울특별시,11440,마포구,17
S21105,결혼 상담 서비스업,11,서울특별시,11470,양천구,6
S21105,결혼 상담 서비스업,11,서울특별시,11500,강서구,18
S21105,결혼 상담 서비스업,11,서울특별시,11530,구로구,16
S21105,결혼 상담 서비스업,11,서울특별시,11545,금천구,13
S21105,결혼 상담 서비스업,11,서울특별시,11560,영등포구,21
S21105,결혼 상담 서비스업,11,서울특별시,11590,동작구,7
S21105,결혼 상담 서비스업,11,서울특별시,11620,관악구,8
S21105,결혼 상담 서비스업,11,서울특별시,11650,서초구,62
S21105,결혼 상담 서비스업,11,서울특별시,11680,강남구,190
S21105,결혼 상담 서비스업,11,서울특별시,11710,송파구,25
S21105,결혼 상담 서비스업,11,서울특별시,11740,강동구,7
